date,prev_18_23_rain_sum,rain_00_01_sum,min_temp_02_04,temp_drop_to_04,humidity_05_06_mean,wind_05_06_mean,cloud_05_06_mean,rain_05_06_sum,dew_spread_05_06,cloud_06_08_mean,rain_06_08_sum,wind_06_08_mean,hours_since_rain_at_06,visibility_05_06_mean,visibility_05_06_min,visibility_06_08_mean,visibility_06_08_min,visibility_change_06_08,fog_code_hours_05_08,rain_code_hours_06_08,temp_05_08_mean,humidity_05_08_mean,wind_05_08_mean,cloud_05_08_mean,rain_05_08_mean,month,day_of_year_sin,day_of_year_cos,season,castle_visible
2017-09-01,0.0,0.0,14.5,3.8000000000000007,95.0,7.85,0.0,0.0,0.7927035631226893,0.0,0.0,7.133333333333333,24.0,,,,,,0,0,16.975,88.75,7.249999999999999,0.0,0.0,9,-0.8702939222685674,-0.49253272872205434,2017-2018,0
2017-09-02,0.0,0.0,18.1,1.9166666666666643,86.5,5.5,0.5,0.0,2.2772309345544866,1.3333333333333333,0.0,5.133333333333334,24.0,,,,,,0,0,18.675,84.5,5.225,1.0,0.0,9,-0.8786374941610001,-0.4774894280028391,2017-2018,0
2017-09-03,0.0,0.0,15.2,2.9666666666666686,90.5,4.0,50.5,0.0,1.545926330146978,70.66666666666667,0.0,4.866666666666666,24.0,,,,,,0,0,17.0,84.0,4.65,70.0,0.0,9,-0.886721063082993,-0.46230483047981086,2017-2018,0
2017-09-04,0.0,0.0,14.0,3.916666666666668,92.5,6.9,95.5,0.0,1.202919582365471,95.66666666666667,0.0,4.3999999999999995,24.0,,,,,,0,0,16.325000000000003,87.25,5.075,96.5,0.0,9,-0.8945422369764496,-0.4469834295196741,2017-2018,0
2017-09-05,0.0,0.0,15.2,4.766666666666666,90.0,8.2,93.0,0.0,1.6444301988924668,98.0,0.0,6.533333333333334,24.0,,,,,,0,0,18.575000000000003,85.0,6.949999999999999,96.25,0.0,9,-0.9020987014301837,-0.43152975897147144,2017-2018,0
2017-09-06,4.1,3.9,21.0,0.7333333333333343,89.0,4.9,100.0,4.5,1.884533275044106,100.0,4.0,9.466666666666667,0.0,,,,,,0,3,21.35,88.5,8.5,100.0,1.4,9,-0.9093882203647925,-0.4159483918249421,2017-2018,0
2017-09-07,3.5000000000000004,0.0,22.3,0.16666666666666785,93.0,9.149999999999999,99.5,1.3,1.1883339094305114,100.0,3.0,9.4,0.0,,,,,,0,3,22.875,92.75,9.349999999999998,99.75,0.875,9,-0.9164086366943458,-0.4002439388573056,2017-2018,0
2017-09-08,2.9000000000000004,0.2,20.2,1.8999999999999986,96.5,10.399999999999999,99.5,4.9,0.5744258185477165,61.666666666666664,2.2,7.733333333333334,0.0,,,,,,0,2,20.275,94.75,8.975,71.0,1.3250000000000002,9,-0.9231578729647039,-0.38442104726885545,2017-2018,0
2017-09-09,0.0,0.0,16.9,2.5166666666666693,96.0,5.050000000000001,14.5,0.0,0.6408513078298839,9.0,0.0,3.6999999999999997,23.0,,,,,,0,0,18.6,89.25,4.0,10.75,0.0,9,-0.9296339319682695,-0.3684843993077793,2017-2018,1
2017-09-10,0.0,0.0,20.0,1.7666666666666693,92.0,8.45,3.5,0.0,1.3399512195821046,5.333333333333333,0.0,8.233333333333333,24.0,,,,,,0,0,21.425,86.5,8.399999999999999,5.0,0.0,9,-0.9358348973349941,-0.35243871088460327,2017-2018,0
2017-09-11,0.0,0.0,21.1,0.48333333333333073,85.0,10.5,100.0,0.2,2.6376160141297333,100.0,0.4,13.299999999999999,0.0,,,,,,0,2,22.450000000000003,84.25,12.6,100.0,0.1,9,-0.9417589340994617,-0.33628873017668287,2017-2018,0
2017-09-12,3.1000000000000005,3.4000000000000004,23.0,-0.09999999999999787,90.5,10.8,99.5,9.8,1.647772623587521,100.0,24.1,5.333333333333333,0.0,,,,,,0,3,23.375,93.25,7.25,99.75,7.275,9,-0.9474042892438845,-0.32003923622313857,2017-2018,0
2017-09-13,0.3,0.2,20.3,1.1000000000000014,99.0,4.65,100.0,0.0,0.16242181640302888,100.0,0.0,3.8000000000000003,2.0,,,,,,0,0,20.375,97.0,4.025,100.0,0.0,9,-0.9527692922168511,-0.30369503751065885,2017-2018,0
2017-09-14,0.0,0.0,18.2,2.5,99.5,2.45,100.0,0.0,0.08029480240962172,71.0,0.0,2.9333333333333336,24.0,,,,,,0,0,19.375,96.0,2.95,78.25,0.0,9,-0.9578523554276669,-0.28726097055059635,2017-2018,0
2017-09-15,0.0,0.0,13.9,1.883333333333331,84.5,3.95,100.0,0.0,2.578657894995864,99.0,0.0,4.6,24.0,,,,,,0,0,15.500000000000002,82.5,4.449999999999999,99.25,0.0,9,-0.9626519747161487,-0.2707418984477642,2017-2018,0
2017-09-16,0.0,0.0,15.6,1.2333333333333325,88.0,6.6,100.0,0.0,1.9940151269183009,100.0,0.1,5.766666666666667,24.0,,,,,,0,1,17.8,85.25,5.9750000000000005,100.0,0.025,9,-0.9671667297977312,-0.2541427094613622,2017-2018,0
2017-09-17,5.3,0.0,17.0,1.4499999999999993,94.0,6.7,96.0,0.0,0.9731128949217869,93.0,0.0,7.133333333333333,8.0,,,,,,0,0,18.425,91.25,6.95,93.75,0.0,9,-0.97139528468375,-0.23746831555846842,2017-2018,0
2017-09-18,16.599999999999998,14.2,20.3,3.4999999999999964,96.5,15.3,100.0,1.4,0.5739897016065569,94.66666666666667,3.6,14.766666666666666,0.0,,,,,,0,3,19.925,97.0,15.225000000000001,96.0,1.1,9,-0.9753363880767837,-0.2207236509605022,2017-2018,0
2017-09-19,0.0,0.0,14.7,3.9166666666666643,93.0,7.15,22.0,0.0,1.1188014083291815,6.0,0.0,7.0,15.0,,,,,,0,0,17.125,87.75,6.875000000000001,13.25,0.0,9,-0.9789888737409319,-0.20391367068311472,2017-2018,0
2017-09-20,0.0,0.0,16.7,2.066666666666663,88.5,7.7,98.0,0.0,1.9165477742240657,96.33333333333333,0.0,7.599999999999999,24.0,,,,,,0,0,19.225,84.5,7.550000000000001,97.25,0.0,9,-0.9823516608469237,-0.18704334906991657,2017-2018,0
2017-09-21,3.5000000000000004,0.5,17.7,0.7333333333333343,82.0,3.6500000000000004,46.5,0.30000000000000004,3.1167999477655624,42.666666666666664,0.1,2.4,0.0,,,,,,0,1,18.05,84.25,2.7250000000000005,44.75,0.07500000000000001,9,-0.9854237542919524,-0.17011767832049052,2017-2018,0
2017-09-22,0.0,0.0,13.2,4.116666666666667,89.0,9.25,89.0,0.0,1.7960149902720186,93.0,0.0,8.566666666666666,24.0,,,,,,0,0,16.799999999999997,83.75,8.75,90.75,0.0,9,-0.9882042449941422,-0.15314166701312007,2017-2018,0
2017-09-23,0.30000000000000004,0.6,17.1,3.283333333333335,91.0,2.8,27.5,0.0,1.48827541230715,47.333333333333336,0.0,2.966666666666667,5.0,,,,,,0,0,18.950000000000003,88.0,2.925,44.25,0.0,9,-0.9906923101615609,-0.13612033862266704,2017-2018,0
2017-09-24,0.0,0.0,16.5,2.9833333333333343,97.5,4.449999999999999,90.0,0.0,0.3932490885212392,51.0,0.0,3.4,19.0,,,,,,0,0,16.55,93.5,3.5749999999999997,63.25,0.0,9,-0.9928872135356962,-0.11905873003404988,2017-2018,0
2017-09-25,0.0,0.0,12.2,5.166666666666664,91.5,7.65,0.0,0.0,1.3391672351960224,0.0,0.0,6.133333333333334,24.0,,,,,,0,0,14.825,85.25,6.575,0.0,0.0,9,-0.994788305609327,-0.10196189005174576,2017-2018,0
2017-09-26,0.0,0.0,14.4,3.783333333333333,84.5,11.0,22.5,0.0,2.569694149850225,7.666666666666667,0.0,8.8,24.0,,,,,,0,0,16.25,81.25,9.35,12.25,0.0,9,-0.9963950238187231,-0.08483487790576538,2017-2018,0
2017-09-27,0.0,0.0,20.6,-0.8333333333333357,85.0,12.75,84.0,0.0,2.6148852644504217,98.0,0.0,14.133333333333335,24.0,,,,,,0,0,21.175,84.25,13.774999999999999,91.25,0.0,9,-0.9977068927101168,-0.06768276175455162,2017-2018,0
2017-09-28,7.7,3.7,18.7,1.1000000000000014,97.5,4.75,100.0,7.5,0.40474857981097756,100.0,22.6,5.1000000000000005,0.0,,,,,,0,3,18.8,96.75,4.45,100.0,6.05,9,-0.9987235240803972,-0.050510617185222886,2017-2018,0
2017-09-29,0.0,0.0,11.3,2.349999999999998,86.5,5.25,12.0,0.0,2.1586875658614346,31.333333333333332,0.0,5.133333333333334,18.0,,,,,,0,0,12.9,81.25,5.125,23.5,0.0,9,-0.9994446170919858,-0.033323525711631344,2017-2018,1
2017-09-30,0.0,0.0,16.9,0.41666666666666785,83.0,3.7,64.0,0.0,2.8355594161972917,25.666666666666668,0.0,2.4,13.0,,,,,,0,0,15.375,79.75,2.6999999999999997,34.5,0.0,9,-0.9998699583618592,-0.016126573270657762,2017-2018,0
2017-10-01,0.0,0.0,10.5,5.116666666666667,80.5,7.5,0.0,0.0,3.1962822646871905,27.666666666666668,0.0,9.233333333333334,24.0,,,,,,0,0,12.075,76.25,8.575,20.75,0.0,10,-0.9999994220246925,0.001075151282798226,2017-2018,0
2017-10-02,0.3,0.0,19.2,0.10000000000000142,85.0,13.7,100.0,0.0,2.5902883974544935,100.0,0.4,16.0,9.0,,,,,,0,2,19.975,84.25,15.15,100.0,0.1,10,-0.999832969770105,0.018276557681691223,2017-2018,0
2017-10-03,18.8,1.1,19.1,-0.13333333333333286,95.0,4.6,100.0,0.2,0.8212120206984963,100.0,0.5,1.8,1.0,,,,,,0,2,19.7,94.25,2.8499999999999996,100.0,0.17500000000000002,10,-0.9993706508539969,0.03547255575312556,2017-2018,0
2017-10-04,0.0,0.0,13.6,2.2166666666666686,76.5,9.0,95.5,0.0,4.033490990830471,94.66666666666667,0.0,9.366666666666665,18.0,,,,,,0,0,13.049999999999999,75.25,9.325,94.75,0.0,10,-0.9986126020839734,0.052658056924614005,2017-2018,0
2017-10-05,0.0,0.0,8.5,2.549999999999999,83.0,4.75,99.0,0.0,2.7224690511426033,98.0,0.0,3.9333333333333336,24.0,,,,,,0,0,10.274999999999999,77.5,4.175,98.25,0.0,10,-0.9975590477788613,0.06982797572987089,2017-2018,0
2017-10-06,0.0,0.0,15.7,-0.6500000000000004,69.0,10.55,100.0,0.1,5.68075447434008,100.0,0.1,9.066666666666666,0.0,,,,,,0,1,16.0,70.25,9.65,100.0,0.025,10,-0.9962102997023297,0.0869772313136861,2017-2018,0
2017-10-07,27.0,0.5,16.4,-0.9999999999999982,86.5,2.45,93.0,0.1,2.2746205086751754,52.0,0.30000000000000004,3.0666666666666664,0.0,,,,,,0,3,17.675,87.0,2.9499999999999997,63.25,0.07500000000000001,10,-0.9945667569706337,0.1041007489354256,2017-2018,0
2017-10-08,0.0,0.0,16.0,2.3166666666666664,98.0,4.1,26.0,0.0,0.3153553415401902,74.33333333333333,0.0,2.433333333333333,13.0,,,,,,0,0,16.45,97.5,3.175,63.0,0.0,10,-0.9926289059345095,0.121193461470736,2017-2018,0
2017-10-09,0.0,0.0,17.6,1.4166666666666643,94.0,6.699999999999999,5.5,0.0,0.9787236755742938,10.0,0.0,7.566666666666666,24.0,,,,,,0,0,19.4,90.25,7.25,8.0,0.0,10,-0.9903973200352558,0.1382503109109819,2017-2018,0
2017-10-10,0.0,0.0,16.8,2.8166666666666664,92.5,3.5,21.0,0.0,1.2258475437117884,11.666666666666666,0.0,3.566666666666667,24.0,,,,,,0,0,18.725,88.25,3.45,15.0,0.0,10,-0.9878726596350429,0.15526624985999563,2017-2018,0
2017-10-11,0.0,0.0,16.3,2.4833333333333343,78.5,3.45,1.0,0.0,3.758825524352476,4.0,0.0,3.8333333333333335,24.0,,,,,,0,0,18.275,79.75,3.7,3.25,0.0,10,-0.9850556718215013,0.172236243027682,2017-2018,0
2017-10-12,0.0,0.1,18.2,1.8500000000000014,97.0,7.199999999999999,100.0,1.6,0.48400832245674863,100.0,1.0,7.866666666666667,0.0,,,,,,0,3,18.0,97.75,7.85,100.0,0.525,10,-0.981947190186646,0.18915526872004093,2017-2018,0
2017-10-13,2.0000000000000004,1.1,12.3,2.7499999999999982,93.0,6.15,100.0,0.4,1.111876511936023,100.0,1.4,5.933333333333333,0.0,,,,,,0,3,13.8,92.5,6.025,100.0,0.4,10,-0.9785481345802031,0.20601832032517084,2017-2018,0
2017-10-14,0.0,0.0,15.3,-0.40000000000000213,88.0,2.25,98.0,0.0,1.9886603128623026,98.0,0.0,2.1666666666666665,20.0,,,,,,0,0,16.775,87.0,2.0,98.5,0.0,10,-0.9748595108374125,0.22282040779479959,2017-2018,0
2017-10-15,0.0,0.0,14.3,2.549999999999997,95.0,6.199999999999999,100.0,0.0,0.7893285470065194,100.0,0.1,6.633333333333333,13.0,,,,,,0,1,14.4,91.75,6.624999999999999,100.0,0.025,10,-0.9708824104813836,0.23955655912092708,2017-2018,0
2017-10-16,0.6000000000000001,1.3,13.7,1.0833333333333321,89.5,1.7000000000000002,100.0,1.4,1.6963908707995756,100.0,3.3,2.233333333333333,0.0,,,,,,0,3,13.975,90.5,2.075,100.0,1.0,10,-0.9666180104000972,0.2562218218071163,2017-2018,0
2017-10-17,0.1,0.2,13.5,0.9500000000000011,75.0,3.65,74.5,0.0,4.333327877389474,64.66666666666667,0.0,4.7,5.0,,,,,,0,0,13.425,76.75,4.35,73.5,0.0,10,-0.9620675724981452,0.27281126433401914,2017-2018,0
2017-10-18,0.0,0.0,7.0,4.4499999999999975,98.0,7.550000000000001,11.0,0.0,0.2925188124707878,1.6666666666666667,0.0,6.333333333333333,24.0,,,,,,0,0,8.4,89.75,6.675000000000001,6.5,0.0,10,-0.957232443323312,0.28931997761869527,2017-2018,0
2017-10-19,1.2000000000000002,1.6,13.0,1.3166666666666682,87.0,4.6,100.0,3.4,2.1038368128674083,100.0,4.0,6.166666666666667,0.0,,,,,,0,3,12.425,87.75,5.35,100.0,1.2750000000000001,10,-0.9521140536681102,0.3057430764672831,2017-2018,0
2017-10-20,0.4,0.4,13.3,0.08333333333333215,90.0,2.4,100.0,0.6,1.6136094584661276,100.0,0.1,3.6,0.0,,,,,,0,1,14.3,86.75,3.1500000000000004,100.0,0.15,10,-0.9467139181463862,0.3220757010206104,2017-2018,0
2017-10-21,0.0,0.0,13.3,1.5166666666666675,91.5,3.1500000000000004,100.0,0.0,1.3739877141220411,100.0,0.1,2.733333333333333,24.0,,,,,,0,1,15.475,90.0,2.725,100.0,0.025,10,-0.9410336347451197,0.3383130181923076,2017-2018,0
2017-10-22,0.8999999999999999,0.6000000000000001,16.1,0.13333333333333286,91.0,3.05,100.0,4.1,1.472947534111281,100.0,7.199999999999999,2.5666666666666664,0.0,,,,,,0,3,16.175,92.25,2.5,100.0,2.3499999999999996,10,-0.9350748843515574,0.3544502230989869,2017-2018,0
2017-10-23,35.4,19.8,12.5,3.8500000000000014,92.0,30.25,100.0,9.4,1.2584024160467102,99.0,9.600000000000001,29.933333333333337,0.0,,,,,,0,3,11.575000000000001,92.5,29.625,99.25,3.875,10,-0.9288394302558068,0.3704825404820963,2017-2018,0
2017-10-24,0.0,0.0,8.5,2.549999999999999,91.0,2.5,98.5,0.0,1.3848329127285242,98.33333333333333,0.0,2.3666666666666667,13.0,,,,,,0,0,9.424999999999999,87.25,2.5,98.75,0.0,10,-0.9223291176290545,0.3864052261209853,2017-2018,0
2017-10-25,3.4,1.9,12.4,0.45000000000000107,92.0,3.3499999999999996,100.0,4.800000000000001,1.2643191449756088,100.0,7.6000000000000005,2.766666666666667,0.0,,,,,,0,3,12.6,92.5,2.9,100.0,2.55,10,-0.9155458729775467,0.40221356823680365,2017-2018,0
2017-10-26,0.0,0.0,7.7,2.666666666666667,94.0,6.0,57.5,0.0,0.9063158541342116,23.666666666666668,0.0,4.366666666666666,16.0,,,,,,0,0,9.1,90.0,5.325,38.75,0.0,10,-0.9084917035725082,0.41790288888678667,2017-2018,0
2017-10-27,0.0,0.0,8.2,2.466666666666667,92.0,10.35,0.0,0.0,1.2212504842127894,0.0,0.0,9.866666666666667,24.0,,,,,,0,0,9.875,87.75,9.95,0.0,0.0,10,-0.9011686968561569,0.4334685453485363,2017-2018,0
2017-10-28,0.0,0.0,11.5,0.5833333333333339,73.5,7.199999999999999,98.0,0.0,4.671637760671972,100.0,0.0,8.366666666666667,24.0,,,,,,0,0,14.975000000000001,68.5,7.975,99.0,0.0,10,-0.8935790198239952,0.4489059314938798,2017-2018,0
2017-10-29,6.999999999999999,1.0,14.2,0.283333333333335,94.0,6.65,100.0,4.9,0.9548963280484166,100.0,7.3,6.366666666666667,0.0,,,,,,0,3,14.750000000000002,93.75,6.425000000000001,100.0,2.1500000000000004,10,-0.8857249183835637,0.4642104791518923,2017-2018,0
2017-10-30,11.2,7.4,11.2,4.016666666666669,90.0,18.2,92.0,1.2999999999999998,1.573171928540848,72.33333333333333,1.0999999999999999,17.5,0.0,,,,,,0,3,10.149999999999999,87.5,17.725,77.25,0.425,10,-0.8776087166898392,0.4793776594606945,2017-2018,0
2017-10-31,0.0,0.0,6.8,1.6500000000000012,70.5,8.65,21.5,0.0,4.978113927780616,43.0,0.0,6.7,13.0,,,,,,0,0,7.8999999999999995,69.0,7.25,36.5,0.0,10,-0.8692328164574792,0.49440298420761813,2017-2018,0
2017-11-01,0.0,0.0,5.1,2.9333333333333336,85.0,9.75,37.0,0.0,2.3217402066076334,73.33333333333333,0.0,9.433333333333334,24.0,,,,,,0,0,7.324999999999999,83.0,9.575,63.0,0.0,11,-0.8605996962501181,0.5092820071573356,2017-2018,0
2017-11-02,0.0,0.0,8.1,0.45000000000000107,83.0,3.35,95.0,0.0,2.7181648814639896,94.66666666666667,0.0,3.533333333333333,24.0,,,,,,0,0,9.725000000000001,84.25,3.5500000000000003,94.5,0.0,11,-0.8517119107469189,0.5240103253675756,2017-2018,0
2017-11-03,0.0,0.0,6.0,4.050000000000001,71.0,3.9499999999999997,1.5,0.0,4.929917410323414,2.3333333333333335,0.0,3.133333333333333,24.0,,,,,,0,0,9.5,71.25,3.5,2.0,0.0,11,-0.8425720899866032,0.5385835804920232,2017-2018,0
2017-11-04,0.0,0.2,13.2,-0.24999999999999822,99.0,4.65,100.0,6.7,0.15282036984934955,100.0,3.1,3.533333333333333,0.0,,,,,,0,3,12.399999999999999,99.25,3.8000000000000003,100.0,1.8250000000000002,11,-0.8331829385891785,0.5529974600700271,2017-2018,0
2017-11-05,0.0,0.0,7.2,-0.016666666666666607,87.0,6.35,53.5,0.0,2.020195301341495,48.666666666666664,0.0,6.066666666666666,3.0,,,,,,0,0,7.6,82.0,6.2,50.25,0.0,11,-0.8235472349556007,0.5672476988027229,2017-2018,0
2017-11-06,0.0,0.0,8.6,-1.3499999999999996,89.5,11.350000000000001,0.5,0.0,1.63182822728401,0.0,0.0,11.433333333333332,24.0,,,,,,0,0,9.9,87.25,11.400000000000002,0.25,0.0,11,-0.8136678304455991,0.5813300798152042,2017-2018,0
2017-11-07,0.0,0.0,8.3,1.1999999999999993,89.0,11.05,1.0,0.0,1.704873234638531,1.0,0.0,11.0,24.0,,,,,,0,0,9.549999999999999,85.0,11.0,1.0,0.0,11,-0.8035476485339116,0.5952404359043674,2017-2018,0
2017-11-08,0.0,0.0,14.1,-1.0,91.0,6.85,100.0,0.0,1.444210129020144,100.0,0.7,6.866666666666667,24.0,,,,,,0,2,14.325000000000001,90.0,6.775,100.0,0.175,11,-0.7931896839451843,0.6089746507720486,2017-2018,0
2017-11-09,8.0,2.1999999999999997,10.7,3.5166666666666675,92.5,9.05,28.0,0.1,1.159538443312215,20.0,0.0,8.666666666666666,1.0,,,,,,0,0,10.15,90.5,9.075,23.25,0.025,11,-0.7825970017677834,0.6225286602431057,2017-2018,0
2017-11-10,0.0,0.0,3.0,4.333333333333333,89.5,6.35,0.0,0.0,1.5464228413741696,0.3333333333333333,0.0,9.133333333333333,24.0,,,,,,0,0,3.4749999999999996,81.75,8.25,0.25,0.0,11,-0.7717727365467837,0.6358984534680745,2017-2018,0
2017-11-11,0.0,1.5,12.4,0.05000000000000071,96.0,12.600000000000001,100.0,6.2,0.6205532014668069,100.0,7.4,12.766666666666666,0.0,,,,,,0,3,11.5,95.5,13.175,100.0,2.725,11,-0.7607200913564104,0.6490800741100398,2017-2018,0
2017-11-12,0.1,0.1,7.3,0.21666666666666679,75.0,8.4,65.5,0.0,4.124541127183036,41.333333333333336,0.0,7.433333333333334,6.0,,,,,,0,0,7.0,74.25,7.775,49.5,0.0,11,-0.7494423368521953,0.6620696215153815,2017-2018,0
2017-11-13,0.0,0.0,1.1,3.9666666666666663,85.5,9.8,0.5,0.0,2.202091476654981,0.6666666666666666,0.0,9.4,24.0,,,,,,0,0,5.0,84.75,9.475,0.5,0.0,11,-0.7379428103031386,0.6748632518680403,2017-2018,0
2017-11-14,0.0,0.0,11.0,0.06666666666666465,90.0,9.45,99.0,0.0,1.5651456176809777,100.0,1.7,7.033333333333332,24.0,,,,,,0,2,10.55,89.0,7.624999999999999,99.5,0.425,11,-0.7262249146041543,0.6874571793269664,2017-2018,0
2017-11-15,2.8,0.0,9.4,1.8000000000000007,91.0,3.3499999999999996,60.0,0.0,1.3958372713210832,42.0,0.0,2.9000000000000004,3.0,,,,,,0,0,9.25,90.5,3.4499999999999997,55.75,0.0,11,-0.7142921172691032,0.699847677146407,2017-2018,0
2017-11-16,8.6,2.9,5.2,2.116666666666667,93.5,7.6499999999999995,93.5,2.6,0.9584652484658722,88.66666666666667,3.4000000000000004,6.666666666666667,0.0,,,,,,0,0,4.475,93.75,7.425000000000001,88.25,1.175,11,-0.7021479494046978,0.7120310787787131,2017-2018,0
2017-11-17,0.7,0.0,5.0,0.39999999999999947,90.0,5.4,50.0,0.2,1.501065628790164,40.666666666666664,0.1,6.233333333333334,0.0,,,,,,0,1,4.85,90.75,5.975,43.25,0.05,11,-0.6897960046655887,0.7240037789593305,2017-2018,0
2017-11-18,0.0,0.0,8.3,-1.5166666666666684,78.5,12.2,100.0,0.6000000000000001,3.526894272291962,100.0,2.4000000000000004,11.1,0.0,,,,,,0,3,8.65,83.5,11.375,100.0,0.65,11,-0.6772399381909491,0.7357622347736527,2017-2018,0
2017-11-19,2.5,0.2,2.1,2.9499999999999997,89.0,6.45,53.0,0.0,1.624002767688761,51.666666666666664,0.1,6.2,3.0,,,,,,0,1,2.325,88.75,6.25,52.75,0.025,11,-0.6644834655228552,0.7473029667054297,2017-2018,0
2017-11-20,0.2,0.0,0.7,1.4166666666666667,88.5,6.6,100.0,0.1,1.702661892969719,100.0,0.2,6.366666666666667,0.0,,,,,,0,2,2.65,88.25,6.35,100.0,0.05,11,-0.6515303615068021,0.75862255966641,2017-2018,0
2017-11-21,6.3999999999999995,0.6000000000000001,1.6,2.566666666666667,93.0,4.15,27.0,0.0,0.9974289033609108,18.666666666666668,0.0,2.2333333333333334,2.0,,,,,,0,0,0.775,91.5,2.9000000000000004,20.25,0.0,11,-0.6383844591746642,0.769717664006921,2017-2018,0
2017-11-22,0.0,0.0,3.2,-3.0500000000000003,74.0,10.15,80.5,0.0,4.270987978299747,96.66666666666667,0.0,8.733333333333334,24.0,,,,,,0,0,6.174999999999999,75.0,9.05,89.5,0.0,11,-0.6250496486104377,0.7805849965070866,2017-2018,0
2017-11-23,6.8,1.2999999999999998,8.8,-0.11666666666666714,88.5,4.6,100.0,0.6,1.811601294834782,100.0,2.7,7.666666666666667,0.0,,,,,,0,3,9.5,92.5,7.0,100.0,0.75,11,-0.6115298757991053,0.7912213413483807,2017-2018,0
2017-11-24,1.2,1.2,2.8,1.3666666666666663,94.5,8.1,98.5,1.6,0.7965413526138634,97.0,5.0,5.966666666666666,0.0,,,,,,0,0,2.8,95.0,7.074999999999999,97.0,1.4,11,-0.5978291414589552,0.801623551065242,2017-2018,0
2017-11-25,5.999999999999999,2.2,4.2,-0.6833333333333331,93.0,7.5,99.5,1.6,1.032112559589517,95.0,2.3,7.5,0.0,,,,,,0,2,4.324999999999999,93.0,7.775,96.25,0.75,11,-0.5839514998576998,0.8117885474764613,2017-2018,0
2017-11-26,0.0,0.0,1.5,0.8833333333333333,79.0,13.75,100.0,0.0,3.257606155709259,91.66666666666667,0.0,13.866666666666667,15.0,,,,,,0,0,2.6999999999999997,77.25,13.8,93.75,0.0,11,-0.5699010576127624,0.821713322596059,2017-2018,0
2017-11-27,4.999999999999999,0.4,5.1,2.750000000000001,100.0,8.3,60.0,0.0,-4.440892098500626e-16,29.0,0.0,6.366666666666667,6.0,,,,,,0,0,2.175,99.0,6.825000000000001,46.75,0.0,11,-0.5556819724760489,0.8313949395234058,2017-2018,0
2017-11-28,0.0,0.0,2.0,0.9666666666666668,86.5,11.2,2.0,0.0,2.0268223648954704,0.3333333333333333,0.0,11.866666666666667,24.0,,,,,,0,0,3.5250000000000004,86.5,11.6,1.0,0.0,11,-0.5412984521036173,0.8408305333122887,2017-2018,0
2017-11-29,0.0,0.0,5.5,-0.06666666666666643,70.0,9.85,100.0,0.2,5.205096598360809,100.0,3.0,8.566666666666666,0.0,,,,,,0,3,9.675,77.75,8.925,100.0,0.75,11,-0.5267547528105542,0.8500173118187018,2017-2018,0
2017-11-30,0.0,0.0,7.3,2.1833333333333327,100.0,3.45,100.0,0.0,0.0,97.33333333333333,0.0,3.0666666666666664,15.0,,,,,,0,0,7.0,99.25,3.025,98.0,0.0,11,-0.5120551783114646,0.8589525565270845,2017-2018,0
2017-12-01,2.5,0.30000000000000004,5.4,2.7333333333333343,91.5,6.35,66.5,0.4,1.2775083619899892,69.66666666666667,0.2,7.3,0.0,,,,,,0,2,6.1,89.75,7.625,73.25,0.125,12,-0.4972040784469378,0.8676336233547726,2017-2018,0
2017-12-02,2.1,0.1,2.6,1.7999999999999994,94.0,5.5,17.0,0.0,0.8565438189430536,44.0,0.0,4.866666666666667,6.0,,,,,,0,0,1.325,93.25,4.925,38.5,0.0,12,-0.4822058478963526,0.8760579434344281,2017-2018,0
2017-12-03,0.0,0.0,-0.1,3.183333333333334,65.0,7.0,97.0,0.0,5.936071305889245,44.333333333333336,0.0,6.7,24.0,,,,,,0,0,3.725,65.5,6.775,56.75,0.0,12,-0.46706492487743034,0.8842230238742036,2017-2018,0
2017-12-04,0.0,0.0,6.0,-1.3666666666666671,85.5,2.75,50.0,0.0,2.2315382272540067,39.666666666666664,0.0,3.533333333333333,24.0,,,,,,0,0,5.375,85.5,3.3,40.75,0.0,12,-0.451785789832884,0.8921264484954345,2017-2018,0
2017-12-05,6.199999999999999,0.8999999999999999,4.6,2.299999999999999,83.5,10.75,76.5,0.2,2.5457252528217613,87.66666666666667,1.3,12.033333333333333,0.0,,,,,,0,1,3.875,88.5,11.125,82.75,0.35000000000000003,12,-0.4363729641045924,0.8997658785476209,2017-2018,0
2017-12-06,5.8,1.8,0.1,1.5333333333333334,93.0,3.6999999999999997,56.0,0.4,0.9982478442758342,53.666666666666664,0.8,5.166666666666667,0.0,,,,,,0,0,-0.25000000000000006,90.75,4.45,56.5,0.275,12,-0.42083100859565564,0.9071390534005044,2017-2018,0
2017-12-07,0.8999999999999999,0.4,2.2,-0.4666666666666668,94.0,5.25,68.0,0.0,0.8579464404055774,70.33333333333333,0.1,8.166666666666666,2.0,,,,,,0,1,0.875,94.5,7.1499999999999995,69.5,0.025,12,-0.4051645224207563,0.9142437912130223,2017-2018,1
2017-12-08,2.2,1.2999999999999998,3.9,0.8500000000000001,96.0,3.8,100.0,2.0,0.5788239018419281,100.0,2.6,5.5,0.0,,,,,,0,3,3.675,96.25,5.025,100.0,0.9249999999999999,12,-0.3893781415452015,0.9210779895789526,2017-2018,0
2017-12-09,0.0,0.0,-5.8,5.85,89.0,7.25,97.5,0.0,1.5315868279453895,98.0,0.1,6.8,13.0,,,,,,0,0,-4.075,89.5,6.875,98.0,0.025,12,-0.37347653741307074,0.9276396261490467,2017-2018,0
2017-12-10,0.7999999999999999,0.0,1.2,2.500000000000001,88.5,10.1,19.5,0.0,1.6792141258337345,18.0,0.0,11.566666666666668,7.0,,,,,,0,0,1.025,86.25,11.075,18.25,0.0,12,-0.3574644155648614,0.9339267592294762,2017-2018,0
2017-12-11,1.3,1.0,4.6,1.2666666666666675,86.5,7.1,81.5,0.4,2.07225725595368,97.66666666666667,2.8,12.233333333333333,0.0,,,,,,0,3,5.575000000000001,89.75,10.7,89.5,0.7,12,-0.34134651424503615,0.9399375283564133,2017-2018,0
2017-12-12,7.2,2.4,-0.9,1.3666666666666667,89.5,11.2,89.5,1.6,1.5126505828084809,85.0,1.3,12.200000000000001,0.0,,,,,,0,0,-0.22500000000000003,88.0,12.35,86.25,0.6,12,-0.3251276029999093,0.9456701548465688,2017-2018,0
2017-12-13,4.1,1.6,-2.4,2.7666666666666666,90.5,4.65,100.0,1.3,1.344678949129828,99.66666666666667,2.0,4.0,0.0,,,,,,0,0,-1.6500000000000001,91.5,4.2,99.75,0.575,12,-0.30881248126625377,0.9511229423235357,2017-2018,0
2017-12-14,2.5,0.8,-1.8,1.25,86.0,7.5,62.0,0.7,2.0536863371134277,75.0,1.2000000000000002,7.133333333333333,0.0,,,,,,0,0,-0.32499999999999996,87.0,7.15,73.5,0.375,12,-0.29240597695107734,0.9562942772197719,2017-2018,0
2017-12-15,0.0,0.0,-2.8,3.683333333333333,84.5,5.6,58.0,0.0,2.202566410482312,45.0,0.0,4.3999999999999995,17.0,,,,,,0,0,-5.3,85.0,4.95,48.0,0.0,12,-0.27591294500296043,0.9611826292540837,2017-2018,0
2017-12-16,0.0,0.0,1.7,-3.416666666666667,86.0,5.6,96.0,0.2,2.106291841837677,95.0,0.7000000000000001,5.766666666666667,0.0,,,,,,0,3,3.075,85.0,5.8500000000000005,94.25,0.17500000000000002,12,-0.2593382659754056,0.9657865518844574,2017-2018,0
2017-12-17,7.700000000000001,2.1,-0.9,3.4,88.5,8.75,70.0,0.8,1.658659001906514,56.0,1.5,5.333333333333333,0.0,,,,,,0,0,-1.4249999999999998,89.0,6.824999999999999,60.25,0.47500000000000003,12,-0.2426868445825954,0.9701046827361175,2017-2018,0
2017-12-18,0.6,0.2,-4.3,2.2166666666666663,84.0,7.4,50.0,0.0,2.3206411070629116,76.66666666666667,0.1,7.633333333333333,4.0,,,,,,0,0,-2.4,84.0,7.699999999999999,71.5,0.025,12,-0.22596360824801906,0.974135744004672,2017-2018,0
2017-12-19,2.8000000000000003,0.6,2.9,-0.3333333333333335,77.5,7.55,64.0,0.0,3.532999106594233,78.0,0.0,6.900000000000001,3.0,,,,,,0,0,2.25,77.25,7.175000000000001,74.75,0.0,12,-0.20917350564635637,0.9778785428342386,2017-2018,0
2017-12-20,1.1,0.0,-0.1,0.5666666666666668,78.0,2.45,34.0,0.0,3.4409331395029934,14.333333333333334,0.0,4.933333333333334,7.0,,,,,,0,0,1.4500000000000002,75.5,4.15,23.0,0.0,12,-0.19232150523909483,0.9813319716704275,2017-2018,0
2017-12-21,2.0,0.8,1.4,1.0499999999999998,87.5,4.9,61.5,1.7,1.8477673910387966,44.666666666666664,1.5,3.8333333333333335,0.0,,,,,,0,1,1.85,86.25,3.9750000000000005,51.75,0.45,12,-0.17541259380427843,0.9844950085880858,2017-2018,0
2017-12-22,0.0,0.0,-3.2,2.3833333333333333,84.0,6.1,49.5,0.0,2.3428308514244875,34.666666666666664,0.0,6.366666666666667,15.0,,,,,,0,0,-2.35,84.75,6.2749999999999995,39.0,0.0,12,-0.15845177496083632,0.9873667175937016,2017-2018,0
2017-12-23,0.0,0.0,2.4,-2.5,80.0,5.9,85.5,0.1,3.1110506931744726,86.0,0.5,5.5,0.0,,,,,,0,3,3.8500000000000005,79.75,5.45,84.25,0.125,12,-0.14144406768794202,0.9899462489023779,2017-2018,0
2017-12-24,0.0,0.0,0.2,2.1166666666666667,88.5,9.7,99.5,0.0,1.688160384886257,100.0,0.0,10.733333333333334,16.0,,,,,,0,0,1.95,85.5,10.375,99.75,0.0,12,-0.12439450483979998,0.9922328391893008,2017-2018,0
2017-12-25,23.0,11.7,5.8,2.4000000000000012,93.5,10.4,79.0,2.3,0.9607843887485261,71.66666666666667,2.7,11.966666666666669,0.0,,,,,,0,2,4.625,92.0,11.325,77.5,1.05,12,-0.10730813165636247,0.9942258118156161,2017-2018,0
2017-12-26,1.9999999999999998,0.4,0.6,1.3666666666666667,92.5,4.7,95.5,3.4,1.076036581078395,98.66666666666667,4.6,7.733333333333334,0.0,,,,,,0,0,1.45,94.25,7.05,97.0,1.5,12,-0.09019000427034513,0.9959245770286599,2017-2018,0
2017-12-27,6.9,0.8999999999999999,-0.8,1.8666666666666667,80.0,14.75,99.5,0.30000000000000004,3.0174837377886847,90.0,0.8,16.166666666666668,0.0,,,,,,0,0,-0.675,83.0,15.525,92.5,0.225,12,-0.07304518821104743,0.9973286321364752,2017-2018,0
2017-12-28,2.2,0.6000000000000001,0.2,-0.016666666666666663,84.0,9.55,90.5,1.4,2.3855721033527826,93.33333333333333,1.0,9.266666666666666,0.0,,,,,,0,0,0.4,82.5,9.3,95.0,0.5,12,-0.05587875690537313,0.9984375616565666,2017-2018,0
2017-12-29,0.2,0.0,0.7,1.1102230246251565e-16,84.0,5.1,100.0,0.2,2.3982734105170076,93.66666666666667,0.2,4.2,0.0,,,,,,0,0,1.075,82.5,4.5249999999999995,95.25,0.07500000000000001,12,-0.03869579017652689,0.9992510374388481,2017-2018,0
2017-12-30,1.2,0.7,0.8,1.1666666666666667,83.5,9.399999999999999,63.5,0.0,2.4886697244640454,63.333333333333336,0.0,6.833333333333333,5.0,,,,,,0,0,1.05,83.0,7.774999999999999,62.25,0.0,12,-0.021501372740813793,0.999768818762748,2017-2018,0
2017-12-31,0.0,0.0,-2.9,4.083333333333333,74.5,8.3,99.0,0.0,3.995806810242991,98.0,0.0,10.0,17.0,,,,,,0,0,1.45,74.25,9.425,98.25,0.0,12,-0.004300592702981974,0.9999907524084426,2017-2018,0
2018-01-01,5.9,0.7,1.8,1.2500000000000002,90.0,4.9,79.0,2.0999999999999996,1.45789451893268,66.66666666666667,4.3,5.966666666666666,0.0,,,,,,0,0,1.2999999999999998,90.0,5.725,69.0,1.25,1,0.017201575418260506,0.9998520419557735,2017-2018,0
2018-01-02,5.6,3.2,-0.1,0.9500000000000001,87.5,5.5,80.0,1.6,1.828235299129435,67.33333333333333,2.7,4.8,0.0,,,,,,0,0,-0.049999999999999996,88.25,5.05,71.5,0.85,1,0.03439806061360801,0.9994082116062598,2017-2018,0
2018-01-03,2.3000000000000003,1.7000000000000002,0.3,2.65,81.0,16.5,68.0,0.5,2.867886055057741,67.33333333333333,0.8,16.166666666666668,0.0,,,,,,0,0,-0.30000000000000004,80.25,16.375,71.75,0.275,1,0.051584366869408364,0.9986686402879997,2017-2018,0
2018-01-04,3.8,0.8999999999999999,-2.6,2.7333333333333334,85.0,7.0,32.0,0.2,2.1861520071799303,41.0,0.0,7.3,1.0,,,,,,0,0,-2.05,85.5,7.199999999999999,40.25,0.05,1,0.06875540848113941,0.9976335468520451,2017-2018,0
2018-01-05,0.1,0.0,-2.0,1.2833333333333332,78.0,4.15,96.5,0.0,3.3249052200228197,97.33333333333333,0.0,4.366666666666667,12.0,,,,,,0,0,-1.775,76.5,4.3,96.75,0.0,1,0.08590610426133272,0.9963032375991965,2017-2018,0
2018-01-06,0.0,0.0,-1.1,0.3666666666666667,88.5,3.5,96.0,0.0,1.6613924216846678,96.66666666666667,0.2,4.066666666666666,16.0,,,,,,0,0,-0.8,88.25,4.025,97.25,0.05,1,0.10303137904317879,0.9946781061893646,2017-2018,0
2018-01-07,0.3,0.0,-2.2,2.75,77.0,8.0,55.5,0.0,3.5123663954758197,71.33333333333333,0.0,6.533333333333334,12.0,,,,,,0,0,-1.025,77.0,7.074999999999999,67.25,0.0,1,0.1201261651823505,0.9927586335250793,2017-2018,0
2018-01-08,0.0,0.0,4.0,-3.55,79.0,13.8,100.0,0.0,3.3333391297308497,99.66666666666667,0.8,13.133333333333333,24.0,,,,,,0,2,4.725,79.75,13.325,99.75,0.2,1,0.13718540405660057,0.9905453876091833,2017-2018,0
2018-01-09,5.1,3.5,7.1,0.8833333333333337,94.5,12.6,99.5,3.8,0.8190037592347199,99.66666666666667,3.4,9.6,0.0,,,,,,0,3,5.75,93.25,10.975000000000001,99.75,1.325,1,0.1542040475626894,0.988039023376751,2017-2018,0
2018-01-10,1.6,0.6,0.7,0.5333333333333334,80.5,7.5,79.5,0.9,2.972910888988912,93.0,1.5,7.433333333333333,0.0,,,,,,0,0,0.7749999999999999,83.0,7.550000000000001,89.75,0.5,1,0.17117705961019986,0.985240282501282,2017-2018,0
2018-01-11,6.0,1.9,-1.1,1.3833333333333333,87.5,13.600000000000001,96.5,2.1,1.811788597383697,93.66666666666667,2.7,14.133333333333333,0.0,,,,,,0,0,-1.275,85.0,14.3,94.25,0.9,1,0.18809941761179758,0.9821499931752291,2017-2018,0
2018-01-12,0.8,0.0,-3.9,1.3499999999999996,78.0,11.55,99.0,0.7,3.2784994912014698,99.0,1.7999999999999998,10.566666666666668,0.0,,,,,,0,0,-3.4250000000000003,82.0,11.1,99.0,0.55,1,0.20496611396949532,0.9787690698649216,2017-2018,0
2018-01-13,0.1,1.3,-1.9,-1.9833333333333343,85.0,9.75,90.5,0.6,2.1960904636543668,93.0,0.6000000000000001,6.7,0.0,,,,,,0,0,-1.8750000000000002,82.25,7.8999999999999995,91.0,0.275,1,0.22177215755648186,0.975098513039961,2017-2018,0
2018-01-14,2.1,0.2,-3.0,1.9166666666666667,74.5,5.65,35.5,0.0,3.9713948828711234,10.666666666666666,0.0,4.1,4.0,,,,,,0,0,-0.7999999999999999,74.25,4.425000000000001,18.75,0.0,1,0.23851257519407648,0.9711394088771653,2017-2018,1
2018-01-15,0.0,0.0,-3.0,-1.5666666666666664,76.5,11.45,63.0,0.0,3.5324101664111334,80.33333333333333,0.0,10.466666666666667,24.0,,,,,,0,0,-3.5999999999999996,77.0,10.774999999999999,71.75,0.0,1,0.2551824131233728,0.9668929289391521,2017-2018,0
2018-01-16,1.0,0.1,2.4,0.8999999999999995,98.0,7.9,93.5,0.0,0.2824009951191935,72.33333333333333,0.0,8.633333333333333,6.0,,,,,,0,0,1.825,95.75,8.325,76.0,0.0,1,0.2717767384711357,0.9623603298276545,2017-2018,0
2018-01-17,0.0,1.0,5.7,-0.33333333333333304,83.5,12.899999999999999,100.0,3.3,2.5982432828580455,100.0,3.7,15.4,0.0,,,,,,0,3,6.8999999999999995,84.75,14.825,100.0,1.3,1,0.2882906407095177,0.9575429528116719,2017-2018,0
2018-01-18,8.2,0.1,2.0,3.8500000000000005,98.0,4.7,89.0,0.0,0.2841327566563656,86.0,0.0,3.5666666666666664,6.0,,,,,,0,0,3.0,95.5,4.025,89.5,0.0,1,0.3047192331091634,0.9524422234305676,2017-2018,0
2018-01-19,0.4,0.0,2.3,1.2666666666666666,86.0,6.45,42.5,0.0,2.0765141111794136,31.666666666666668,0.0,5.766666666666666,11.0,,,,,,0,0,0.37500000000000006,85.25,5.949999999999999,38.0,0.0,1,0.321057654185271,0.9470596510722283,2017-2018,1
2018-01-20,0.0,0.0,-3.0,5.083333333333333,65.0,5.65,26.0,0.0,5.618425123889489,68.66666666666667,0.0,5.433333333333333,24.0,,,,,,0,0,-2.6,68.5,5.550000000000001,55.25,0.0,1,0.3373010691361842,0.9413968285264122,2017-2018,0
2018-01-21,0.1,0.0,1.6,1.9,75.0,3.5,70.0,0.0,4.028518871299231,70.33333333333333,0.0,4.466666666666667,10.0,,,,,,0,0,4.0,73.75,4.25,71.75,0.0,1,0.3534446712740877,0.9354554315134164,2017-2018,0
2018-01-22,0.1,0.0,0.2,0.16666666666666669,84.0,3.35,100.0,0.0,2.402188222530163,100.0,0.0,3.8333333333333335,12.0,,,,,,0,0,1.1,82.25,3.65,100.0,0.0,1,0.3694836834473831,0.9292372181882051,2017-2018,0
2018-01-23,3.2,0.1,2.7,-1.4333333333333333,84.0,7.9,81.5,1.2,2.4267274119671107,74.33333333333333,0.8999999999999999,10.366666666666667,0.0,,,,,,0,2,2.875,82.5,9.7,71.5,0.35000000000000003,1,0.38541335945432564,0.9227440286201427,2017-2018,0
2018-01-24,2.0,1.7000000000000002,-2.6,0.95,87.0,14.75,100.0,1.8,1.866455095963775,95.66666666666667,3.2,12.066666666666668,0.0,,,,,,0,0,-2.8,86.25,13.4,96.75,1.0,1,0.4012289854475009,0.9159777842484877,2017-2018,0
2018-01-25,1.5,0.2,-5.5,0.5833333333333339,74.0,15.1,85.5,0.2,3.9109323610844466,88.33333333333333,0.4,14.833333333333334,0.0,,,,,,0,0,-5.05,73.75,14.9,86.25,0.125,1,0.4169258813287287,0.908940487313808,2017-2018,0
2018-01-26,1.8,0.7,-3.6,0.11666666666666714,89.5,12.5,100.0,1.4,1.4755604545381886,100.0,1.5,12.833333333333334,0.0,,,,,,0,0,-3.6500000000000004,87.0,12.549999999999999,100.0,0.5499999999999999,1,0.4324994021339788,0.901634220265486,2017-2018,0
2018-01-27,1.7000000000000002,0.6000000000000001,-3.2,-0.9499999999999993,83.0,12.2,94.0,0.6,2.4773700450949185,89.33333333333333,0.7,12.4,0.0,,,,,,0,0,-3.1,83.5,12.474999999999998,91.0,0.25,1,0.44794493940789115,0.8940611451454876,2017-2018,0
2018-01-28,0.1,0.0,-3.4,1.2000000000000002,77.5,4.7,93.0,0.0,3.338497495767463,96.33333333333333,0.0,5.333333333333333,12.0,,,,,,0,0,-4.75,78.5,5.125,93.75,0.0,1,0.4632579225674917,0.88622350294858,2017-2018,0
2018-01-29,0.30000000000000004,0.6000000000000001,0.8,-0.5,98.5,6.699999999999999,100.0,1.6,0.20951759573118423,97.66666666666667,1.9000000000000001,6.5,0.0,,,,,,0,0,0.525,95.75,6.3999999999999995,98.25,0.7,1,0.4784338202547012,0.8781236129591848,2017-2018,0
2018-01-30,5.2,0.8999999999999999,-3.0,1.8499999999999999,84.5,5.65,46.5,1.7,2.228456661373387,47.333333333333336,0.8,5.233333333333333,0.0,,,,,,0,0,-3.925,83.0,5.425000000000001,48.75,0.5499999999999999,1,0.49346814167723735,0.8697638720650646,2017-2018,0
2018-01-31,2.2,2.0,-1.9,1.2666666666666666,87.0,6.4,55.5,0.2,1.882721709320654,64.33333333333333,0.4,6.066666666666666,0.0,,,,,,0,1,-1.075,86.5,6.05,61.5,0.125,1,0.5083564379375122,0.8611467540480452,2017-2018,0
2018-02-01,0.5,0.2,-0.5,1.9833333333333334,91.0,4.35,100.0,0.2,1.3047469276660255,100.0,0.30000000000000004,4.933333333333333,0.0,,,,,,0,0,0.9500000000000001,89.5,4.699999999999999,100.0,0.1,2,0.5230943033491326,0.8522748088519838,2017-2018,0
2018-02-02,0.5,0.0,-2.5,4.066666666666666,87.5,5.449999999999999,4.5,0.0,1.7835543863417787,0.0,0.0,4.3999999999999995,9.0,,,,,,0,0,-3.0250000000000004,89.5,4.875,2.25,0.0,2,0.5376773767406141,0.8431506618282,2017-2018,0
2018-02-03,0.0,0.0,0.2,0.4666666666666666,86.5,5.0,29.0,0.0,1.9689086796304207,80.66666666666667,1.4000000000000001,5.733333333333333,24.0,,,,,,0,0,-0.2,85.25,5.35,61.5,0.35000000000000003,2,0.5521013427459208,0.8337770129585915,2017-2018,0
2018-02-04,0.7,0.8,-0.3,0.3333333333333333,89.5,8.25,79.0,1.1,1.5138947997210184,84.33333333333333,2.2,11.0,0.0,,,,,,0,0,-0.6,87.75,10.475,86.75,0.7250000000000001,2,0.5663619330814524,0.8241566360566663,2017-2018,0
2018-02-05,8.399999999999999,1.4,-3.9,2.4833333333333334,85.5,4.699999999999999,98.5,1.4,2.089708171753334,100.0,2.3,7.166666666666667,0.0,,,,,,0,0,-2.525,85.0,6.449999999999999,99.25,0.7,2,0.580454927809098,0.8142923779467267,2017-2018,0
2018-02-06,4.1000000000000005,1.2,-3.4,1.0333333333333332,82.0,8.75,97.5,0.8,2.6258398947552175,97.33333333333333,1.0,8.733333333333333,0.0,,,,,,0,0,-3.7,82.0,8.649999999999999,98.0,0.35,2,0.5943761565849831,0.804187157621448,2017-2018,0
2018-02-07,3.1,1.3,-3.0,0.06666666666666643,88.5,10.4,98.5,1.4000000000000001,1.6287389029450896,97.0,2.6,9.433333333333334,0.0,,,,,,0,0,-3.2,88.5,9.95,97.75,0.7250000000000001,2,0.6081214998935418,0.7938439653781019,2017-2018,0
2018-02-08,2.9000000000000004,0.0,-5.5,1.8333333333333335,83.0,5.4,94.0,0.0,2.422199029294349,98.0,0.4,4.1,8.0,,,,,,0,0,-5.300000000000001,84.5,4.425000000000001,96.0,0.1,2,0.6216868902665479,0.7832658619336791,2017-2018,0
2018-02-09,1.9,0.0,-5.3,2.2833333333333328,89.0,8.05,55.0,0.0,1.5360795173326993,61.0,0.0,8.633333333333335,10.0,,,,,,0,0,-4.35,85.75,8.275,66.25,0.0,2,0.6350683134867438,0.7724559775191742,2017-2018,0
2018-02-10,0.0,0.0,-1.8,-1.433333333333333,71.0,12.8,86.5,0.0,4.6120022754331815,85.0,0.0,12.700000000000001,24.0,,,,,,0,0,-0.35000000000000003,70.75,12.725000000000001,86.75,0.0,2,0.6482618097757122,0.7614175109532997,2017-2018,0
2018-02-11,10.700000000000001,2.1,2.6,1.483333333333333,99.0,5.449999999999999,98.5,1.3,0.14108586651165833,99.0,2.7,10.933333333333332,0.0,,,,,,0,0,2.125,97.0,9.725,99.25,0.8,2,0.6612634749656386,0.7501537286959042,2017-2018,0
2018-02-12,4.300000000000001,0.8999999999999999,-3.1,1.0333333333333332,89.0,15.200000000000001,99.0,2.0,1.5631729274249597,96.66666666666667,2.0,11.466666666666667,0.0,,,,,,0,0,-2.5,89.75,12.875,97.25,0.7,2,0.6740694616546161,0.7386679638813748,2017-2018,0
2018-02-13,4.6,4.0,-1.9,0.050000000000000044,88.0,9.95,98.0,1.7,1.720060187789897,94.66666666666667,1.7000000000000002,9.299999999999999,0.0,,,,,,0,0,-2.075,89.25,9.525,95.5,0.725,2,0.6866759803451553,0.726963615332308,2017-2018,0
2018-02-14,4.199999999999999,0.0,-0.7,-0.3500000000000003,86.5,5.35,90.5,0.1,1.9826995279031474,45.666666666666664,0.0,7.066666666666666,1.0,,,,,,0,0,-0.42500000000000004,85.75,6.324999999999999,58.25,0.025,2,0.6990793005655562,0.7150441465537444,2017-2018,0
2018-02-15,0.0,0.1,4.9,-1.7500000000000004,90.5,5.25,100.0,0.4,1.4105916669301473,100.0,0.30000000000000004,4.1000000000000005,1.0,,,,,,0,2,3.525,91.75,4.85,100.0,0.175,2,0.7112757519738152,0.7029130847082615,2017-2018,0
2018-02-16,0.0,0.0,-3.9,4.0,78.0,6.5,12.0,0.0,3.2812203364580483,40.666666666666664,0.0,6.233333333333333,22.0,,,,,,0,0,-2.9749999999999996,77.5,6.3,35.5,0.0,2,0.7232617254437388,0.6905740195722294,2017-2018,0
2018-02-17,0.0,0.0,1.7,-0.48333333333333317,87.5,5.6,75.5,1.0,1.8492741257613794,80.66666666666667,3.0,6.233333333333334,0.0,,,,,,0,0,1.35,88.75,6.125,83.75,0.85,2,0.7350336741329412,0.6780306024735382,2017-2018,0
2018-02-18,6.6,0.8,-2.7,0.4500000000000002,74.5,10.35,98.0,0.2,3.9260228084505426,98.66666666666667,0.30000000000000004,8.5,0.0,,,,,,0,0,-1.9749999999999999,76.0,9.0,99.0,0.1,2,0.746588114532413,0.6652865452111116,2017-2018,0
2018-02-19,0.0,0.0,-4.0,2.1166666666666663,86.0,5.1,100.0,0.0,2.0360178940085305,99.33333333333333,0.0,5.3,17.0,,,,,,0,0,-1.375,85.25,5.25,99.5,0.0,2,0.7579216274973472,0.6523456189565257,2017-2018,0
2018-02-20,0.0,0.0,0.6,2.466666666666667,85.5,6.65,61.5,0.0,2.156083922691756,42.0,0.0,5.433333333333334,2.0,,,,,,0,0,0.825,87.25,5.8,43.75,0.0,2,0.7690308592589181,0.6392116531380588,2017-2018,1
2018-02-21,0.1,0.0,-0.8,2.3,74.0,5.1,99.5,0.0,4.142524869364632,100.0,0.0,5.233333333333333,12.0,,,,,,0,0,1.4,75.0,5.3,99.75,0.0,2,0.7799125224167177,0.6258885343075018,2017-2018,0
2018-02-22,0.0,0.0,-4.1,4.9833333333333325,89.5,6.85,85.0,0.0,1.47924887802397,77.66666666666667,0.0,4.7,17.0,,,,,,0,0,-2.8249999999999997,88.25,5.5,80.0,0.0,2,0.7905633969115482,0.612380204990065,2017-2018,0
2018-02-23,0.0,0.0,-2.7,1.75,67.5,5.199999999999999,47.5,0.1,5.336210609032993,38.666666666666664,0.5,3.4,0.0,,,,,,0,0,1.225,70.75,4.125,40.0,0.125,2,0.8009803309782905,0.5986906625177214,2017-2018,0
2018-02-24,0.4,0.0,-2.3,4.4,84.0,8.6,15.0,0.0,2.3486366754899275,55.0,0.9,7.833333333333332,11.0,,,,,,0,0,-0.4999999999999999,80.75,7.999999999999999,41.25,0.225,2,0.8111602420785621,0.5848239578463322,2017-2018,0
2018-02-25,0.0,0.0,-1.7,3.4,67.5,4.95,86.0,0.0,5.256419466671419,93.66666666666667,0.0,2.966666666666667,15.0,,,,,,0,0,-0.6,67.0,3.575,90.25,0.0,2,0.8211001178128892,0.5707841943569036,2017-2018,1
2018-02-26,0.0,0.0,-1.0,1.9666666666666668,59.5,3.5,90.5,0.0,7.056459242569884,37.666666666666664,0.0,3.733333333333333,24.0,,,,,,0,0,1.075,67.75,3.575,52.0,0.0,2,0.8307970168121247,0.5565755266413303,2017-2018,0
2018-02-27,0.0,0.0,3.0,-0.5,67.0,3.3,31.5,0.0,5.459173880798884,19.0,0.0,3.766666666666666,24.0,,,,,,0,0,0.8250000000000001,74.0,3.275,16.25,0.0,2,0.8402480696078469,0.5422021592729844,2017-2018,0
2018-02-28,0.0,0.1,4.8,1.1500000000000004,91.0,5.35,68.0,0.0,1.3138253920177454,98.0,0.0,5.933333333333334,3.0,,,,,,0,0,1.9500000000000002,92.0,5.425,84.0,0.0,2,0.8494504794814806,0.527668345562516,2017-2018,0
2018-03-01,1.9000000000000001,5.8999999999999995,8.6,-1.2833333333333332,88.5,13.95,92.0,4.5,1.7959347038292668,96.66666666666667,4.2,10.866666666666667,0.0,,,,,,0,2,8.225,86.5,12.85,96.0,1.325,3,0.8584015232918917,0.512978386299228,2017-2018,0
2018-03-02,2.5999999999999996,0.5,1.9,1.9666666666666668,78.0,15.05,94.0,0.30000000000000004,3.4061959454316844,99.66666666666667,0.6,10.733333333333334,0.0,,,,,,0,0,0.9500000000000001,79.5,12.350000000000001,96.75,0.17500000000000002,3,0.8670985522812081,0.4981366284784055,2017-2018,0
2018-03-03,0.0,0.0,-1.1,1.3166666666666667,85.5,9.45,46.5,0.0,2.124514557584037,63.666666666666664,0.0,8.333333333333334,20.0,,,,,,0,0,0.20000000000000007,82.5,8.65,48.25,0.0,3,0.8755389928586302,0.4831474640149687,2017-2018,0
2018-03-04,0.0,0.0,3.7,0.5166666666666666,83.0,14.15,17.0,0.0,2.6253826535252176,17.333333333333332,0.0,13.799999999999999,24.0,,,,,,0,0,4.9,82.5,13.85,17.5,0.0,3,0.8837203473619977,0.4680153284438345,2017-2018,0
2018-03-05,0.0,0.0,8.1,-2.4333333333333327,84.0,21.75,100.0,0.6,2.607052965166414,99.66666666666667,3.6,24.633333333333336,0.0,,,,,,0,3,11.825,83.5,23.525,99.75,0.9,3,0.8916401947968874,0.45274469960737107,2017-2018,0
2018-03-06,1.5,0.0,1.3,1.5000000000000002,94.5,10.75,65.0,0.0,0.7779007472810472,68.0,0.0,7.433333333333334,9.0,,,,,,0,0,0.125,93.5,8.875,71.0,0.0,3,0.8992961915530253,0.4373400963303323,2017-2018,0
2018-03-07,0.0,0.0,-4.2,1.5500000000000003,90.0,4.0,97.5,0.0,1.3995567225988168,96.0,0.0,2.533333333333333,24.0,,,,,,0,0,-2.25,88.25,3.175,96.5,0.0,3,0.9066860720977985,0.4218060770826634,2017-2018,0
2018-03-08,0.0,0.0,1.8,1.9333333333333338,65.0,13.15,100.0,0.0,6.123483099800843,100.0,0.30000000000000004,12.033333333333331,24.0,,,,,,0,2,7.25,66.5,12.774999999999999,100.0,0.07500000000000001,3,0.9138076496466615,0.40614723863057883,2017-2018,0
2018-03-09,14.200000000000001,9.600000000000001,5.9,6.383333333333333,99.5,12.7,100.0,4.300000000000001,0.07229231304163353,100.0,3.4000000000000004,12.166666666666666,0.0,,,,,,0,3,4.75,99.5,12.399999999999999,100.0,1.5250000000000001,3,0.9206588168102428,0.3903682146763026,2017-2018,0
2018-03-10,1.0,0.4,-0.3,1.4166666666666667,87.0,11.25,82.5,0.0,1.8982788229903884,65.66666666666667,0.0,11.333333333333334,2.0,,,,,,0,0,-0.25,85.25,11.325,70.5,0.0,3,0.9272375462179537,0.374473674486883,2017-2018,0
2018-03-11,0.0,0.0,-4.4,4.300000000000001,76.5,4.949999999999999,0.0,0.0,3.4769789928315635,0.0,0.0,4.8999999999999995,24.0,,,,,,0,0,-3.1500000000000004,74.0,4.75,0.0,0.0,3,0.9335418911179212,0.35846832151248087,2017-2018,0
2018-03-12,0.0,0.0,-1.6,2.8666666666666667,71.5,7.65,7.0,0.0,4.5285004933469235,5.666666666666667,0.0,5.5,14.0,,,,,,0,0,0.275,72.5,6.2,5.5,0.0,3,0.9395699859530622,0.342356891994542,2017-2018,0
2018-03-13,0.0,0.0,-0.4,2.366666666666667,83.0,10.05,0.0,0.0,2.5498029729900566,0.0,0.0,9.266666666666666,24.0,,,,,,0,0,2.05,80.0,9.425,0.0,0.0,3,0.945320046913132,0.3261441535642696,2017-2018,0
2018-03-14,0.0,0.0,2.8,2.116666666666667,90.0,7.05,0.0,0.0,1.468628597824127,0.0,0.0,6.033333333333334,24.0,,,,,,0,0,3.375,88.25,6.425000000000001,0.0,0.0,3,0.9507903724625832,0.3098349038318025,2017-2018,0
2018-03-15,0.0,0.0,3.2,2.05,89.5,11.8,91.5,0.0,1.571678186695539,88.33333333333333,0.0,12.133333333333333,24.0,,,,,,0,0,5.8,85.25,12.075000000000001,89.25,0.0,3,0.9559793438440766,0.2934339689665273,2017-2018,0
2018-03-16,2.0,0.8999999999999999,9.3,0.9000000000000004,97.5,10.55,100.0,6.6,0.3744509914613108,100.0,9.5,7.133333333333333,0.0,,,,,,0,3,8.674999999999999,97.5,7.825,100.0,3.225,3,0.9608854255574977,0.27694620226893646,2017-2018,0
2018-03-17,0.0,0.0,-2.6,3.666666666666667,89.0,4.5,1.0,0.0,1.5579941358057514,16.0,0.0,4.833333333333333,18.0,,,,,,0,0,-1.65,85.5,4.675,12.25,0.0,3,0.9655071658143364,0.2603764827344581,2017-2018,0
2018-03-18,0.0,0.0,1.2,-0.08333333333333348,80.5,13.45,54.5,0.0,2.9899030880046147,48.0,0.0,13.866666666666665,24.0,,,,,,0,0,3.3,76.5,13.725000000000001,57.0,0.0,3,0.969843196967294,0.24372971360968387,2017-2018,0
2018-03-19,0.0,0.0,7.1,1.2166666666666668,83.5,12.55,99.5,0.2,2.612752815479383,100.0,1.5,12.133333333333333,0.0,,,,,,0,3,7.6,85.75,12.325,99.75,0.4,3,0.9738922359149924,0.22701082094141847,2017-2018,0
2018-03-20,6.9,3.0999999999999996,6.8,0.3166666666666673,100.0,4.55,100.0,1.6,0.0,100.0,2.4,5.7,0.0,,,,,,0,3,6.425,100.0,5.35,100.0,0.8,3,0.9776530844816641,0.2102247521189836,2017-2018,0
2018-03-21,0.0,0.0,4.0,0.04999999999999982,96.0,1.7999999999999998,100.0,1.2999999999999998,0.5814042121813165,100.0,2.6,1.8,0.0,,,,,,0,3,4.825,96.25,1.9249999999999998,100.0,0.7999999999999999,3,0.981124629771712,0.19337647441020586,2017-2018,0
2018-03-22,2.5000000000000004,3.0999999999999996,4.8,1.0,94.5,5.65,100.0,2.1,0.8088734400386484,100.0,2.5,5.566666666666666,0.0,,,,,,0,3,5.0,96.25,5.425000000000001,100.0,0.95,3,0.984305844499033,0.17647097349152166,2017-2018,0
2018-03-23,3.9000000000000004,1.2999999999999998,4.1,0.666666666666667,98.0,8.899999999999999,98.5,1.0,0.28784485305997265,99.33333333333333,0.8,7.766666666666667,0.0,,,,,,0,3,4.375,96.0,8.25,99.25,0.35000000000000003,3,0.9871957872910085,0.15951325197263655,2017-2018,0
2018-03-24,0.1,0.0,1.1,3.8333333333333326,95.5,4.35,55.5,0.0,0.6366560807494539,52.0,0.0,4.966666666666667,11.0,,,,,,0,0,2.5250000000000004,88.5,4.75,62.5,0.0,3,0.9897936029670716,0.14250832791617088,2017-2018,0
2018-03-25,0.8,0.1,7.0,0.31666666666666643,74.5,2.8499999999999996,13.0,0.0,4.0908916282324705,4.0,0.0,3.6333333333333333,6.0,,,,,,0,0,4.875,81.5,3.3,7.5,0.0,3,0.992098522791769,0.12546123335273648,2017-2018,1
2018-03-26,0.0,0.0,3.9,3.1166666666666667,79.5,6.050000000000001,1.0,0.0,3.2193190633762123,0.6666666666666666,0.0,4.733333333333333,24.0,,,,,,0,0,6.65,76.75,5.2250000000000005,0.5,0.0,3,0.9941098647022418,0.10837701279187609,2017-2018,0
2018-03-27,0.0,0.0,4.4,3.5166666666666675,75.0,6.95,14.0,0.0,4.0269009624599095,11.333333333333334,0.0,7.3999999999999995,24.0,,,,,,0,0,6.775,72.25,7.2250000000000005,12.25,0.0,3,0.9958270335100595,0.09126072172931188,2017-2018,0
2018-03-28,0.0,0.0,5.0,3.5500000000000007,83.5,12.3,0.0,0.0,2.561116647401317,0.0,0.0,10.433333333333332,24.0,,,,,,0,0,7.574999999999999,79.25,10.9,0.0,0.0,3,0.9972495210773451,0.07411742515094437,2017-2018,0
2018-03-29,0.0,0.0,4.5,4.2666666666666675,82.0,9.25,0.0,0.0,2.8088832240691746,10.333333333333334,0.0,7.099999999999999,24.0,,,,,,0,0,7.85,78.5,7.9,7.75,0.0,3,0.998376906467142,0.056952196034039754,2017-2018,0
2018-03-30,0.1,0.0,4.2,6.316666666666667,86.0,5.550000000000001,2.5,0.0,2.1131276895986346,3.6666666666666665,0.0,7.0,9.0,,,,,,0,0,4.25,80.5,6.6,3.25,0.0,3,0.9992088560679753,0.03977011384605572,2017-2018,0
2018-03-31,0.0,0.0,-2.2,6.25,75.0,8.55,0.0,0.0,3.8857770226493082,0.0,0.0,7.5,24.0,,,,,,0,0,2.925,71.5,7.675,0.0,0.0,3,0.9997451236925734,0.022576263041545485,2017-2018,0
2018-04-01,0.0,0.0,6.3,2.7,95.0,13.85,82.5,0.0,0.7386749004192854,30.0,0.0,12.533333333333333,24.0,,,,,,0,0,7.925,88.5,12.825,43.0,0.0,4,0.9999855506507186,0.005375731557583884,2017-2018,0
2018-04-02,0.0,0.0,9.1,3.9000000000000004,92.5,5.65,8.0,0.0,1.1526892905187793,13.666666666666666,0.0,4.766666666666667,24.0,,,,,,0,0,11.725,86.5,4.925,13.0,0.0,4,0.9999300657962057,-0.011826390691832589,2017-2018,0
2018-04-03,0.0,0.0,7.1,6.716666666666665,91.5,8.7,46.0,0.0,1.2918862773964612,38.666666666666664,0.0,7.233333333333333,24.0,,,,,,0,0,10.975,82.25,7.6,33.25,0.0,4,0.9995786855478958,-0.029025013321975237,2017-2018,0
2018-04-04,0.0,0.0,9.6,5.366666666666667,93.0,8.5,31.5,0.0,1.0797014009418877,33.333333333333336,0.0,7.166666666666667,24.0,,,,,,0,0,12.95,84.5,7.375,33.5,0.0,4,0.9989315138848577,-0.046215046983708354,2017-2018,0
2018-04-05,3.3000000000000003,0.0,5.1,4.283333333333333,97.0,5.9,100.0,0.0,0.434598351703241,82.0,0.0,4.966666666666667,10.0,,,,,,0,0,5.1000000000000005,92.75,5.199999999999999,86.5,0.0,4,0.9979887423155984,-0.06339140486951038,2017-2018,0
2018-04-06,0.7999999999999999,1.2,13.4,0.41666666666666785,88.0,17.0,98.0,0.0,1.9536492805039263,99.66666666666667,0.0,17.333333333333336,3.0,,,,,,0,0,14.2,86.75,17.1,99.0,0.0,4,0.9967506498213929,-0.08054900421874167,2017-2018,0
2018-04-07,11.000000000000002,0.5,7.9,3.666666666666668,88.0,11.5,99.5,0.5,1.859329941893697,98.33333333333333,2.0,12.866666666666665,0.0,,,,,,0,3,7.225,88.0,11.649999999999999,98.5,0.5,4,0.9952176027737294,-0.09768276782171598,2017-2018,0
2018-04-08,2.7,0.8,2.1,1.666666666666667,87.5,12.5,99.5,0.8999999999999999,1.863618499479586,85.0,2.1,10.0,0.0,,,,,,0,0,2.625,87.5,10.5,88.75,0.575,4,0.9933900548258936,-0.11478762552212701,2017-2018,0
2018-04-09,0.0,0.0,0.9,2.016666666666666,70.0,13.45,98.0,0.9,4.981171730885674,98.33333333333333,0.9,13.366666666666667,0.0,,,,,,0,3,4.425,73.0,13.45,97.75,0.425,4,0.9912685467787256,-0.13185851571739118,2017-2018,0
2018-04-10,0.3,0.0,-0.4,6.8500000000000005,85.5,6.4,0.0,0.0,2.136764110770246,6.333333333333333,0.0,4.733333333333333,12.0,,,,,,0,0,3.125,80.5,5.15,4.75,0.0,4,0.9888537064205885,-0.1488903868564548,2017-2018,0
2018-04-11,0.0,0.0,11.4,0.5333333333333314,80.0,18.5,100.0,0.0,3.3400615583330246,100.0,0.0,19.233333333333334,24.0,,,,,,0,0,12.625,80.0,18.975,100.0,0.0,4,0.986146248341595,-0.16587819893463143,2017-2018,0
2018-04-12,14.5,0.0,10.2,4.066666666666666,99.0,8.8,97.5,0.0,0.149546685696194,94.66666666666667,0.3,5.966666666666668,8.0,,,,,,0,1,11.275,96.75,6.675000000000001,96.0,0.075,4,0.9831469737221499,-0.1828169249850199,2017-2018,0
2018-04-13,0.0,0.0,6.9,3.2666666666666675,75.5,7.4,0.0,0.0,3.9940960037328863,0.0,0.0,8.566666666666666,19.0,,,,,,0,0,7.6,65.5,8.275,0.0,0.0,4,0.9798567700958665,-0.1997015525660636,2017-2018,0
2018-04-14,0.0,0.0,6.7,0.16666666666666607,75.0,11.850000000000001,92.5,0.0,4.266497313869826,89.66666666666667,0.0,17.6,24.0,,,,,,0,0,12.399999999999999,72.25,15.65,90.25,0.0,4,0.9762766110869321,-0.21652708524481437,2017-2018,0
2018-04-15,13.299999999999999,3.9,13.8,-1.6666666666666679,99.5,13.65,100.0,4.5,0.07609184846124428,100.0,3.0,11.233333333333334,0.0,,,,,,0,3,11.0,98.25,12.375,100.0,1.5,4,0.9724075561219968,-0.23328854407545518,2017-2018,0
2018-04-16,0.30000000000000004,0.0,5.3,2.4000000000000004,93.0,4.35,67.5,0.0,1.039621568441568,39.0,0.0,5.766666666666666,7.0,,,,,,0,0,6.85,84.75,5.55,46.0,0.0,4,0.9682507501166718,-0.2499809690726521,2017-2018,0
2018-04-17,0.0,0.0,2.5,4.6000000000000005,79.0,7.949999999999999,100.0,0.0,3.384304668583578,100.0,0.0,7.433333333333333,24.0,,,,,,0,0,8.625,77.0,7.5,100.0,0.0,4,0.9638074231367307,-0.26659942067929354,2017-2018,0
2018-04-18,7.199999999999999,4.3,11.5,0.8333333333333339,95.0,2.8499999999999996,100.0,7.2,0.7719547969572016,100.0,3.8,5.833333333333333,0.0,,,,,,0,3,11.225,96.0,5.074999999999999,100.0,2.125,4,0.9590788900341131,-0.28313898122818354,2017-2018,0
2018-04-19,0.0,0.0,4.2,5.033333333333334,72.0,7.550000000000001,0.0,0.0,4.6282870941408545,0.0,0.0,6.033333333333334,14.0,,,,,,0,0,9.3,66.0,6.325,0.0,0.0,4,0.9540665500578387,-0.2995947563972602,2017-2018,0
2018-04-20,0.0,0.0,8.9,4.033333333333335,67.0,3.8,0.0,0.0,5.889024561692405,0.0,0.0,3.7999999999999994,24.0,,,,,,0,0,12.299999999999999,65.25,3.55,0.0,0.0,4,0.9487718864399473,-0.31596187665790293,2017-2018,0
2018-04-21,0.0,0.0,9.0,2.633333333333333,72.0,13.3,0.0,0.0,4.818759683627351,0.0,0.0,12.733333333333334,24.0,,,,,,0,0,13.375,69.0,12.8,0.0,0.0,4,0.9431964659565866,-0.33223549871590435,2017-2018,0
2018-04-22,0.0,0.0,9.0,6.466666666666663,73.5,7.15,0.0,0.0,4.523474091477973,17.666666666666668,0.0,4.566666666666667,24.0,,,,,,0,0,13.975000000000001,69.0,5.15,13.25,0.0,4,0.9373419384643772,-0.3484108069446808,2017-2018,0
2018-04-23,0.0,0.0,10.3,5.050000000000001,69.5,4.0,86.0,0.0,5.388885796079702,91.66666666666667,0.0,2.533333333333333,24.0,,,,,,0,0,13.8,68.75,2.925,88.75,0.0,4,0.9312100364121947,-0.3644830148102912,2017-2018,0
2018-04-24,0.7999999999999999,0.4,15.8,1.466666666666665,89.5,12.6,100.0,1.1,1.7248207927234116,100.0,1.0,13.666666666666666,0.0,,,,,,0,3,15.825,89.5,12.875,100.0,0.42500000000000004,4,0.9248025743285089,-0.38044736628785164,2017-2018,0
2018-04-25,29.200000000000003,12.4,16.9,-0.48333333333333073,95.0,6.35,100.0,23.7,0.8034900036131898,100.0,25.7,9.6,0.0,,,,,,0,3,15.875,97.25,8.100000000000001,100.0,9.05,4,0.9181214482844365,-0.39629913726891813,2017-2018,0
2018-04-26,1.5000000000000002,0.30000000000000004,9.2,1.5166666666666675,93.0,9.85,95.0,0.1,1.0720493676361258,53.333333333333336,0.0,9.966666666666667,1.0,,,,,,0,0,9.625,88.0,10.0,64.75,0.025,4,0.9111686353326631,-0.41203363695942635,2017-2018,0
2018-04-27,0.0,0.0,15.1,-3.25,83.0,12.65,99.5,0.0,2.8741304645179184,96.33333333333333,0.0,12.566666666666668,24.0,,,,,,0,0,16.3,79.5,12.649999999999999,97.25,0.0,4,0.9039461929224011,-0.42764620926777464,2017-2018,0
2018-04-28,0.0,0.2,11.3,1.5166666666666675,96.0,6.1,95.5,0.1,0.6120914375510669,100.0,0.0,5.333333333333333,1.0,,,,,,0,0,11.224999999999998,92.25,5.699999999999999,97.75,0.025,4,0.8964562582905575,-0.44313223418263453,2017-2018,0
2018-04-29,0.0,0.0,8.8,3.1500000000000004,82.0,13.0,0.0,0.0,2.9412169201934804,0.0,0.0,12.433333333333332,24.0,,,,,,0,0,13.575,73.0,12.575,0.0,0.0,4,0.8887010478292915,-0.45848712914008766,2017-2018,0
2018-04-30,0.0,0.0,14.3,1.1999999999999993,81.5,12.149999999999999,92.5,0.0,3.1278214178709156,96.33333333333333,0.0,13.199999999999998,24.0,,,,,,0,0,15.649999999999999,77.25,12.95,95.5,0.0,4,0.8806828564301475,-0.47370635037968,2017-2018,0
2018-05-01,0.0,0.0,11.2,3.1333333333333346,79.5,4.9,35.0,0.0,3.476925012980706,7.666666666666667,0.0,3.9,24.0,,,,,,0,0,16.325,74.75,4.15,21.75,0.0,5,0.8724040568049612,-0.48878539428899265,2017-2018,0
2018-05-02,0.0,0.0,14.0,2.6999999999999993,73.5,10.95,100.0,0.0,4.714917117913407,100.0,0.0,13.800000000000002,24.0,,,,,,0,0,16.5,69.5,12.974999999999998,100.0,0.0,5,0.8638670987837349,-0.503719798736334,2017-2018,0
2018-05-03,7.300000000000001,6.4,17.6,0.4833333333333343,97.0,4.8,99.5,1.7,0.4827129803400254,99.66666666666667,5.6,10.066666666666666,0.0,,,,,,0,3,16.925,96.5,8.8,99.75,1.65,5,0.8550745085896932,-0.518505144391157,2017-2018,0
2018-05-04,0.1,0.0,8.9,2.049999999999997,92.5,9.850000000000001,100.0,1.9,1.1494999305755709,97.0,2.5999999999999996,9.2,0.0,,,,,,0,3,9.025,93.25,9.600000000000001,97.75,1.075,5,0.8460288880917339,-0.533137056031809,2017-2018,0
2018-05-05,0.1,0.0,10.1,0.4499999999999993,71.5,4.4,27.0,0.0,4.936332065237738,20.0,0.0,7.133333333333333,12.0,,,,,,0,0,12.625,63.25,6.375,21.0,0.0,5,0.8367329140344921,-0.5476112038402312,2017-2018,0
2018-05-06,0.0,0.0,8.2,5.4,73.5,11.9,98.5,0.0,4.502246848511861,99.66666666666667,0.0,10.466666666666667,24.0,,,,,,0,0,13.425,69.75,10.6,99.25,0.0,5,0.8271893372462497,-0.5619233046832195,2017-2018,0
2018-05-07,7.299999999999999,7.6,14.2,1.7833333333333332,92.0,13.600000000000001,100.0,4.2,1.2826493140090172,100.0,5.4,12.0,0.0,,,,,,0,3,14.575,92.25,12.45,100.0,2.0,5,0.8174009818249189,-0.5760691233798758,2017-2018,0
2018-05-08,1.8,0.1,12.2,3.6166666666666654,99.5,6.050000000000001,100.0,0.0,0.07618136719609225,100.0,0.0,6.2,6.0,,,,,,0,0,12.725000000000001,98.5,6.2,100.0,0.0,5,0.8073707443023492,-0.5900444739548627,2017-2018,0
2018-05-09,5.0,4.0,12.4,1.3166666666666664,99.0,6.949999999999999,99.5,2.0,0.15288021926649975,99.0,1.7,7.599999999999999,0.0,,,,,,0,3,12.25,98.75,7.525,99.25,0.7,5,0.7971015927871943,-0.6038452208771035,2017-2018,0
2018-05-10,2.5,1.4,8.9,1.9833333333333325,98.0,10.35,97.0,1.2999999999999998,0.2985326391273464,83.33333333333333,1.6,10.6,0.0,,,,,,0,3,8.85,95.5,10.325,87.5,0.575,5,0.7865965660866021,-0.6174672802835514,2017-2018,0
2018-05-11,0.0,0.0,4.6,3.3166666666666673,77.0,5.65,28.0,0.0,3.726110010160877,31.666666666666668,0.0,4.0,14.0,,,,,,0,0,9.925,65.75,4.3500000000000005,35.75,0.0,5,0.7758587728069828,-0.6309066211876704,2017-2018,0
2018-05-12,0.0,0.0,8.8,3.966666666666667,77.0,9.55,94.0,0.0,3.851903025445443,96.66666666666667,0.0,7.166666666666667,24.0,,,,,,0,0,13.65,72.75,7.800000000000001,96.75,0.0,5,0.7648913904341226,-0.6441592666722685,2017-2018,0
2018-05-13,0.0,0.0,16.0,0.9499999999999993,82.5,14.75,99.5,0.0,2.9856910334625066,100.0,0.1,15.266666666666666,24.0,,,,,,0,1,16.650000000000002,82.0,15.125,99.75,0.025,5,0.753697664392914,-0.6572212950663319,2017-2018,0
2018-05-14,7.4,9.0,15.5,0.5166666666666693,100.0,9.7,100.0,3.6999999999999997,-1.7763568394002505e-15,100.0,2.9999999999999996,10.6,0.0,,,,,,0,3,14.825000000000001,99.75,10.45,100.0,1.325,5,0.742280907086982,-0.6700888411055113,2017-2018,0
2018-05-15,0.0,0.0,8.3,4.916666666666666,73.5,10.8,0.5,0.0,4.632137133951801,0.3333333333333333,0.0,9.933333333333334,20.0,,,,,,0,0,16.775,70.75,10.3,0.25,0.0,5,0.7306444969184916,-0.6827580970759147,2017-2018,0
2018-05-16,0.0,0.0,14.7,3.75,85.5,12.3,95.5,0.0,2.417873474581482,95.33333333333333,0.0,10.1,24.0,,,,,,0,0,18.3,78.25,10.650000000000002,95.75,0.0,5,0.7187918772884232,-0.6952253139408722,2017-2018,0
2018-05-17,0.0,0.0,18.5,2.333333333333332,75.0,10.7,100.0,0.0,4.530022492476466,97.0,0.2,8.633333333333335,24.0,,,,,,0,1,19.75,76.5,9.2,97.75,0.05,5,0.7067265555776158,-0.7074868024503348,2017-2018,0
2018-05-18,0.0,0.0,19.1,1.7666666666666693,92.5,9.1,78.5,0.0,1.2513646032773096,72.33333333333333,0.0,7.266666666666667,14.0,,,,,,0,0,21.75,87.5,7.624999999999999,74.0,0.0,5,0.6944521021088763,-0.719538934232584,2017-2018,0
2018-05-19,14.9,19.2,13.0,7.933333333333334,96.5,12.100000000000001,100.0,1.0,0.5425995486223769,100.0,1.9999999999999998,13.5,0.0,,,,,,0,3,12.350000000000001,95.75,12.825,100.0,0.575,5,0.6819721490904629,-0.7313781428679254,2017-2018,0
2018-05-20,0.0,0.0,8.5,1.950000000000001,90.5,6.699999999999999,78.0,0.0,1.4664259688596806,93.0,0.0,3.9,13.0,,,,,,0,0,9.7,86.25,4.824999999999999,89.0,0.0,5,0.6692903895412567,-0.7430009249440493,2017-2018,0
2018-05-21,0.0,0.0,12.2,3.1333333333333346,90.0,5.5,99.5,0.0,1.5948826191001455,97.0,0.0,3.4000000000000004,24.0,,,,,,0,0,14.675,82.5,3.9499999999999997,97.75,0.0,5,0.6564105761979381,-0.7544038410927472,2017-2018,0
2018-05-22,0.0,0.0,9.2,7.333333333333332,86.5,6.6,51.0,0.0,2.1536047682805783,10.333333333333334,0.0,4.233333333333333,24.0,,,,,,0,0,14.875,75.5,4.825,28.0,0.0,5,0.6433365204044917,-0.765583517007675,2017-2018,0
2018-05-23,0.0,0.0,16.3,0.8833333333333329,72.0,20.15,99.5,0.0,5.070843072352643,98.33333333333333,0.0,20.5,24.0,,,,,,0,0,16.975,72.0,20.325,98.5,0.0,5,0.6300720909843687,-0.7765366444428655,2017-2018,0
2018-05-24,12.999999999999998,0.0,16.2,0.28333333333333144,99.0,11.3,100.0,1.7000000000000002,0.15715945884572413,66.66666666666667,3.0000000000000004,11.333333333333334,0.0,,,,,,0,3,15.9,97.0,11.325,75.0,0.9,5,0.6166212130956382,-0.7872599821916922,2017-2018,0
2018-05-25,0.0,0.0,11.4,3.0166666666666657,73.0,6.7,49.0,0.0,4.725618068545893,54.0,0.0,4.566666666666666,20.0,,,,,,0,0,17.025,68.0,5.025,56.75,0.0,5,0.6029878670694714,-0.7977503570459932,2017-2018,0
2018-05-26,0.0,0.0,16.0,2.3166666666666664,56.5,3.35,94.0,0.0,8.668046451799189,98.66666666666667,0.0,4.533333333333333,24.0,,,,,,0,0,18.425,61.0,4.3,97.0,0.0,5,0.5891760872322963,-0.8080046647350754,2017-2018,0
2018-05-27,0.0,0.0,12.7,5.150000000000002,95.5,6.550000000000001,14.0,0.0,0.7013588239093789,2.6666666666666665,0.0,3.4000000000000004,24.0,,,,,,0,0,15.875,82.75,4.4,7.75,0.0,5,0.5751899607119775,-0.8180198708443175,2017-2018,0
2018-05-28,0.0,0.0,15.5,3.0666666666666664,65.0,12.2,95.0,0.0,6.644677935783292,96.66666666666667,0.0,11.033333333333331,24.0,,,,,,0,0,18.8,70.5,11.399999999999999,97.25,0.0,5,0.5610336262283677,-0.8277930117131022,2017-2018,0
2018-05-29,0.0,0.0,15.9,3.166666666666666,88.0,11.1,93.5,0.0,1.995546385999182,92.0,0.0,11.033333333333331,24.0,,,,,,0,0,18.625,80.5,11.05,92.25,0.0,5,0.5467112728685939,-0.8373211953118121,2017-2018,0
2018-05-30,0.0,0.0,19.0,0.6666666666666679,83.0,12.45,99.5,0.0,2.952045422847778,100.0,0.3,13.133333333333333,24.0,,,,,,0,1,19.200000000000003,81.25,12.8,99.75,0.075,5,0.5322271388474397,-0.8466016020976267,2017-2018,0
2018-05-31,0.0,0.0,13.6,2.116666666666667,90.0,8.5,66.0,0.2,1.621758152770921,84.0,0.7,5.433333333333334,0.0,,,,,,0,3,16.675,88.75,6.275,82.5,0.175,5,0.5175855102531889,-0.8556314858488706,2017-2018,0
2018-06-01,4.8999999999999995,0.4,13.7,2.066666666666668,97.0,4.25,32.0,0.0,0.469672414362039,34.0,0.0,7.166666666666667,2.0,,,,,,0,0,15.099999999999998,91.5,6.35,34.25,0.0,6,0.5027907197793043,-0.8644081744776648,2017-2018,0
2018-06-02,0.0,0.0,11.3,3.533333333333333,93.0,5.449999999999999,0.0,0.0,1.1002392866079003,0.0,0.0,3.1333333333333333,24.0,,,,,,0,0,15.675,84.75,3.5499999999999994,0.0,0.0,6,0.4878471454423119,-0.8729290708206411,2017-2018,0
2018-06-03,0.0,0.0,13.7,3.5833333333333357,91.5,10.8,0.0,0.0,1.3718647280872105,0.0,0.0,8.1,24.0,,,,,,0,0,17.975,82.75,8.700000000000001,0.0,0.0,6,0.47275920928627757,-0.881191653407483,2017-2018,0
2018-06-04,0.0,0.0,16.0,4.0,84.5,10.75,45.0,0.0,2.6176793098788522,13.333333333333334,0.0,5.633333333333333,24.0,,,,,,0,0,18.900000000000002,77.0,7.0,23.0,0.0,6,0.4575313760742512,-0.8891934772070711,2017-2018,0
2018-06-05,0.0,0.0,17.2,3.6499999999999986,77.0,10.95,68.5,0.0,4.075434363463874,93.33333333333333,0.0,10.733333333333334,24.0,,,,,,0,0,19.525,74.25,10.75,81.0,0.0,6,0.44216815196707204,-0.8969321743510065,2017-2018,0
2018-06-06,0.4,0.7,17.5,2.0166666666666657,94.5,6.5,100.0,2.4000000000000004,0.8923592101336553,100.0,3.9,6.8,0.0,,,,,,0,3,17.6,94.5,6.7,100.0,1.3000000000000003,6,0.42667408318992467,-0.9044054548343001,2017-2018,0
2018-06-07,1.4000000000000001,0.3,16.7,1.533333333333335,90.0,4.449999999999999,45.0,0.0,1.6577277740719083,6.666666666666667,0.0,2.8666666666666667,4.0,,,,,,0,0,19.299999999999997,85.25,3.175,22.5,0.0,6,0.4110537546870351,-0.9116111071930239,2017-2018,0
2018-06-08,0.0,0.0,17.5,2.650000000000002,85.5,11.3,57.0,0.2,2.4816296236971453,45.666666666666664,0.1,11.800000000000002,0.0,,,,,,0,1,20.4,80.75,11.55,51.75,0.05,6,0.3953117887649151,-0.9185469991587165,2017-2018,0
2018-06-09,17.900000000000002,1.2,19.7,1.4666666666666686,99.0,4.699999999999999,100.0,0.0,0.1614362157222402,100.0,0.1,6.166666666666667,2.0,,,,,,0,1,19.5,98.75,5.8999999999999995,100.0,0.025,6,0.37945284372454435,-0.925211078289358,2017-2018,0
2018-06-10,0.0,0.0,15.5,2.799999999999997,97.5,3.45,99.0,0.0,0.3949253259479555,99.33333333333333,0.0,3.0666666666666664,15.0,,,,,,0,0,17.725,90.0,3.2,99.25,0.0,6,0.36348161248290634,-0.9316013725767187,2017-2018,0
2018-06-11,7.300000000000001,5.1,19.0,2.1333333333333364,97.0,4.25,99.5,0.2,0.48827664434839235,79.33333333333333,0.0,3.733333333333333,1.0,,,,,,0,0,20.325,93.25,3.75,84.5,0.05,6,0.3474028211842774,-0.9377159910299093,2017-2018,0
2018-06-12,1.9,0.4,17.9,1.283333333333335,97.5,6.5,100.0,0.1,0.4019736114109982,91.0,0.8,7.366666666666666,0.0,,,,,,0,3,18.35,94.75,6.875,93.25,0.2,6,0.3312212278016865,-0.9435531242349544,2017-2018,0
2018-06-13,2.8,0.2,16.2,0.4333333333333371,98.5,9.4,79.5,0.1,0.23598966674162014,42.0,0.0,8.766666666666667,1.0,,,,,,0,0,16.175,93.75,9.05,56.5,0.025,6,0.31494162072895193,-0.9491110448902284,2017-2018,0
2018-06-14,0.0,0.0,13.0,2.616666666666667,94.5,2.95,49.0,0.0,0.8678964242523115,15.666666666666666,0.0,2.7000000000000006,16.0,,,,,,0,0,15.1,89.25,2.8500000000000005,26.25,0.0,6,0.2985688173637202,-0.9543881083175908,2017-2018,0
2018-06-15,0.0,0.0,16.9,1.3833333333333364,93.0,5.85,100.0,1.2,1.1414551375130628,99.33333333333333,3.8000000000000003,5.8,0.0,,,,,,0,3,17.575000000000003,94.0,5.800000000000001,99.5,1.0750000000000002,6,0.2821076626819194,-0.9593827529490743,2017-2018,0
2018-06-16,0.0,0.0,12.9,3.666666666666666,95.0,4.5,100.0,0.0,0.7826000489200684,99.0,0.0,5.066666666666667,13.0,,,,,,0,0,13.525,91.75,5.0,99.25,0.0,6,0.26556302780405594,-0.9640935007889755,2017-2018,0
2018-06-17,0.0,0.0,12.6,1.3499999999999979,88.5,8.6,19.0,0.0,1.8997053656375407,20.666666666666668,0.0,10.5,24.0,,,,,,0,0,18.125,82.5,9.875,20.5,0.0,6,0.24893980855376657,-0.9685189578512204,2017-2018,0
2018-06-18,0.0,0.0,18.5,1.25,77.0,14.65,100.0,0.0,4.112773060359066,100.0,0.0,14.0,24.0,,,,,,0,0,19.299999999999997,76.5,14.25,100.0,0.0,6,0.23224292400907015,-0.9726578145718654,2017-2018,0
2018-06-19,0.0,0.0,17.6,2.849999999999998,88.0,5.35,3.5,0.0,2.0239798671518656,46.333333333333336,0.0,3.766666666666667,24.0,,,,,,0,0,21.075,80.0,4.0249999999999995,35.5,0.0,6,0.21547731504673012,-0.976508846196619,2017-2018,0
2018-06-20,2.0999999999999996,1.5,19.1,2.1499999999999986,89.0,16.1,100.0,6.7,1.8604391234230384,100.0,14.000000000000002,11.133333333333335,0.0,,,,,,0,3,19.5,89.25,12.850000000000001,100.0,4.375,6,0.19864794288017112,-0.9800709131432666,2017-2018,0
2018-06-21,2.6,0.30000000000000004,19.0,1.5999999999999979,99.5,4.0,100.0,0.0,0.08026416198796227,100.0,0.30000000000000004,3.8666666666666667,2.0,,,,,,0,2,19.05,98.0,4.075,100.0,0.07500000000000001,6,0.18175978759137534,-0.9833429613388902,2017-2018,0
2018-06-22,0.1,0.0,14.4,5.183333333333335,78.5,3.8499999999999996,44.5,0.0,3.748777325948204,81.0,0.0,2.066666666666667,12.0,,,,,,0,0,18.575,70.75,2.6999999999999997,60.75,0.0,6,0.16481784665719793,-0.9863240225317866,2017-2018,0
2018-06-23,0.0,0.0,15.3,4.633333333333333,74.5,10.350000000000001,100.0,0.0,4.553198288038766,100.0,0.4,10.133333333333333,24.0,,,,,,0,1,17.6,74.5,10.175,100.0,0.1,6,0.14782713347053048,-0.9890132145779883,2017-2018,0
2018-06-24,0.0,0.0,15.3,2.7833333333333314,91.5,6.550000000000001,52.0,0.0,1.3851601760578873,72.66666666666667,0.0,3.3000000000000007,14.0,,,,,,0,0,18.400000000000002,80.0,4.275,65.25,0.0,6,0.13079267585675922,-0.9914097417023038,2017-2018,0
2018-06-25,0.0,0.0,17.5,4.150000000000002,82.5,2.05,0.0,0.0,3.048974118315506,0.0,0.0,1.6333333333333335,24.0,,,,,,0,0,21.25,76.25,2.0,0.0,0.0,6,0.11371951458594969,-0.9935128947338007,2017-2018,0
2018-06-26,0.0,0.0,19.0,4.383333333333336,87.5,11.55,1.0,0.0,2.140929308540663,65.0,0.0,10.766666666666666,24.0,,,,,,0,0,22.625,80.0,11.025000000000002,49.25,0.0,6,0.0966127018812031,-0.9953220513156602,2017-2018,0
2018-06-27,1.8,2.1,23.5,0.9166666666666679,89.0,15.65,100.0,0.9,1.9245532456479282,99.0,0.5,17.900000000000002,0.0,,,,,,0,1,24.424999999999997,86.5,17.0,99.25,0.225,6,0.07947729992362097,-0.9968366760893436,2017-2018,0
2018-06-28,3.5999999999999996,1.0,23.2,2.183333333333337,92.0,4.15,97.5,4.800000000000001,1.3757538824498177,99.66666666666667,4.6,3.933333333333333,0.0,,,,,,0,3,24.075000000000003,91.75,3.6,98.5,2.25,6,0.062318379354325076,-0.998056320853012,2017-2018,0
2018-06-29,0.0,0.0,24.7,0.783333333333335,81.0,17.200000000000003,99.5,0.0,3.4895719564575174,99.33333333333333,0.0,17.733333333333334,20.0,,,,,,0,0,25.75,79.5,17.700000000000003,99.25,0.0,6,0.04514101777397193,-0.9989806246941579,2017-2018,0
2018-06-30,2.4,0.1,23.1,1.2333333333333307,87.0,16.7,98.5,0.2,2.2864116529017195,99.0,3.5,16.63333333333333,0.0,,,,,,0,3,23.75,88.0,16.525,99.25,0.875,6,0.02795029824021032,-0.999609314096404,2017-2018,0
2018-07-01,0.0,0.0,23.9,1.2500000000000036,85.0,13.1,93.5,0.0,2.681372266685017,75.33333333333333,0.0,14.6,21.0,,,,,,0,0,25.175,82.0,14.0,79.5,0.0,7,0.01075130776352193,-0.9999422030204416,2017-2018,0
2018-07-02,0.0,0.0,22.7,1.5833333333333321,77.5,14.9,78.5,0.0,4.153668407306192,70.33333333333333,0.0,15.033333333333333,24.0,,,,,,0,0,24.825,75.25,15.024999999999999,72.0,0.0,7,-0.00645086419810515,-0.9999791929590823,2017-2018,0
2018-07-03,0.1,0.0,24.6,1.3166666666666664,84.0,14.850000000000001,100.0,0.0,2.882021525976011,68.66666666666667,0.0,16.2,10.0,,,,,,0,0,25.175,80.75,15.55,76.5,0.0,7,-0.023651127245231586,-0.9997202729664083,2017-2018,0
2018-07-04,0.1,0.1,23.1,1.3499999999999979,82.0,27.65,99.5,0.4,3.2815586230616276,99.66666666666667,0.4,27.3,0.0,,,,,,0,3,25.174999999999997,81.25,27.549999999999997,99.75,0.15,7,-0.04084439154329611,-0.9991655196610109,2017-2018,0
2018-07-05,7.3999999999999995,1.9,22.5,2.349999999999998,96.5,3.2,100.0,3.6,0.5847221387923547,100.0,7.8,3.1,0.0,,,,,,0,3,22.724999999999998,96.25,2.8500000000000005,100.0,2.1999999999999997,7,-0.05802556932878035,-0.9983150972033183,2017-2018,0
2018-07-06,39.2,3.1,21.2,1.8166666666666664,95.0,3.0,100.0,0.8,0.8353392074257755,100.0,5.9,3.3333333333333335,0.0,,,,,,0,3,22.2,95.0,3.325,100.0,1.55,7,-0.07518957641475855,-0.9971692572470178,2017-2018,0
2018-07-07,20.3,1.7000000000000002,23.9,0.18333333333333357,89.5,14.15,100.0,3.9,1.832667327035118,100.0,7.300000000000001,13.233333333333334,0.0,,,,,,0,3,23.949999999999996,89.5,13.5,100.0,2.225,7,-0.09233133369539122,-0.9957283388645872,2017-2018,0
2018-07-08,44.89999999999999,3.8,22.2,1.3999999999999986,91.0,11.0,72.5,0.2,1.5422544795263846,53.0,0.0,13.200000000000001,1.0,,,,,,0,0,23.575,88.25,12.35,59.5,0.05,7,-0.10944576864891556,-0.993992768446958,2017-2018,0
2018-07-09,0.0,0.0,23.2,1.43333333333333,85.0,11.2,4.0,0.0,2.664424198475018,6.333333333333333,0.0,12.933333333333332,24.0,,,,,,0,0,24.75,80.0,12.299999999999999,6.75,0.0,7,-0.12652781683868314,-0.9919630595773397,2017-2018,0
2018-07-10,0.1,0.0,23.7,1.68333333333333,88.5,9.899999999999999,41.0,0.0,2.016139985883637,91.33333333333333,0.0,10.633333333333333,12.0,,,,,,0,0,25.325000000000003,82.75,10.375,70.25,0.0,7,-0.1435724234118113,-0.9896398128792412,2017-2018,0
2018-07-11,0.1,0.0,20.8,4.899999999999999,96.5,5.5,98.0,0.0,0.5809874031316618,97.66666666666667,0.0,3.8000000000000003,12.0,,,,,,0,0,24.199999999999996,86.5,4.125,97.5,0.0,7,-0.16057454459499376,-0.9870237158387383,2017-2018,0
2018-07-12,0.0,0.1,22.9,2.3833333333333364,94.0,1.95,99.5,0.4,1.0199779303713186,99.66666666666667,0.4,1.5999999999999999,0.0,,,,,,0,3,23.7,90.75,1.6,99.75,0.15,7,-0.17752914918703497,-0.984115542601034,2017-2018,0
2018-07-13,0.0,0.0,21.7,2.633333333333333,88.0,2.05,97.5,0.0,2.096328940224005,98.33333333333333,0.0,1.3666666666666665,14.0,,,,,,0,0,24.150000000000002,85.5,1.7249999999999999,98.25,0.0,7,-0.19443122004766195,-0.9809161537413774,2017-2018,0
2018-07-14,0.0,0.0,21.3,2.6833333333333336,92.5,3.9,81.0,0.0,1.2737868165062487,54.0,0.0,2.766666666666667,24.0,,,,,,0,0,23.825,88.0,3.05,63.75,0.0,7,-0.2112757555821793,-0.9774264960104055,2017-2018,0
2018-07-15,0.0,0.0,23.3,2.616666666666667,88.0,9.15,21.5,0.0,2.105756115525871,3.3333333333333335,0.0,7.966666666666668,24.0,,,,,,0,0,25.975,81.25,8.225,10.75,0.0,7,-0.2280577712215198,-0.9736476020539838,2017-2018,0
2018-07-16,0.0,0.0,21.8,5.350000000000001,95.0,5.9,89.0,0.0,0.841023709505258,59.333333333333336,0.0,3.2000000000000006,24.0,,,,,,0,0,25.5,84.5,4.0,69.0,0.0,7,-0.24477230089725957,-0.9695805901076308,2017-2018,0
2018-07-17,0.0,0.0,22.6,5.18333333333333,95.0,8.35,97.0,0.0,0.8492685790778722,94.66666666666667,0.0,5.633333333333334,24.0,,,,,,0,0,25.975,88.0,6.275,95.5,0.0,7,-0.2614143985111562,-0.965226663665613,2017-2018,0
2018-07-18,0.0,0.0,23.2,4.383333333333333,89.0,5.25,79.0,0.0,1.910928250909393,72.66666666666667,0.0,3.1666666666666665,24.0,,,,,,0,0,25.5,81.75,3.6500000000000004,76.25,0.0,7,-0.2779791393987801,-0.9605871111248129,2017-2018,0
2018-07-19,0.0,0.0,20.9,4.433333333333334,94.0,7.65,11.5,0.0,1.0195955952244873,2.3333333333333335,0.0,4.4,24.0,,,,,,0,0,25.375,86.25,5.15,6.75,0.0,7,-0.2944616217868012,-0.9556633054034704,2017-2018,0
2018-07-20,0.0,0.0,24.5,1.3666666666666707,88.0,9.45,7.0,0.0,2.12467341024551,24.0,0.0,9.933333333333335,24.0,,,,,,0,0,26.55,81.5,9.825,19.25,0.0,7,-0.3108569682435036,-0.9504567035349151,2017-2018,0
2018-07-21,0.0,0.0,25.2,2.099999999999998,88.0,8.05,1.5,0.0,2.1365393346396964,0.3333333333333333,0.0,9.233333333333334,24.0,,,,,,0,0,26.9,80.5,8.8,0.75,0.0,7,-0.3271603271220951,-0.9449688462364056,2017-2018,0
2018-07-22,0.0,0.0,23.1,4.433333333333334,93.5,8.55,49.5,0.0,1.1108525993531764,21.333333333333332,0.0,4.666666666666667,24.0,,,,,,0,0,26.15,83.75,5.675000000000001,28.0,0.0,7,-0.34336687399638804,-0.939201357453208,2017-2018,0
2018-07-23,0.0,0.0,23.9,3.283333333333335,85.0,3.5999999999999996,10.0,0.0,2.692367007140625,24.333333333333332,0.0,3.1666666666666665,24.0,,,,,,0,0,26.450000000000003,79.0,3.3249999999999997,20.25,0.0,7,-0.3594718130884232,-0.9331559438780432,2017-2018,0
2018-07-24,0.0,0.0,24.8,1.5,96.5,3.5,82.5,0.0,0.5959979789652436,71.66666666666667,0.2,5.233333333333333,24.0,,,,,,0,2,25.750000000000004,90.75,4.65,70.0,0.05,7,-0.3754703786876202,-0.9268343944460494,2017-2018,0
2018-07-25,0.0,0.0,22.1,3.4333333333333336,94.0,6.0,91.0,0.0,1.0161577917950098,89.33333333333333,0.0,3.0666666666666664,22.0,,,,,,0,0,25.225,84.5,3.9000000000000004,89.75,0.0,7,-0.3913578365610259,-0.9202385798054075,2017-2018,0
2018-07-26,0.0,0.0,25.2,2.68333333333333,86.0,6.65,93.5,0.0,2.5199722950016756,94.33333333333333,0.0,6.233333333333333,24.0,,,,,,0,0,27.075,79.75,6.225,95.25,0.0,7,-0.4071294853542516,-0.9133704517637858,2017-2018,0
2018-07-27,0.2,0.0,24.8,2.5833333333333357,83.0,7.65,50.0,0.0,3.0822846034316314,33.666666666666664,0.0,6.633333333333333,11.0,,,,,,0,0,25.799999999999997,78.25,6.775,38.5,0.0,7,-0.4227806579826773,-0.9062320427107697,2017-2018,0
2018-07-28,1.8,0.0,22.9,2.650000000000002,86.5,5.25,99.5,0.0,2.372194383532655,99.66666666666667,0.1,6.533333333333334,7.0,,,,,,0,1,23.224999999999998,87.5,5.725,99.75,0.025,7,-0.4383067230125192,-0.898825465016444,2017-2018,0
2018-07-29,0.1,0.1,23.9,2.366666666666667,78.5,20.450000000000003,100.0,0.0,4.008403051741091,82.33333333333333,0.0,19.366666666666667,2.0,,,,,,0,0,26.125,75.0,18.725,86.75,0.0,7,-0.45370308603134424,-0.8911529104063088,2017-2018,0
2018-07-30,0.2,0.0,22.4,3.8333333333333357,87.0,10.25,28.5,0.0,2.271903431574543,27.333333333333332,0.0,6.333333333333333,11.0,,,,,,0,0,25.0,77.75,7.45,25.5,0.0,7,-0.46896519100763184,-0.8832166493127127,2017-2018,0
2018-07-31,0.1,0.0,24.3,3.0166666666666657,89.0,8.0,3.5,0.0,1.9331832628658674,2.3333333333333335,0.0,5.066666666666666,12.0,,,,,,0,0,26.45,81.25,5.775,3.0,0.0,7,-0.48408852163897587,-0.8750190302029955,2017-2018,0
2018-08-01,0.0,0.0,24.3,3.466666666666665,86.5,7.75,11.0,0.0,2.4024881378207503,12.666666666666666,0.0,4.2,14.0,,,,,,0,0,26.825,77.5,5.075,12.25,0.0,8,-0.4990686026885319,-0.8665624788845385,2017-2018,0
2018-08-02,0.0,0.0,23.7,5.183333333333337,81.5,3.5999999999999996,0.0,0.0,3.36888276382091,15.333333333333334,0.0,3.233333333333333,16.0,,,,,,0,0,26.625,72.75,3.2,11.5,0.0,8,-0.5139010013093103,-0.8578494977869301,2017-2018,0
2018-08-03,0.0,0.0,22.9,4.949999999999999,83.5,4.2,7.5,0.0,2.960809796592102,7.666666666666667,0.0,3.966666666666667,24.0,,,,,,0,0,25.375,79.25,3.9749999999999996,7.25,0.0,8,-0.5285813283559292,-0.8488826652214553,2017-2018,0
2018-08-04,0.0,0.0,22.2,4.583333333333332,81.0,4.15,77.5,0.0,3.422646850724611,86.33333333333333,0.0,3.4,24.0,,,,,,0,0,25.15,70.5,3.45,81.5,0.0,8,-0.5431052396834317,-0.8396646346181327,2017-2018,0
2018-08-05,0.0,0.0,22.5,5.083333333333332,88.0,7.050000000000001,7.5,0.0,2.0978986789945964,17.333333333333332,0.0,4.033333333333333,24.0,,,,,,0,0,26.174999999999997,75.25,4.700000000000001,13.5,0.0,8,-0.5574684374327892,-0.8301981337405212,2017-2018,0
2018-08-06,0.0,0.0,25.4,3.150000000000002,93.0,2.55,46.5,0.30000000000000004,1.2179969687386425,37.0,0.6000000000000001,4.2,0.0,,,,,,0,3,26.525000000000002,88.0,3.6999999999999997,43.0,0.175,8,-0.5716666713027052,-0.8204859638785327,2017-2018,0
2018-08-07,0.0,0.0,22.6,3.4999999999999964,88.0,5.1,61.0,0.0,2.0892723286902353,48.0,0.0,4.666666666666666,15.0,,,,,,0,0,23.475,82.25,4.775,51.0,0.0,8,-0.5856957398073508,-0.8105309990194823,2017-2018,0
2018-08-08,0.0,0.0,21.9,2.9333333333333336,93.0,3.65,60.5,0.0,1.1847631241999999,70.33333333333333,0.0,5.0,24.0,,,,,,0,0,23.2,86.25,4.425000000000001,71.0,0.0,8,-0.5995514915196489,-0.8003361849976323,2017-2018,0
2018-08-09,0.0,0.0,23.4,1.9499999999999993,95.5,6.45,100.0,0.5,0.7643168075914808,100.0,1.4,7.900000000000001,0.0,,,,,,0,3,24.7,94.0,7.4,100.0,0.4,8,-0.6132298262997502,-0.7899045386224707,2017-2018,0
2018-08-10,0.6,0.2,24.9,0.9833333333333378,95.5,1.75,62.0,0.1,0.77033053506225,57.666666666666664,0.2,1.7333333333333334,1.0,,,,,,0,1,25.725,90.5,1.975,57.75,0.07500000000000001,8,-0.6267266965083301,-0.7792391467859886,2017-2018,0
2018-08-11,0.0,0.0,24.2,2.0333333333333314,91.0,2.05,100.0,0.1,1.5666817551170205,80.66666666666667,0.30000000000000004,2.3000000000000003,1.0,,,,,,0,2,25.0,87.5,2.275,85.5,0.1,8,-0.6400381082043503,-0.7683431655492202,2017-2018,0
2018-08-12,0.0,0.0,23.9,3.3166666666666664,93.0,5.5,28.0,0.0,1.2044686331253835,50.666666666666664,0.4,3.3333333333333335,16.0,,,,,,0,2,25.725,85.5,3.85,43.5,0.1,8,-0.65316012232693,-0.7572198192083127,2017-2018,0
2018-08-13,0.0,0.3,24.4,2.916666666666668,93.5,8.65,99.5,0.0,1.1196002966144434,100.0,0.0,6.533333333333334,3.0,,,,,,0,0,26.05,89.0,6.9,99.75,0.0,8,-0.666088855860977,-0.7458723993404063,2017-2018,0
2018-08-14,0.0,0.0,24.5,2.416666666666668,93.5,8.8,81.5,0.0,1.1204351924540603,90.0,0.0,8.200000000000001,15.0,,,,,,0,0,26.875,84.0,8.200000000000001,86.0,0.0,8,-0.6788204829862355,-0.734304263829602,2017-2018,0
2018-08-15,0.0,0.0,26.4,1.2666666666666693,81.0,11.899999999999999,92.5,0.0,3.521975118321233,81.0,0.0,16.03333333333333,14.0,,,,,,0,0,27.375,76.5,14.549999999999999,85.0,0.0,8,-0.6913512362094071,-0.722518835873311,2017-2018,0
2018-08-16,2.2,0.0,25.8,0.216666666666665,84.0,10.3,99.5,0.2,2.9120987330330514,99.66666666666667,0.1,10.933333333333332,0.0,,,,,,0,1,26.724999999999998,80.25,10.675,99.5,0.05,8,-0.7036774074790128,-0.7105196029692745,2017-2018,0
2018-08-17,2.6000000000000005,0.0,18.3,4.149999999999999,88.5,6.699999999999999,5.5,0.0,1.9283077480419628,6.666666666666667,0.0,9.566666666666666,9.0,,,,,,0,0,19.1,84.0,8.475,6.5,0.0,8,-0.7157953492826642,-0.6983101158835584,2017-2018,0
2018-08-18,0.0,0.0,14.5,3.9833333333333307,84.5,6.300000000000001,56.5,0.0,2.608648621967925,91.33333333333333,0.0,4.6,24.0,,,,,,0,0,19.05,75.5,4.875000000000001,75.5,0.0,8,-0.7277014757264236,-0.6858939875998223,2017-2018,0
2018-08-19,0.0,0.0,19.1,3.4166666666666643,81.5,10.8,49.5,0.0,3.246017719909915,64.66666666666667,0.0,11.0,24.0,,,,,,0,0,21.2,73.75,10.950000000000001,55.75,0.0,8,-0.7393922635959241,-0.673274892250183,2017-2018,0
2018-08-20,0.0,0.0,18.2,5.316666666666666,89.5,9.05,92.0,0.0,1.760185190253253,82.0,0.0,6.733333333333332,24.0,,,,,,0,0,21.575000000000003,76.25,7.15,84.5,0.0,8,-0.7508642533989489,-0.6604565640279754,2017-2018,0
2018-08-21,0.0,0.0,25.7,0.38333333333333286,80.5,13.1,31.5,0.0,3.6107219958750214,34.333333333333336,0.0,16.366666666666664,15.0,,,,,,0,0,26.85,76.25,15.149999999999999,33.25,0.0,8,-0.7621140503891487,-0.6474427960827475,2017-2018,0
2018-08-22,0.0,0.0,26.5,0.7166666666666686,77.0,20.0,32.0,0.0,4.35153798898742,1.0,0.0,18.333333333333332,24.0,,,,,,0,0,27.275000000000002,72.5,19.075,16.5,0.0,8,-0.7731383255706026,-0.6342374393978054,2017-2018,0
2018-08-23,0.0,0.0,27.5,0.5499999999999972,52.0,10.399999999999999,1.5,0.0,10.730229204995293,26.333333333333332,0.0,12.4,24.0,,,,,,0,0,28.825,51.0,11.7,20.25,0.0,8,-0.7839338166829201,-0.620844401650647,2017-2018,0
2018-08-24,6.799999999999999,12.200000000000001,25.4,0.9666666666666721,85.5,26.3,100.0,3.7,2.6135426379318147,100.0,0.2,21.8,1.0,,,,,,0,2,26.35,83.75,23.675,100.0,0.9750000000000001,8,-0.7944973291665992,-0.6072676460566135,2017-2018,0
2018-08-25,0.0,0.2,26.0,1.6166666666666707,91.0,7.6,93.0,7.300000000000001,1.5789669432804487,80.0,6.800000000000001,8.433333333333332,0.0,,,,,,0,3,26.174999999999997,89.25,7.975,83.75,2.475,8,-0.8048257371083452,-0.593511190196115,2017-2018,0
2018-08-26,0.2,0.0,23.0,3.849999999999998,93.5,8.7,95.5,0.0,1.1087748499645116,76.0,0.0,5.566666666666666,12.0,,,,,,0,0,24.950000000000003,89.5,6.375,80.0,0.0,8,-0.8149159841660791,-0.5795791048257612,2017-2018,0
2018-08-27,0.0,0.0,23.9,2.5500000000000043,87.0,2.5,11.5,0.0,2.2992510414678904,29.666666666666668,0.0,3.133333333333333,24.0,,,,,,0,0,25.15,83.0,3.125,26.5,0.0,8,-0.8247650844733614,-0.5654755126737576,2017-2018,0
2018-08-28,0.0,0.0,23.4,2.4833333333333307,89.5,2.0,97.0,0.1,1.8340359603198308,94.33333333333333,1.3,1.5333333333333334,1.0,,,,,,0,1,24.775,87.25,1.55,95.25,0.35000000000000003,8,-0.8343701235229537,-0.5512045872199277,2017-2018,0
2018-08-29,8.5,0.9,23.6,0.4999999999999929,97.0,4.35,98.5,0.1,0.5030798456586218,95.33333333333333,0.2,3.1,0.0,,,,,,0,2,24.150000000000002,93.75,3.3,96.5,0.05,8,-0.8437282590292712,-0.5367705514607103,2017-2018,0
2018-08-30,0.0,0.0,21.7,3.6666666666666714,91.0,8.1,13.0,0.0,1.532999043082647,41.666666666666664,0.0,5.8999999999999995,20.0,,,,,,0,0,23.875,84.75,6.45,31.25,0.0,8,-0.8528367217694595,-0.522177676659508,2017-2018,0
2018-08-31,11.100000000000001,3.9000000000000004,23.1,1.8666666666666671,94.0,7.25,96.5,3.2,1.0199779303713186,98.33333333333333,5.9,5.0,0.0,,,,,,0,3,23.925,93.0,5.7250000000000005,98.0,1.6,8,-0.8616928164028521,-0.5074302810827518,2017-2018,0
2018-09-01,10.5,9.1,22.9,0.48333333333333783,98.0,7.75,100.0,6.1,0.33263855476171855,100.0,16.2,8.066666666666668,0.0,,,,,,0,3,22.4,97.75,7.199999999999999,100.0,4.949999999999999,9,-0.8702939222685674,-0.49253272872205434,2018-2019,0
2018-09-02,0.0,0.0,20.0,1.4833333333333343,90.5,3.55,100.0,0.0,1.6006922665981982,100.0,0.0,2.6666666666666665,14.0,,,,,,0,0,21.0,89.25,2.8249999999999997,100.0,0.0,9,-0.8786374941610001,-0.4774894280028391,2018-2019,0
2018-09-03,0.0,0.0,22.3,1.2666666666666657,87.0,14.350000000000001,21.5,0.1,2.2616898983066243,11.333333333333334,0.0,14.533333333333333,1.0,,,,,,0,0,22.800000000000004,85.25,14.625,13.25,0.025,9,-0.886721063082993,-0.46230483047981086,2018-2019,0
2018-09-04,0.0,0.0,24.4,0.4499999999999993,80.5,22.75,25.5,0.30000000000000004,3.5814316158889383,75.0,1.1,24.0,0.0,,,,,,0,3,25.225,81.25,23.5,60.0,0.30000000000000004,9,-0.8945422369764496,-0.4469834295196741,2018-2019,0
2018-09-05,26.1,2.9,21.1,3.016666666666662,99.5,4.65,55.0,0.0,0.08069365983142163,36.333333333333336,0.0,5.8999999999999995,3.0,,,,,,0,0,21.375,94.25,5.55,29.75,0.0,9,-0.9020987014301837,-0.43152975897147144,2018-2019,0
2018-09-06,0.5,0.0,18.5,3.2166666666666686,91.5,10.3,8.0,0.0,1.411942381225895,3.6666666666666665,0.0,8.966666666666667,11.0,,,,,,0,0,20.8,85.75,9.25,4.75,0.0,9,-0.9093882203647925,-0.4159483918249421,2018-2019,0
2018-09-07,0.0,0.0,21.4,2.150000000000002,90.0,15.9,100.0,1.5,1.7050099477454346,100.0,5.6,13.666666666666666,0.0,,,,,,0,3,21.75,90.5,14.450000000000001,100.0,1.475,9,-0.9164086366943458,-0.4002439388573056,2018-2019,0
2018-09-08,0.6,5.9,17.7,7.616666666666664,94.5,10.25,100.0,16.3,0.8950982119595352,96.0,11.0,6.466666666666666,0.0,,,,,,0,3,18.7,94.0,7.375,97.0,5.525,9,-0.9231578729647039,-0.38442104726885545,2018-2019,0
2018-09-09,4.6,3.5999999999999996,21.2,-0.6499999999999986,90.5,6.75,100.0,2.5,1.64407966138263,100.0,5.3,3.2000000000000006,0.0,,,,,,0,3,23.325,92.5,4.4750000000000005,100.0,1.6,9,-0.9296339319682695,-0.3684843993077793,2018-2019,0
2018-09-10,4.5,3.9,22.3,1.4666666666666686,91.0,12.8,99.5,2.5,1.5416752034116676,100.0,22.6,5.5,0.0,,,,,,0,3,22.1,93.75,8.8,99.75,5.7,9,-0.9358348973349941,-0.35243871088460327,2018-2019,0
2018-09-11,0.2,0.0,17.6,1.3000000000000007,96.5,6.9,96.0,0.0,0.5633564594663412,90.33333333333333,0.0,6.8999999999999995,9.0,,,,,,0,0,18.225,92.0,6.725,92.0,0.0,9,-0.9417589340994617,-0.33628873017668287,2018-2019,0
2018-09-12,0.0,0.4,20.8,0.7166666666666686,91.5,3.2,100.0,0.0,1.4362644314068724,100.0,0.3,3.0,3.0,,,,,,0,1,21.0,92.25,3.15,100.0,0.075,9,-0.9474042892438845,-0.32003923622313857,2018-2019,0
2018-09-13,1.2999999999999998,0.0,18.2,1.0,76.5,11.25,100.0,0.0,4.234424644776528,99.33333333333333,0.0,11.366666666666667,9.0,,,,,,0,0,19.950000000000003,76.0,11.5,99.5,0.0,9,-0.9527692922168511,-0.30369503751065885,2018-2019,0
2018-09-14,0.9,3.2,20.0,0.8499999999999979,92.0,8.7,99.5,0.8,1.3409676356518752,99.0,0.0,9.533333333333333,1.0,,,,,,0,0,20.675,90.5,9.174999999999999,99.25,0.2,9,-0.9578523554276669,-0.28726097055059635,2018-2019,0
2018-09-15,4.3,1.4,20.0,1.6833333333333336,93.0,5.85,100.0,4.8,1.1683178221430985,99.66666666666667,11.8,8.833333333333334,0.0,,,,,,0,3,20.375,92.0,7.725,99.75,3.55,9,-0.9626519747161487,-0.2707418984477642,2018-2019,0
2018-09-16,3.2,0.1,21.6,0.8999999999999986,94.5,2.7,51.5,0.0,0.91959013098705,59.333333333333336,0.3,2.966666666666667,4.0,,,,,,0,1,22.075,93.75,2.8,55.75,0.075,9,-0.9671667297977312,-0.2541427094613622,2018-2019,0
2018-09-17,1.4,1.2,21.5,1.0999999999999979,97.0,8.6,100.0,1.9,0.4955569779085707,94.66666666666667,0.7,6.033333333333334,0.0,,,,,,0,2,21.424999999999997,96.0,6.824999999999999,96.0,0.5,9,-0.97139528468375,-0.23746831555846842,2018-2019,0
2018-09-18,0.2,0.0,18.4,2.0833333333333357,100.0,3.45,100.0,0.0,-3.552713678800501e-15,53.666666666666664,0.0,4.2,10.0,,,,,,0,0,19.25,95.75,3.9,65.25,0.0,9,-0.9753363880767837,-0.2207236509605022,2018-2019,0
2018-09-19,0.0,0.0,14.4,2.433333333333332,76.5,3.55,0.0,0.0,4.066384569584253,3.0,0.0,3.8333333333333335,24.0,,,,,,0,0,16.075000000000003,70.0,3.7,2.25,0.0,9,-0.9789888737409319,-0.20391367068311472,2018-2019,0
2018-09-20,0.0,0.0,15.2,1.6000000000000014,84.0,7.95,100.0,0.0,2.7601103161543694,100.0,0.0,8.700000000000001,24.0,,,,,,0,0,19.475,83.0,8.525,100.0,0.0,9,-0.9823516608469237,-0.18704334906991657,2018-2019,0
2018-09-21,4.3,3.1,18.7,-0.7666666666666622,92.5,4.65,100.0,0.8,1.2447239498408216,100.0,1.4,6.7,0.0,,,,,,0,3,19.675,91.75,5.950000000000001,100.0,0.44999999999999996,9,-0.9854237542919524,-0.17011767832049052,2018-2019,0
2018-09-22,4.3,0.0,21.2,0.36666666666666714,93.5,8.15,99.0,11.0,1.091398223927893,92.66666666666667,13.3,9.466666666666667,0.0,,,,,,0,3,21.325,95.25,10.0,94.0,4.325,9,-0.9882042449941422,-0.15314166701312007,2018-2019,0
2018-09-23,0.0,0.0,14.9,4.466666666666667,92.0,4.15,2.5,0.0,1.2926121653849503,2.0,0.0,3.766666666666666,17.0,,,,,,0,0,17.075000000000003,87.0,3.875,2.25,0.0,9,-0.9906923101615609,-0.13612033862266704,2018-2019,0
2018-09-24,0.0,0.0,17.7,1.0666666666666629,89.5,6.199999999999999,97.5,0.0,1.7716039896440634,87.33333333333333,0.0,5.599999999999999,24.0,,,,,,0,0,20.375,88.0,5.6499999999999995,89.75,0.0,9,-0.9928872135356962,-0.11905873003404988,2018-2019,0
2018-09-25,0.0,0.0,18.9,1.5833333333333321,93.0,4.7,100.0,2.4,1.1559487903944934,100.0,4.1,5.2,0.0,,,,,,0,3,18.775,90.75,5.074999999999999,100.0,1.375,9,-0.994788305609327,-0.10196189005174576,2018-2019,0
2018-09-26,0.0,0.0,15.0,2.466666666666665,93.0,4.449999999999999,6.5,0.0,1.1183679752294697,16.0,0.0,3.6999999999999993,20.0,,,,,,0,0,15.875,88.25,3.925,14.0,0.0,9,-0.9963950238187231,-0.08483487790576538,2018-2019,0
2018-09-27,7.7,1.9000000000000001,15.8,2.3333333333333357,90.5,3.3,100.0,0.2,1.550105454162214,100.0,0.1,3.2999999999999994,0.0,,,,,,0,1,16.174999999999997,87.25,3.4749999999999996,100.0,0.05,9,-0.9977068927101168,-0.06768276175455162,2018-2019,0
2018-09-28,0.1,0.0,14.5,2.5,99.5,3.45,92.0,0.0,0.07762082199917231,60.666666666666664,0.0,3.766666666666667,12.0,,,,,,0,0,15.350000000000001,95.0,3.575,67.25,0.0,9,-0.9987235240803972,-0.050510617185222886,2018-2019,0
2018-09-29,0.0,0.0,17.5,-1.3333333333333321,88.0,7.85,96.0,2.4000000000000004,2.019355474476278,100.0,2.5,6.599999999999999,0.0,,,,,,0,3,18.225,88.75,6.824999999999999,98.0,1.0250000000000001,9,-0.9994446170919858,-0.033323525711631344,2018-2019,0
2018-09-30,14.3,6.1,16.7,0.36666666666666714,87.0,8.95,100.0,0.0,2.213487180766485,100.0,0.0,12.5,2.0,,,,,,0,0,20.15,84.75,11.275,100.0,0.0,9,-0.9998699583618592,-0.016126573270657762,2018-2019,0
2018-10-01,35.4,12.5,19.4,4.416666666666668,95.5,14.850000000000001,100.0,3.1999999999999997,0.7348809030743411,91.66666666666667,5.9,16.26666666666667,0.0,,,,,,0,3,18.775,95.5,15.65,93.75,1.7,10,-0.9999994220246925,0.001075151282798226,2018-2019,0
2018-10-02,0.6000000000000001,0.0,15.3,1.0166666666666657,77.5,3.0,20.5,0.0,3.921703645502264,25.666666666666668,0.0,3.3333333333333335,2.0,,,,,,0,0,16.2,78.5,3.3,23.0,0.0,10,-0.999832969770105,0.018276557681691223,2018-2019,0
2018-10-03,0.0,0.0,12.5,4.449999999999999,81.5,4.1,0.0,0.0,3.0833067764512485,0.0,0.0,3.2000000000000006,24.0,,,,,,0,0,14.674999999999999,76.5,3.55,0.0,0.0,10,-0.9993706508539969,0.03547255575312556,2018-2019,0
2018-10-04,0.0,0.0,13.0,2.416666666666666,93.5,6.75,100.0,0.0,1.029253586733745,99.66666666666667,0.0,5.633333333333333,24.0,,,,,,0,0,15.325000000000001,89.0,5.949999999999999,99.75,0.0,10,-0.9986126020839734,0.052658056924614005,2018-2019,0
2018-10-05,0.0,0.0,17.3,1.0499999999999972,81.0,7.85,94.5,0.1,3.320934340256935,79.66666666666667,0.1,10.566666666666666,0.0,,,,,,0,1,19.875,78.0,9.875,84.0,0.025,10,-0.9975590477788613,0.06982797572987089,2018-2019,0
2018-10-06,0.0,0.0,23.0,-0.06666666666666643,78.5,19.1,98.0,0.0,3.947842628694506,84.33333333333333,0.0,20.03333333333333,24.0,,,,,,0,0,23.65,79.5,19.7,87.25,0.0,10,-0.9962102997023297,0.0869772313136861,2018-2019,0
2018-10-07,0.2,6.3999999999999995,20.1,4.983333333333327,96.0,9.3,88.5,1.5,0.6564758271783937,74.0,1.6,6.7,0.0,,,,,,0,3,19.725,94.75,7.7,76.75,0.625,10,-0.9945667569706337,0.1041007489354256,2018-2019,0
2018-10-08,0.0,0.0,15.7,0.8833333333333329,100.0,4.85,100.0,0.0,0.0,94.66666666666667,0.0,4.5,16.0,,,,,,0,0,16.1,97.0,4.425,96.0,0.0,10,-0.9926289059345095,0.121193461470736,2018-2019,0
2018-10-09,0.0,0.0,13.3,3.2166666666666615,85.5,4.199999999999999,12.0,0.0,2.3835279229284687,13.0,0.0,4.233333333333333,24.0,,,,,,0,0,15.1,82.0,4.125,11.0,0.0,10,-0.9903973200352558,0.1382503109109819,2018-2019,0
2018-10-10,0.0,0.0,15.2,2.183333333333337,89.0,11.8,67.5,0.0,1.802267607283829,65.66666666666667,0.0,12.833333333333334,24.0,,,,,,0,0,16.975,84.0,12.5,68.5,0.0,10,-0.9878726596350429,0.15526624985999563,2018-2019,0
2018-10-11,2.6999999999999997,0.8,17.2,1.1499999999999986,92.0,1.85,96.0,0.0,1.3116472336159664,94.66666666666667,0.0,1.3666666666666665,2.0,,,,,,0,0,17.425,91.25,1.575,95.0,0.0,10,-0.9850556718215013,0.172236243027682,2018-2019,0
2018-10-12,3.4000000000000004,4.4,13.5,3.1166666666666636,87.0,7.6,100.0,0.1,2.1210964219114548,100.0,0.2,8.133333333333335,0.0,,,,,,0,2,13.55,86.25,7.3999999999999995,100.0,0.05,10,-0.981947190186646,0.18915526872004093,2018-2019,0
2018-10-13,0.0,0.0,9.7,3.033333333333333,85.5,3.8499999999999996,53.0,0.0,2.3283498630871424,73.33333333333333,0.0,4.566666666666666,23.0,,,,,,0,0,11.850000000000001,78.75,4.449999999999999,70.5,0.0,10,-0.9785481345802031,0.20601832032517084,2018-2019,0
2018-10-14,0.4,0.0,14.7,1.75,74.0,2.8,11.0,0.0,4.597042095690528,12.0,0.0,1.3333333333333333,9.0,,,,,,0,0,15.3,76.25,2.0749999999999997,11.5,0.0,10,-0.9748595108374125,0.22282040779479959,2018-2019,0
2018-10-15,0.0,0.0,10.3,3.333333333333334,92.5,4.75,100.0,0.0,1.1654907111580286,99.33333333333333,0.0,5.666666666666667,24.0,,,,,,0,0,12.0,88.25,5.35,99.5,0.0,10,-0.9708824104813836,0.23955655912092708,2018-2019,0
2018-10-16,0.0,0.0,10.9,2.3999999999999986,91.0,1.9,98.0,0.0,1.432458904626408,97.66666666666667,0.0,2.766666666666667,18.0,,,,,,0,0,13.975,88.5,2.325,98.0,0.0,10,-0.9666180104000972,0.2562218218071163,2018-2019,0
2018-10-17,0.0,0.0,13.3,1.549999999999999,87.5,5.5,91.0,0.0,2.010871584196705,51.0,0.0,5.3999999999999995,24.0,,,,,,0,0,12.899999999999999,86.5,5.35,59.0,0.0,10,-0.9620675724981452,0.27281126433401914,2018-2019,0
2018-10-18,0.0,0.0,8.5,3.299999999999999,90.5,8.8,4.5,0.0,1.4815749480917653,5.0,0.0,7.766666666666667,24.0,,,,,,0,0,11.875,86.75,8.0,5.0,0.0,10,-0.957232443323312,0.28931997761869527,2018-2019,0
2018-10-19,0.0,0.0,9.7,2.8000000000000007,97.0,5.25,33.0,0.5,0.4530399037896622,21.0,0.1,5.800000000000001,0.0,,,,,,0,1,11.45,93.25,5.625,24.75,0.125,10,-0.9521140536681102,0.3057430764672831,2018-2019,0
2018-10-20,0.0,0.4,11.9,0.38333333333333286,98.5,3.8499999999999996,46.0,1.2,0.22947134070294695,59.333333333333336,1.2000000000000002,4.8,0.0,,,,,,0,3,12.375,95.75,4.55,57.5,0.375,10,-0.9467139181463862,0.3220757010206104,2018-2019,0
2018-10-21,0.0,0.0,6.8,4.966666666666668,93.0,6.35,0.0,0.0,1.0467382954898028,0.0,0.0,7.0,22.0,,,,,,0,0,7.675000000000001,87.5,6.775,0.0,0.0,10,-0.9410336347451197,0.3383130181923076,2018-2019,0
2018-10-22,0.0,0.0,5.8,3.9499999999999984,86.5,10.6,0.0,0.0,2.1031035214839386,0.0,0.0,10.299999999999999,24.0,,,,,,0,0,9.375,82.25,10.35,0.0,0.0,10,-0.9350748843515574,0.3544502230989869,2018-2019,0
2018-10-23,0.0,0.0,10.6,2.166666666666668,74.5,11.45,71.0,0.0,4.375918493196575,75.66666666666667,0.0,12.133333333333333,24.0,,,,,,0,0,12.674999999999999,71.75,11.924999999999999,81.5,0.0,10,-0.9288394302558068,0.3704825404820963,2018-2019,0
2018-10-24,4.8999999999999995,0.1,12.9,1.68333333333333,94.0,5.25,75.5,0.8,0.9419894863508933,67.0,1.9000000000000001,3.6,0.0,,,,,,0,3,13.425,93.0,4.225,73.75,0.5750000000000001,10,-0.9223291176290545,0.3864052261209853,2018-2019,0
2018-10-25,0.0,0.0,10.3,1.9499999999999993,100.0,7.9,58.0,0.0,0.0,73.0,0.0,7.5666666666666655,22.0,,,,,,0,0,9.9,97.5,7.475,58.75,0.0,10,-0.9155458729775467,0.40221356823680365,2018-2019,1
2018-10-26,0.0,0.0,8.0,2.049999999999999,89.0,10.55,1.0,0.0,1.718428194483831,0.3333333333333333,0.0,11.799999999999999,24.0,,,,,,0,0,11.1,83.25,11.325000000000001,0.5,0.0,10,-0.9084917035725082,0.41790288888678667,2018-2019,0
2018-10-27,0.6,1.3,16.8,0.1999999999999993,90.0,6.85,90.0,8.2,1.6456943421924688,97.33333333333333,7.8,9.733333333333334,0.0,,,,,,0,3,16.400000000000002,92.5,9.4,95.0,2.95,10,-0.9011686968561569,0.4334685453485363,2018-2019,0
2018-10-28,0.0,0.0,10.4,2.1166666666666654,88.5,4.45,77.0,0.1,1.8280522246909179,91.33333333333333,0.5,5.666666666666667,0.0,,,,,,0,3,11.350000000000001,89.75,5.300000000000001,87.25,0.125,10,-0.8935790198239952,0.4489059314938798,2018-2019,0
2018-10-29,0.0,0.0,10.3,1.7763568394002505e-15,72.0,7.1,96.5,0.0,4.866018916623327,100.0,1.0,6.3,16.0,,,,,,0,2,11.775,75.0,6.824999999999999,98.25,0.25,10,-0.8857249183835637,0.4642104791518923,2018-2019,0
2018-10-30,0.1,0.8,11.5,-0.6333333333333329,95.0,5.75,100.0,4.4,0.7731677189074908,72.66666666666667,4.3999999999999995,6.533333333333334,0.0,,,,,,0,3,11.475000000000001,94.25,7.15,79.5,1.75,10,-0.8776087166898392,0.4793776594606945,2018-2019,0
2018-10-31,0.1,0.0,10.0,1.049999999999999,89.5,4.9,78.5,0.1,1.6337663877477535,93.0,0.0,5.466666666666666,1.0,,,,,,0,0,9.525,86.75,5.300000000000001,84.5,0.025,10,-0.8692328164574792,0.49440298420761813,2018-2019,0
2018-11-01,0.2,0.1,8.5,0.5,76.0,6.85,29.0,0.0,3.9830997029689685,34.0,0.0,6.366666666666667,6.0,,,,,,0,0,9.125,73.75,6.3999999999999995,34.25,0.0,11,-0.8605996962501181,0.5092820071573356,2018-2019,0
2018-11-02,0.0,0.0,5.8,3.8,85.5,2.55,67.5,0.0,2.2656866791053973,32.666666666666664,0.0,2.4666666666666663,24.0,,,,,,0,0,8.25,83.25,2.5,41.5,0.0,11,-0.8517119107469189,0.5240103253675756,2018-2019,0
2018-11-03,0.0,0.0,4.2,4.566666666666667,95.5,6.35,4.0,0.0,0.6542570866886548,5.0,0.0,6.433333333333333,24.0,,,,,,0,0,5.7,90.25,6.35,4.75,0.0,11,-0.8425720899866032,0.5385835804920232,2018-2019,0
2018-11-04,0.0,0.0,7.3,1.5666666666666673,82.0,5.0,99.5,0.5,2.962021265760285,99.0,1.0,4.0,0.0,,,,,,0,3,11.799999999999999,85.25,4.4,99.25,0.275,11,-0.8331829385891785,0.5529974600700271,2018-2019,0
2018-11-05,0.2,0.0,11.4,2.5,94.0,2.55,42.0,0.0,0.9226114151660383,81.33333333333333,0.2,1.5333333333333332,11.0,,,,,,0,2,11.325,94.5,1.9749999999999999,67.75,0.05,11,-0.8235472349556007,0.5672476988027229,2018-2019,0
2018-11-06,0.0,0.1,13.2,-0.5499999999999989,95.5,2.7,100.0,6.5,0.7076707206113344,97.0,11.5,2.3666666666666667,0.0,,,,,,0,3,14.25,94.25,2.5500000000000003,97.75,3.725,11,-0.8136678304455991,0.5813300798152042,2018-2019,0
2018-11-07,0.0,0.0,10.4,3.216666666666665,98.5,6.85,88.5,0.0,0.22660358279484072,92.33333333333333,0.0,7.866666666666667,14.0,,,,,,0,0,11.075,96.75,7.449999999999999,91.75,0.0,11,-0.8035476485339116,0.5952404359043674,2018-2019,0
2018-11-08,0.0,0.0,10.0,2.133333333333333,89.5,7.85,2.0,0.0,1.6688486891981267,0.6666666666666666,0.0,7.166666666666667,24.0,,,,,,0,0,12.575,88.0,7.499999999999999,1.5,0.0,11,-0.7931896839451843,0.6089746507720486,2018-2019,1
2018-11-09,0.0,0.0,16.6,-1.06666666666667,70.0,22.299999999999997,98.5,0.0,5.5237465833080215,99.66666666666667,0.9,24.066666666666666,24.0,,,,,,0,2,17.25,73.75,23.4,99.0,0.225,11,-0.7825970017677834,0.6225286602431057,2018-2019,0
2018-11-10,6.8999999999999995,1.5,14.1,1.2833333333333332,93.5,4.1,100.0,0.30000000000000004,1.0320572031813882,100.0,0.6000000000000001,5.666666666666667,0.0,,,,,,0,3,13.875,92.5,5.575,100.0,0.2,11,-0.7717727365467837,0.6358984534680745,2018-2019,0
2018-11-11,0.0,0.0,11.9,-1.166666666666666,71.5,3.85,11.5,0.0,4.928622976575801,0.6666666666666666,0.0,2.9333333333333336,18.0,,,,,,0,0,10.600000000000001,73.75,3.125,6.0,0.0,11,-0.7607200913564104,0.6490800741100398,2018-2019,0
2018-11-12,0.0,0.0,8.9,0.9333333333333336,77.5,6.6,92.0,0.0,3.7623500962097136,59.666666666666664,0.0,4.333333333333333,24.0,,,,,,0,0,10.875,80.25,5.074999999999999,69.25,0.0,11,-0.7494423368521953,0.6620696215153815,2018-2019,0
2018-11-13,0.0,0.0,9.9,2.75,100.0,3.7,71.5,0.0,0.0,46.666666666666664,0.0,3.966666666666667,13.0,,,,,,0,0,9.174999999999999,97.75,3.875,59.0,0.0,11,-0.7379428103031386,0.6748632518680403,2018-2019,0
2018-11-14,0.0,0.0,9.3,-0.033333333333333215,88.5,5.4,63.0,0.0,1.7980670795190026,50.333333333333336,0.0,5.966666666666666,24.0,,,,,,0,0,8.975,89.75,6.175,57.5,0.0,11,-0.7262249146041543,0.6874571793269664,2018-2019,0
2018-11-15,0.0,0.0,3.7,3.6500000000000012,94.5,5.5,2.0,0.0,0.8007495987436544,1.3333333333333333,0.0,5.8,18.0,,,,,,0,0,4.725,91.25,5.75,1.5,0.0,11,-0.7142921172691032,0.699847677146407,2018-2019,0
2018-11-16,0.0,0.0,4.9,2.0999999999999996,95.0,10.5,13.0,0.0,0.731280301346656,37.0,0.0,10.766666666666666,24.0,,,,,,0,0,5.425000000000001,91.0,10.575000000000001,28.25,0.0,11,-0.7021479494046978,0.7120310787787131,2018-2019,0
2018-11-17,0.0,0.0,6.2,3.8,90.0,5.85,75.5,0.0,1.5192383640609002,77.66666666666667,0.0,3.1666666666666665,24.0,,,,,,0,0,7.625,87.0,4.1499999999999995,79.75,0.0,11,-0.6897960046655887,0.7240037789593305,2018-2019,0
2018-11-18,0.0,0.0,5.4,1.4500000000000002,88.0,4.55,90.0,0.0,1.8276717159694815,59.0,0.0,5.666666666666667,20.0,,,,,,0,0,6.275,86.0,5.2749999999999995,67.75,0.0,11,-0.6772399381909491,0.7357622347736527,2018-2019,1
2018-11-19,0.0,0.4,10.6,0.4499999999999993,96.0,5.699999999999999,100.0,2.5,0.6113688398673673,100.0,2.0,6.366666666666667,0.0,,,,,,0,3,10.475000000000001,95.0,5.924999999999999,100.0,0.85,11,-0.6644834655228552,0.7473029667054297,2018-2019,0
2018-11-20,0.0,0.0,3.8,3.4000000000000004,79.5,3.9000000000000004,25.0,0.0,3.223208128267495,12.666666666666666,0.0,2.3666666666666667,15.0,,,,,,0,0,4.725,79.0,2.95,17.5,0.0,11,-0.6515303615068021,0.75862255966641,2018-2019,0
2018-11-21,0.0,0.0,2.8,3.583333333333333,90.0,6.25,27.0,0.0,1.4800014700513966,29.666666666666668,0.0,4.033333333333333,24.0,,,,,,0,0,4.2,87.5,4.800000000000001,29.25,0.0,11,-0.6383844591746642,0.769717664006921,2018-2019,0
2018-11-22,0.0,0.0,8.1,-0.09999999999999787,74.0,1.05,99.5,0.1,4.391014310649056,94.66666666666667,0.1,3.9333333333333336,0.0,,,,,,0,1,9.325000000000001,76.0,3.35,95.75,0.025,11,-0.6250496486104377,0.7805849965070866,2018-2019,0
2018-11-23,2.2,1.1,4.5,2.25,94.5,7.55,60.5,1.2999999999999998,0.8062693643883003,85.33333333333333,1.6,7.633333333333334,0.0,,,,,,0,3,4.55,93.25,7.7749999999999995,80.25,0.5499999999999999,11,-0.6115298757991053,0.7912213413483807,2018-2019,0
2018-11-24,0.0,0.0,1.6,2.1333333333333337,88.5,4.7,30.0,0.0,1.7005864782863327,15.666666666666666,0.0,4.366666666666666,15.0,,,,,,0,0,2.8,88.25,4.4,18.0,0.0,11,-0.5978291414589552,0.801623551065242,2018-2019,0
2018-11-25,1.0,0.0,3.4,2.183333333333333,89.5,9.65,7.5,0.0,1.555239090821438,8.0,0.0,9.566666666666666,9.0,,,,,,0,0,3.7,85.5,9.625,7.5,0.0,11,-0.5839514998576998,0.8117885474764613,2018-2019,0
2018-11-26,0.0,0.4,10.2,-0.6833333333333336,88.0,5.75,66.5,0.1,1.8934955695109092,36.333333333333336,0.0,4.633333333333334,1.0,,,,,,0,0,10.15,88.25,4.45,50.25,0.025,11,-0.5699010576127624,0.821713322596059,2018-2019,1
2018-11-27,0.0,0.0,8.3,-0.41666666666666785,91.0,9.100000000000001,1.0,0.0,1.3727781416244191,0.3333333333333333,0.0,9.366666666666665,24.0,,,,,,0,0,7.875,89.25,9.225000000000001,0.5,0.0,11,-0.5556819724760489,0.8313949395234058,2018-2019,0
2018-11-28,0.0,0.0,9.1,-0.6999999999999993,82.5,3.3,53.0,0.0,2.8331417961913656,87.33333333333333,0.0,2.566666666666667,24.0,,,,,,0,0,10.375,82.0,2.875,72.25,0.0,11,-0.5412984521036173,0.8408305333122887,2018-2019,0
2018-11-29,0.8999999999999999,0.0,7.5,2.833333333333334,100.0,3.9499999999999997,100.0,0.0,-8.881784197001252e-16,77.0,0.0,5.266666666666667,7.0,,,,,,0,0,5.65,99.25,4.775,82.75,0.0,11,-0.5267547528105542,0.8500173118187018,2018-2019,0
2018-11-30,1.4,0.0,6.2,1.166666666666667,82.0,2.25,81.0,0.2,2.8701122650770454,58.666666666666664,0.1,3.0,0.0,,,,,,0,1,7.199999999999999,84.75,3.0999999999999996,67.0,0.05,11,-0.5120551783114646,0.8589525565270845,2018-2019,0
2018-12-01,0.2,0.0,7.6,0.3000000000000016,92.0,3.8499999999999996,99.5,0.9,1.2285392256541732,97.0,1.2,5.133333333333334,0.0,,,,,,0,3,9.2,90.5,4.824999999999999,97.75,0.425,12,-0.4972040784469378,0.8676336233547726,2018-2019,0
2018-12-02,0.0,0.0,1.2,4.383333333333333,76.0,3.8499999999999996,18.0,0.0,3.7583437851278267,1.3333333333333333,0.0,4.866666666666666,17.0,,,,,,0,0,1.225,81.25,4.8,9.5,0.0,12,-0.4822058478963526,0.8760579434344281,2018-2019,0
2018-12-03,0.0,0.30000000000000004,10.8,-0.21666666666666679,91.5,11.3,100.0,1.0,1.3266154647083006,100.0,2.2,11.166666666666666,0.0,,,,,,0,3,10.675,92.0,11.250000000000002,100.0,0.65,12,-0.46706492487743034,0.8842230238742036,2018-2019,0
2018-12-04,4.5,1.3,14.0,0.16666666666666607,92.5,10.3,57.0,0.2,1.197337412233237,51.666666666666664,0.1,10.633333333333333,0.0,,,,,,0,1,14.525,91.75,10.600000000000001,54.0,0.05,12,-0.451785789832884,0.8921264484954345,2018-2019,0
2018-12-05,15.3,1.6,11.2,4.633333333333331,96.5,10.0,97.5,0.1,0.5343635686819752,79.66666666666667,0.0,8.700000000000001,1.0,,,,,,0,0,10.45,96.0,8.825,84.25,0.025,12,-0.4363729641045924,0.8997658785476209,2018-2019,0
2018-12-06,0.0,0.0,3.9,1.9333333333333331,60.0,2.1,98.0,0.0,7.435065024440638,94.33333333333333,0.0,1.7333333333333334,24.0,,,,,,0,0,10.475,63.5,2.225,95.25,0.0,12,-0.42083100859565564,0.9071390534005044,2018-2019,0
2018-12-07,7.300000000000001,0.9,10.0,1.450000000000001,92.0,5.85,98.0,1.1,1.2378026101582407,86.0,2.6,11.966666666666667,0.0,,,,,,0,3,9.45,93.25,10.1,89.5,0.725,12,-0.4051645224207563,0.9142437912130223,2018-2019,0
2018-12-08,1.9999999999999998,0.4,2.9,1.5666666666666669,95.5,12.95,83.5,1.3,0.646872328861122,88.66666666666667,2.1,11.199999999999998,0.0,,,,,,0,0,2.5999999999999996,96.25,11.5,88.25,0.625,12,-0.3893781415452015,0.9210779895789526,2018-2019,0
2018-12-09,5.9,2.9,0.6,1.6333333333333337,86.5,10.55,100.0,1.1,1.9957227550142629,99.33333333333333,1.0,9.733333333333334,0.0,,,,,,0,0,0.75,88.75,9.950000000000001,99.5,0.42500000000000004,12,-0.37347653741307074,0.9276396261490467,2018-2019,0
2018-12-10,0.0,0.0,-3.7,3.2833333333333337,83.5,6.050000000000001,61.5,0.0,2.393343247148113,56.333333333333336,0.0,6.566666666666666,14.0,,,,,,0,0,-2.7,83.25,6.3500000000000005,56.5,0.0,12,-0.3574644155648614,0.9339267592294762,2018-2019,0
2018-12-11,0.0,0.0,-2.2,2.5333333333333337,81.0,2.8,1.0,0.0,2.8187973409816074,67.0,0.0,3.533333333333333,24.0,,,,,,0,0,-1.4500000000000002,79.25,3.35,50.5,0.0,12,-0.34134651424503615,0.9399375283564133,2018-2019,0
2018-12-12,4.1000000000000005,4.0,6.7,-1.2666666666666675,89.5,2.25,100.0,3.4000000000000004,1.6189363644561547,100.0,2.8,5.1000000000000005,0.0,,,,,,0,3,7.85,91.25,4.15,100.0,1.225,12,-0.3251276029999093,0.9456701548465688,2018-2019,0
2018-12-13,0.1,0.1,1.8,1.7833333333333334,75.0,6.050000000000001,35.5,0.0,3.9704755437535955,42.333333333333336,0.0,3.733333333333333,5.0,,,,,,0,0,2.35,74.0,4.525,40.25,0.0,12,-0.30881248126625377,0.9511229423235357,2018-2019,0
2018-12-14,4.9,2.4,2.6,2.516666666666667,91.0,9.35,51.0,0.6,1.317037030215015,47.666666666666664,0.6,11.0,0.0,,,,,,0,0,2.275,87.75,10.55,46.0,0.225,12,-0.29240597695107734,0.9562942772197719,2018-2019,0
2018-12-15,0.0,0.0,0.1,0.6166666666666667,88.0,6.15,47.0,0.0,1.736459804765915,51.0,0.0,6.333333333333333,19.0,,,,,,0,0,-0.44999999999999996,86.75,6.075,49.0,0.0,12,-0.27591294500296043,0.9611826292540837,2018-2019,0
2018-12-16,0.0,0.0,-2.3,2.2666666666666666,66.5,9.85,75.0,0.0,5.420393025247603,88.66666666666667,0.0,10.066666666666666,24.0,,,,,,0,0,-0.5750000000000001,61.25,9.975,82.0,0.0,12,-0.2593382659754056,0.9657865518844574,2018-2019,0
2018-12-17,4.700000000000001,1.8,6.0,-1.4833333333333334,90.5,6.15,98.5,0.0,1.4369354702106838,99.33333333333333,0.1,2.766666666666667,2.0,,,,,,0,1,6.25,91.75,3.8000000000000003,99.25,0.025,12,-0.2426868445825954,0.9701046827361175,2018-2019,0
2018-12-18,5.9,1.0,3.1,2.0333333333333337,92.5,4.9,77.5,0.8,1.093287675962865,45.0,0.6,3.8333333333333335,0.0,,,,,,0,2,2.55,92.75,4.6,58.75,0.25,12,-0.22596360824801906,0.974135744004672,2018-2019,0
2018-12-19,6.5,1.2999999999999998,3.2,0.8499999999999996,92.0,2.65,75.5,0.8,1.1770183261709355,88.66666666666667,1.8,6.0,0.0,,,,,,0,2,3.575,91.0,5.324999999999999,80.75,0.575,12,-0.20917350564635637,0.9778785428342386,2018-2019,0
2018-12-20,3.900000000000001,0.0,7.1,-0.9999999999999991,77.5,5.25,91.5,0.0,3.6366321544874336,95.33333333333333,0.3,4.366666666666667,7.0,,,,,,0,1,5.9,83.25,4.65,95.0,0.075,12,-0.19232150523909483,0.9813319716704275,2018-2019,1
2018-12-21,0.0,0.0,0.9,5.700000000000001,91.5,6.15,22.0,0.0,1.2263103429763254,10.666666666666666,0.0,6.433333333333333,21.0,,,,,,0,0,0.8999999999999999,91.25,6.25,14.0,0.0,12,-0.17541259380427843,0.9844950085880858,2018-2019,0
2018-12-22,1.1,1.8,7.0,-0.8500000000000005,92.0,10.05,100.0,0.7,1.215435029045688,100.0,0.6000000000000001,8.966666666666667,0.0,,,,,,0,3,7.674999999999999,92.75,9.350000000000001,100.0,0.27499999999999997,12,-0.15845177496083632,0.9873667175937016,2018-2019,0
2018-12-23,0.0,0.0,3.6,4.066666666666666,92.5,8.55,2.0,0.0,1.1026332961703704,48.333333333333336,0.0,7.866666666666667,16.0,,,,,,0,0,4.55,90.75,8.075,37.0,0.0,12,-0.14144406768794202,0.9899462489023779,2018-2019,0
2018-12-24,5.0,2.7,4.3,4.283333333333332,97.5,11.45,96.5,1.0,0.3594523437929178,93.66666666666667,0.4,10.0,0.0,,,,,,0,2,3.7,94.5,10.424999999999999,95.0,0.275,12,-0.12439450483979998,0.9922328391893008,2018-2019,0
2018-12-25,0.0,0.0,-1.7,2.25,77.5,4.35,7.5,0.0,3.4336604925040244,41.0,0.0,5.666666666666667,23.0,,,,,,0,0,-0.45000000000000007,76.25,5.324999999999999,32.5,0.0,12,-0.10730813165636247,0.9942258118156161,2018-2019,0
2018-12-26,0.0,0.0,2.6,0.16666666666666607,82.0,2.2,100.0,1.2,2.8111393277115297,100.0,3.6,3.3000000000000003,0.0,,,,,,0,3,4.8,87.25,2.925,100.0,0.975,12,-0.09019000427034513,0.9959245770286599,2018-2019,0
2018-12-27,0.6,0.8,3.8,2.2,97.0,7.3999999999999995,71.0,0.5,0.4326701714602206,93.33333333333333,1.0,7.866666666666667,0.0,,,,,,0,3,3.8249999999999997,95.25,8.2,85.0,0.3,12,-0.07304518821104743,0.9973286321364752,2018-2019,0
2018-12-28,7.899999999999999,3.0999999999999996,-1.4,2.9,79.0,12.3,79.5,0.30000000000000004,3.1657756651328053,83.33333333333333,0.7,9.933333333333335,0.0,,,,,,0,0,-1.7000000000000002,81.25,10.65,78.75,0.2,12,-0.05587875690537313,0.9984375616565666,2018-2019,0
2018-12-29,0.7,0.9,-4.4,3.333333333333334,86.0,5.4,82.0,1.6,2.01842514076441,89.33333333333333,1.9,4.866666666666667,0.0,,,,,,0,0,-1.675,85.5,4.9,83.5,0.775,12,-0.03869579017652689,0.9992510374388481,2018-2019,0
2018-12-30,0.4,0.0,-4.5,1.9833333333333334,89.0,8.35,40.0,0.2,1.5489517931520642,58.333333333333336,0.30000000000000004,7.933333333333333,0.0,,,,,,0,0,-3.5250000000000004,88.0,8.0,53.5,0.1,12,-0.021501372740813793,0.999768818762748,2018-2019,0
2018-12-31,0.4,0.1,-0.1,-0.06666666666666665,90.0,5.8,79.0,0.1,1.4253384459437015,80.0,0.0,6.3999999999999995,1.0,,,,,,0,0,-1.525,89.25,5.875,80.0,0.025,12,-0.004300592702981974,0.9999907524084426,2018-2019,0
2019-01-01,0.0,0.0,-0.0,1.2333333333333334,82.0,5.55,44.5,0.0,2.6411340649697577,50.0,0.0,7.3,24.0,,,,,,0,0,-2.8000000000000003,82.0,6.199999999999999,54.75,0.0,1,0.017201575418260506,0.9998520419557735,2018-2019,1
2019-01-02,12.3,1.5,0.9,1.2999999999999998,99.0,7.6,100.0,1.5,0.1397664308715647,97.33333333333333,1.5000000000000002,5.833333333333333,0.0,,,,,,0,0,1.0750000000000002,97.75,6.275,98.0,0.5499999999999999,1,0.03439806061360801,0.9994082116062598,2018-2019,0
2019-01-03,0.1,0.2,-1.6,0.6166666666666668,91.5,4.699999999999999,53.5,0.4,1.2228005672703308,52.0,0.4,5.733333333333333,0.0,,,,,,0,0,-0.04999999999999999,92.75,5.375,51.25,0.15,1,0.051584366869408364,0.9986686402879997,2018-2019,0
2019-01-04,0.0,0.0,2.4,-2.3833333333333333,78.5,2.6,85.0,0.0,3.3009001103482807,79.33333333333333,0.0,3.1333333333333333,14.0,,,,,,0,0,0.35000000000000003,80.5,3.25,81.75,0.0,1,0.06875540848113941,0.9976335468520451,2018-2019,0
2019-01-05,0.0,0.1,3.4,-2.533333333333333,92.0,6.85,98.5,1.8,1.1827416918081735,98.0,1.4,5.866666666666667,0.0,,,,,,0,3,4.05,92.5,6.325,98.5,0.625,1,0.08590610426133272,0.9963032375991965,2018-2019,0
2019-01-06,0.6,0.0,0.5,2.016666666666667,86.0,9.8,95.5,0.0,2.062126482046679,92.66666666666667,0.0,9.0,2.0,,,,,,0,0,-0.22499999999999998,83.25,9.3,94.25,0.0,1,0.10303137904317879,0.9946781061893646,2018-2019,0
2019-01-07,0.1,0.2,0.7,0.20000000000000007,83.5,5.800000000000001,85.0,0.0,2.466430172946311,87.0,0.0,5.5,5.0,,,,,,0,0,0.47500000000000003,82.25,5.675000000000001,85.0,0.0,1,0.1201261651823505,0.9927586335250793,2018-2019,0
2019-01-08,1.7000000000000002,0.2,2.3,-0.44999999999999996,80.5,4.85,95.0,0.1,3.0558923946277545,92.33333333333333,0.1,6.8,0.0,,,,,,0,1,3.6500000000000004,84.5,5.8999999999999995,92.0,0.025,1,0.13718540405660057,0.9905453876091833,2018-2019,1
2019-01-09,3.8000000000000003,1.9000000000000001,1.0,1.6166666666666667,87.0,14.149999999999999,98.0,1.1,1.9045194507267391,82.0,1.9,15.833333333333334,0.0,,,,,,0,0,0.225,85.25,15.524999999999999,86.5,0.525,1,0.1542040475626894,0.988039023376751,2018-2019,0
2019-01-10,0.0,0.0,-7.7,4.550000000000001,80.0,5.550000000000001,6.0,0.0,2.8490078678265274,47.666666666666664,0.0,6.133333333333333,19.0,,,,,,0,0,-7.6,81.25,5.950000000000001,36.0,0.0,1,0.17117705961019986,0.985240282501282,2018-2019,0
2019-01-11,1.1,1.6,3.6,-0.9499999999999997,89.5,6.05,91.0,0.1,1.5470517476712802,93.66666666666667,0.1,5.633333333333333,0.0,,,,,,0,1,2.575,90.0,5.875,94.0,0.025,1,0.18809941761179758,0.9821499931752291,2018-2019,1
2019-01-12,0.0,0.0,-6.6,6.383333333333333,81.0,4.199999999999999,91.0,0.0,2.7505468264920667,94.33333333333333,0.0,4.0,24.0,,,,,,0,0,-5.074999999999999,81.0,4.074999999999999,94.25,0.0,1,0.20496611396949532,0.9787690698649216,2018-2019,0
2019-01-13,0.0,0.0,-6.7,6.816666666666666,98.0,9.45,1.0,0.0,0.26336652192459287,2.0,0.0,7.8999999999999995,24.0,,,,,,0,0,-6.75,98.0,8.399999999999999,1.5,0.0,1,0.22177215755648186,0.975098513039961,2018-2019,0
2019-01-14,0.0,0.0,-4.7,5.166666666666667,92.0,5.85,17.5,0.0,1.0877816751482294,3.6666666666666665,0.0,5.366666666666667,24.0,,,,,,0,0,-6.300000000000001,91.0,5.425000000000001,9.0,0.0,1,0.23851257519407648,0.9711394088771653,2018-2019,0
2019-01-15,0.0,0.0,-3.8,3.0,74.5,12.100000000000001,99.5,0.0,3.911493383196177,99.0,0.0,13.466666666666667,24.0,,,,,,0,0,-0.35,75.0,13.075000000000001,99.25,0.0,1,0.2551824131233728,0.9668929289391521,2018-2019,0
2019-01-16,3.6999999999999997,1.0,2.5,2.0333333333333323,97.0,8.2,89.5,0.5,0.42743324883252787,91.0,0.30000000000000004,7.266666666666667,0.0,,,,,,0,1,2.125,94.75,7.8999999999999995,90.75,0.175,1,0.2717767384711357,0.9623603298276545,2018-2019,0
2019-01-17,0.2,0.1,1.2,-0.6333333333333332,90.5,6.4,74.5,0.0,1.3782844602289919,54.666666666666664,0.0,7.1000000000000005,2.0,,,,,,0,0,0.7250000000000001,90.5,6.8,65.0,0.0,1,0.2882906407095177,0.9575429528116719,2018-2019,0
2019-01-18,3.6,0.6,0.1,2.683333333333333,77.0,8.149999999999999,65.0,0.1,3.5412786450145197,63.0,0.0,6.933333333333333,1.0,,,,,,0,0,-0.45,77.25,7.624999999999999,63.0,0.025,1,0.3047192331091634,0.9524422234305676,2018-2019,0
2019-01-19,0.0,0.0,0.8,0.1666666666666664,76.0,8.05,89.0,0.0,3.7537615122485684,93.33333333333333,0.0,4.566666666666667,24.0,,,,,,0,0,2.225,70.25,5.625,92.25,0.0,1,0.321057654185271,0.9470596510722283,2018-2019,1
2019-01-20,0.1,0.0,2.8,0.28333333333333366,78.5,9.25,100.0,0.2,3.4013424977658957,100.0,1.7999999999999998,10.166666666666666,0.0,,,,,,0,3,4.125,81.75,9.9,100.0,0.44999999999999996,1,0.3373010691361842,0.9413968285264122,2018-2019,0
2019-01-21,5.3999999999999995,0.6,-0.2,3.0833333333333335,85.5,5.449999999999999,91.5,0.2,2.1253883681676315,97.33333333333333,0.30000000000000004,4.533333333333333,0.0,,,,,,0,0,-0.625,85.75,5.049999999999999,94.0,0.1,1,0.3534446712740877,0.9354554315134164,2018-2019,0
2019-01-22,1.2000000000000002,0.2,2.0,0.21666666666666679,95.0,6.050000000000001,99.5,3.6,0.715726414998145,92.66666666666667,4.7,5.666666666666667,0.0,,,,,,0,0,1.525,95.25,5.8500000000000005,94.5,1.525,1,0.3694836834473831,0.9292372181882051,2018-2019,0
2019-01-23,0.0,0.0,-1.5,2.333333333333333,85.5,8.05,100.0,0.1,2.1675406815632576,99.0,0.0,8.233333333333333,1.0,,,,,,0,0,1.625,83.75,8.15,99.25,0.025,1,0.38541335945432564,0.9227440286201427,2018-2019,0
2019-01-24,3.3000000000000003,1.4,0.7,2.9333333333333327,86.5,10.7,81.0,0.1,1.9826995279031474,58.333333333333336,0.2,10.033333333333333,0.0,,,,,,0,0,-0.35,84.75,10.2,65.75,0.05,1,0.4012289854475009,0.9159777842484877,2018-2019,0
2019-01-25,0.0,0.0,-0.5,0.5,77.5,6.5,95.5,0.0,3.4449428047342634,94.66666666666667,0.0,6.7,14.0,,,,,,0,0,-0.75,79.0,6.625,94.75,0.0,1,0.4169258813287287,0.908940487313808,2018-2019,0
2019-01-26,2.6,0.8,-0.9,3.3,85.5,8.3,87.0,0.30000000000000004,2.0801863758737564,90.66666666666667,0.30000000000000004,7.366666666666667,0.0,,,,,,0,0,-3.675,87.0,7.4750000000000005,87.25,0.125,1,0.4324994021339788,0.901634220265486,2018-2019,0
2019-01-27,3.4,0.8999999999999999,-1.1,-1.2666666666666666,88.0,11.3,79.5,0.30000000000000004,1.7436141676702583,67.66666666666667,0.2,8.733333333333333,0.0,,,,,,0,0,-0.5750000000000001,88.75,9.525,72.0,0.1,1,0.44794493940789115,0.8940611451454876,2018-2019,0
2019-01-28,0.0,0.0,-1.1,2.3,83.5,9.0,87.5,0.0,2.4362627479171133,92.33333333333333,0.0,10.233333333333333,14.0,,,,,,0,0,-0.7250000000000001,82.0,9.925,93.75,0.0,1,0.4632579225674917,0.88622350294858,2018-2019,0
2019-01-29,7.8,1.9000000000000001,-0.0,1.8333333333333333,79.0,10.399999999999999,73.0,0.30000000000000004,3.2089057716896976,63.666666666666664,0.30000000000000004,6.8999999999999995,0.0,,,,,,0,0,-0.5,80.75,8.2,71.25,0.1,1,0.4784338202547012,0.8781236129591848,2018-2019,0
2019-01-30,0.0,0.0,-6.5,7.3,80.0,5.9,58.5,0.0,2.9228896405116673,89.0,0.0,6.566666666666667,15.0,,,,,,0,0,-5.575,80.0,6.325000000000001,72.75,0.0,1,0.49346814167723735,0.8697638720650646,2018-2019,0
2019-01-31,0.0,0.0,-1.1,-0.7166666666666666,82.0,5.25,100.0,0.4,2.7449607185379943,100.0,1.7999999999999998,4.0,0.0,,,,,,0,3,2.2,84.25,4.45,100.0,0.475,1,0.5083564379375122,0.8611467540480452,2018-2019,0
2019-02-01,3.1,0.2,-2.0,2.4333333333333336,81.5,9.75,97.0,0.30000000000000004,2.750994681708342,87.0,0.7,10.1,0.0,,,,,,0,0,-1.7,83.0,9.8,89.25,0.2,2,0.5230943033491326,0.8522748088519838,2018-2019,0
2019-02-02,0.30000000000000004,0.30000000000000004,2.6,-3.1,71.5,7.3,91.5,0.0,4.634447496912639,90.33333333333333,0.0,8.433333333333332,4.0,,,,,,0,0,2.2249999999999996,71.75,7.824999999999999,90.75,0.0,2,0.5376773767406141,0.8431506618282,2018-2019,1
2019-02-03,0.2,0.0,-0.1,5.749999999999999,91.0,6.65,53.5,0.0,1.281395106362405,31.666666666666668,0.0,8.333333333333334,10.0,,,,,,0,0,-0.325,89.25,7.625,29.5,0.0,2,0.5521013427459208,0.8337770129585915,2018-2019,0
2019-02-04,7.199999999999999,3.4,8.4,-1.4000000000000004,97.5,13.45,100.0,4.9,0.37311526846452026,100.0,4.4,12.4,0.0,,,,,,0,3,7.675,97.5,13.075,100.0,2.0,2,0.5663619330814524,0.8241566360566663,2018-2019,0
2019-02-05,0.0,0.0,1.5,0.9166666666666665,73.5,3.05,80.5,0.0,4.273706724717165,53.666666666666664,0.0,1.8333333333333333,15.0,,,,,,0,0,3.2250000000000005,72.75,2.525,61.75,0.0,2,0.580454927809098,0.8142923779467267,2018-2019,0
2019-02-06,0.0,0.0,4.6,-2.7333333333333334,79.5,12.35,100.0,0.0,3.2713637449086623,100.0,0.0,10.066666666666666,24.0,,,,,,0,0,5.8,80.75,10.825,100.0,0.0,2,0.5943761565849831,0.804187157621448,2018-2019,0
2019-02-07,0.0,0.0,0.3,2.7,90.0,7.9,96.5,0.0,1.448979349160893,94.66666666666667,0.0,9.433333333333334,16.0,,,,,,0,0,1.075,88.0,8.875,95.25,0.0,2,0.6081214998935418,0.7938439653781019,2018-2019,0
2019-02-08,1.8,0.0,1.3,4.716666666666666,95.0,9.9,98.5,0.1,0.7049668557609671,93.66666666666667,0.0,8.5,1.0,,,,,,0,0,-0.325,92.0,9.2,94.75,0.025,2,0.6216868902665479,0.7832658619336791,2018-2019,0
2019-02-09,0.0,0.0,-3.5,1.4166666666666665,63.0,5.9,100.0,0.0,6.088010122715184,100.0,0.0,6.466666666666666,24.0,,,,,,0,0,-2.3,63.0,6.425000000000001,100.0,0.0,2,0.6350683134867438,0.7724559775191742,2018-2019,0
2019-02-10,2.5,0.2,-1.3,2.75,84.5,13.649999999999999,79.5,0.2,2.2797487717583933,85.66666666666667,0.1,11.666666666666666,0.0,,,,,,0,0,-1.1,84.25,12.424999999999999,82.25,0.05,2,0.6482618097757122,0.7614175109532997,2018-2019,0
2019-02-11,0.0,0.0,-1.4,2.220446049250313e-16,66.5,7.25,94.5,0.2,5.435952256566107,98.66666666666667,0.30000000000000004,9.033333333333333,0.0,,,,,,0,0,-1.025,63.0,8.425,97.25,0.1,2,0.6612634749656386,0.7501537286959042,2018-2019,0
2019-02-12,5.7,0.30000000000000004,0.8,1.9833333333333332,91.5,6.7,94.0,0.0,1.2212979096768861,90.66666666666667,0.0,6.900000000000001,5.0,,,,,,0,0,0.32499999999999996,89.75,6.975,91.5,0.0,2,0.6740694616546161,0.7386679638813748,2018-2019,0
2019-02-13,0.0,0.4,1.2,0.9166666666666667,85.5,8.1,95.5,0.0,2.1569641435803173,94.0,0.0,4.6000000000000005,2.0,,,,,,0,0,0.8,82.0,5.925,95.5,0.0,2,0.6866759803451553,0.726963615332308,2018-2019,0
2019-02-14,1.3,0.0,-0.9,3.05,91.0,4.15,50.5,0.0,1.2692719494109874,82.33333333333333,0.0,4.0,7.0,,,,,,0,0,-2.3,85.75,3.975,73.25,0.0,2,0.6990793005655562,0.7150441465537444,2018-2019,0
2019-02-15,0.0,0.0,-7.5,5.0166666666666675,66.0,6.4,23.5,0.0,5.274628009714204,63.333333333333336,0.0,5.433333333333334,24.0,,,,,,0,0,-6.449999999999999,62.5,5.675,47.75,0.0,2,0.7112757519738152,0.7029130847082615,2018-2019,0
2019-02-16,0.0,0.0,3.6,-0.9333333333333336,93.5,5.2,100.0,1.5,0.956148899691871,100.0,1.6,4.366666666666666,0.0,,,,,,0,3,4.15,95.25,4.825,100.0,0.6,2,0.7232617254437388,0.6905740195722294,2018-2019,0
2019-02-17,0.0,0.0,-1.1,2.2333333333333334,88.5,4.9,69.5,0.0,1.6579759961798133,49.333333333333336,0.0,5.833333333333333,13.0,,,,,,0,0,-0.42500000000000004,84.75,5.575,55.25,0.0,2,0.7350336741329412,0.6780306024735382,2018-2019,0
2019-02-18,0.0,0.0,-0.3,2.9,82.0,2.8,65.0,0.0,2.721593710186884,56.333333333333336,0.0,2.966666666666667,24.0,,,,,,0,0,1.4749999999999999,81.25,2.9250000000000003,59.0,0.0,2,0.746588114532413,0.6652865452111116,2018-2019,0
2019-02-19,0.0,0.0,2.9,-0.3833333333333333,62.5,11.65,100.0,0.0,6.60308570000992,100.0,0.1,12.866666666666667,24.0,,,,,,0,1,6.175000000000001,63.5,12.525,100.0,0.025,2,0.7579216274973472,0.6523456189565257,2018-2019,0
2019-02-20,5.1,3.4000000000000004,9.4,1.1833333333333336,100.0,4.1,100.0,0.2,0.0,96.66666666666667,1.0,8.133333333333333,0.0,,,,,,0,3,8.9,100.0,7.275,97.5,0.275,2,0.7690308592589181,0.6392116531380588,2018-2019,0
2019-02-21,5.1,0.8,2.6,2.6666666666666665,86.0,8.649999999999999,70.5,0.0,2.099466973773139,84.66666666666667,0.0,9.633333333333335,3.0,,,,,,0,0,2.475,86.25,9.25,80.5,0.0,2,0.7799125224167177,0.6258885343075018,2018-2019,0
2019-02-22,0.0,0.0,-1.7,4.366666666666666,90.0,5.45,96.5,0.0,1.4294616504896385,93.66666666666667,0.0,5.6000000000000005,14.0,,,,,,0,0,-0.7,88.0,5.575,94.25,0.0,2,0.7905633969115482,0.612380204990065,2018-2019,0
2019-02-23,0.0,0.0,1.1,1.6333333333333329,84.0,5.5,94.5,0.0,2.405126405978817,62.333333333333336,0.0,7.533333333333334,24.0,,,,,,0,0,2.225,81.25,6.95,71.0,0.0,2,0.8009803309782905,0.5986906625177214,2018-2019,0
2019-02-24,0.0,0.0,-2.7,5.416666666666667,71.5,5.85,96.0,0.0,4.409151109659117,93.66666666666667,0.0,7.866666666666667,24.0,,,,,,0,0,-2.625,69.0,7.175000000000001,94.25,0.0,2,0.8111602420785621,0.5848239578463322,2018-2019,0
2019-02-25,0.0,0.0,3.0,1.666666666666667,95.0,8.25,64.0,0.0,0.7233357930664961,96.0,0.0,5.766666666666667,24.0,,,,,,0,0,4.225,92.75,6.45,79.5,0.0,2,0.8211001178128892,0.5707841943569036,2018-2019,0
2019-02-26,0.1,0.0,3.4,3.183333333333333,99.0,4.65,99.0,0.0,0.14125842354272544,66.33333333333333,0.0,4.866666666666667,9.0,,,,,,0,0,2.4000000000000004,97.0,4.8,74.5,0.0,2,0.8307970168121247,0.5565755266413303,2018-2019,0
2019-02-27,0.0,0.0,-1.3,2.2,80.0,4.4,84.5,0.0,2.994004085134976,100.0,0.0,4.5,24.0,,,,,,0,0,-0.6,77.5,4.6,92.25,0.0,2,0.8402480696078469,0.5422021592729844,2018-2019,0
2019-02-28,0.0,0.0,6.3,0.0,90.5,6.55,100.0,1.7000000000000002,1.4369354702106838,100.0,3.6,3.4333333333333336,0.0,,,,,,0,3,6.2,92.5,4.35,100.0,1.05,2,0.8494504794814806,0.527668345562516,2018-2019,0
2019-03-01,0.0,0.0,4.3,1.9833333333333343,96.0,3.5999999999999996,23.5,0.0,0.5769509084265696,20.0,0.0,4.0,15.0,,,,,,0,0,4.05,94.0,3.9499999999999997,21.5,0.0,3,0.8584015232918917,0.512978386299228,2018-2019,0
2019-03-02,0.0,0.0,2.4,1.483333333333333,90.5,4.0,5.5,0.0,1.3782844602289919,3.0,0.0,3.966666666666667,17.0,,,,,,0,0,1.8,85.5,3.9250000000000003,3.5,0.0,3,0.8670985522812081,0.4981366284784055,2018-2019,0
2019-03-03,0.0,0.0,3.3,-0.5166666666666666,67.0,8.45,99.5,0.0,5.543425388796486,94.66666666666667,0.0,8.899999999999999,24.0,,,,,,0,0,4.125,66.5,8.75,95.75,0.0,3,0.8755389928586302,0.4831474640149687,2018-2019,0
2019-03-04,1.3,1.1,6.5,0.583333333333333,97.0,3.1999999999999997,100.0,2.0,0.44199985686459886,98.0,2.3,1.9666666666666668,0.0,,,,,,0,3,6.699999999999999,97.5,2.6249999999999996,98.5,0.875,3,0.8837203473619977,0.4680153284438345,2018-2019,0
2019-03-05,0.1,0.0,3.9,0.23333333333333384,97.0,4.5,3.5,0.0,0.4296986738685513,2.3333333333333335,0.0,5.333333333333333,12.0,,,,,,0,0,3.725,95.5,5.1,2.75,0.0,3,0.8916401947968874,0.45274469960737107,2018-2019,0
2019-03-06,0.0,0.0,5.1,0.06666666666666643,73.0,11.149999999999999,99.5,0.0,4.489004038502809,99.33333333333333,0.0,12.033333333333333,24.0,,,,,,0,0,7.250000000000001,73.0,11.799999999999999,99.5,0.0,3,0.8992961915530253,0.4373400963303323,2018-2019,0
2019-03-07,7.4,3.6,6.3,1.6499999999999995,96.5,8.5,100.0,0.5,0.5145645969036456,96.66666666666667,0.1,9.700000000000001,0.0,,,,,,0,1,6.1,94.25,9.575,97.5,0.125,3,0.9066860720977985,0.4218060770826634,2018-2019,0
2019-03-08,0.2,0.5,0.9,1.4833333333333334,89.5,8.9,78.5,0.2,1.5319930632145613,75.0,0.2,8.9,0.0,,,,,,0,0,1.5,88.0,9.025,75.75,0.07500000000000001,3,0.9138076496466615,0.40614723863057883,2018-2019,0
2019-03-09,0.0,0.0,-3.7,5.05,63.5,9.7,0.0,0.0,5.996269815654066,0.0,0.0,9.866666666666667,23.0,,,,,,0,0,0.02499999999999991,58.25,9.75,0.0,0.0,3,0.9206588168102428,0.3903682146763026,2018-2019,0
2019-03-10,0.0,0.0,4.7,1.6166666666666671,86.5,12.05,100.0,0.0,2.0780757037663538,100.0,0.0,12.4,24.0,,,,,,0,0,6.949999999999999,83.5,12.475000000000001,100.0,0.0,3,0.9272375462179537,0.374473674486883,2018-2019,0
2019-03-11,9.7,4.1,7.9,2.216666666666667,95.5,6.35,100.0,3.8,0.6737067603737188,100.0,3.5,4.666666666666667,0.0,,,,,,0,3,7.699999999999999,95.5,5.475,100.0,1.375,3,0.9335418911179212,0.35846832151248087,2018-2019,0
2019-03-12,1.3,0.2,4.6,1.8833333333333337,98.0,8.0,30.0,0.0,0.28482694176278844,33.0,0.1,7.566666666666666,4.0,,,,,,0,1,4.075,95.25,7.675,34.75,0.025,3,0.9395699859530622,0.342356891994542,2018-2019,0
2019-03-13,3.3000000000000003,0.0,1.8,4.95,88.0,15.75,98.5,2.2,1.8203480110251813,99.66666666666667,4.2,12.333333333333334,0.0,,,,,,0,3,4.375,93.75,12.175,99.25,1.05,3,0.945320046913132,0.3261441535642696,2018-2019,0
2019-03-14,1.2999999999999998,4.2,0.2,0.8,91.5,4.6,72.0,0.8,1.2248055405945322,68.0,0.5,4.3,0.0,,,,,,0,0,1.025,87.0,4.425,69.5,0.225,3,0.9507903724625832,0.3098349038318025,2018-2019,0
2019-03-15,0.0,0.0,-3.5,3.9,87.5,5.35,28.0,0.0,1.8073159336728892,4.0,0.0,6.066666666666666,13.0,,,,,,0,0,-0.625,86.25,5.925,14.75,0.0,3,0.9559793438440766,0.2934339689665273,2018-2019,1
2019-03-16,0.7999999999999999,0.0,0.7,3.533333333333333,85.5,8.65,71.5,0.0,2.164012320267674,59.333333333333336,0.2,8.1,4.0,,,,,,0,1,2.425,84.5,8.15,67.75,0.05,3,0.9608854255574977,0.27694620226893646,2018-2019,0
2019-03-17,0.0,0.0,-3.2,4.233333333333333,59.5,9.649999999999999,58.0,0.0,6.887026541653342,96.33333333333333,0.2,9.066666666666665,14.0,,,,,,0,0,0.5,58.5,9.225,77.0,0.05,3,0.9655071658143364,0.2603764827344581,2018-2019,0
2019-03-18,0.1,0.0,-5.4,6.816666666666667,81.5,8.649999999999999,1.0,0.0,2.647721148611325,0.3333333333333333,0.0,7.033333333333334,12.0,,,,,,0,0,-3.9499999999999997,80.25,7.574999999999999,0.5,0.0,3,0.969843196967294,0.24372971360968387,2018-2019,1
2019-03-19,0.0,0.0,4.4,0.2999999999999998,72.5,13.25,91.0,0.0,4.543439687287551,92.33333333333333,0.2,12.866666666666667,24.0,,,,,,0,2,6.2250000000000005,73.75,13.025,92.5,0.05,3,0.9738922359149924,0.22701082094141847,2018-2019,0
2019-03-20,0.0,0.0,2.3,6.166666666666667,89.0,2.95,0.0,0.0,1.6220225117661866,0.0,0.0,4.333333333333333,18.0,,,,,,0,0,4.475,84.5,4.025,0.0,0.0,3,0.9776530844816641,0.2102247521189836,2018-2019,0
2019-03-21,0.1,0.0,11.7,0.34999999999999964,88.0,24.2,91.5,3.0,1.9242077314744233,92.66666666666667,4.6,26.73333333333333,0.0,,,,,,0,3,12.375000000000002,85.75,25.725,90.5,1.3250000000000002,3,0.981124629771712,0.19337647441020586,2018-2019,0
2019-03-22,4.5,0.8999999999999999,11.3,3.1166666666666654,98.0,13.75,100.0,1.1,0.3017411730058779,84.66666666666667,1.1,13.566666666666668,0.0,,,,,,0,3,9.5,95.25,13.2,88.5,0.35000000000000003,3,0.984305844499033,0.17647097349152166,2018-2019,0
2019-03-23,0.2,0.0,2.3,1.3666666666666667,74.0,5.35,52.5,0.0,4.130789722952836,85.0,0.0,7.5,7.0,,,,,,0,0,2.225,70.0,7.05,76.25,0.0,3,0.9871957872910085,0.15951325197263655,2018-2019,0
2019-03-24,0.0,0.1,1.1,0.18333333333333313,84.5,3.95,61.5,0.5,2.31930653499132,57.666666666666664,0.0,6.366666666666666,1.0,,,,,,0,0,2.075,80.25,5.675,55.5,0.125,3,0.9897936029670716,0.14250832791617088,2018-2019,0
2019-03-25,0.0,0.0,0.4,2.1833333333333336,86.5,8.25,6.5,0.0,1.9770151621036116,43.0,0.0,8.3,24.0,,,,,,0,0,2.675,79.0,8.225,33.25,0.0,3,0.992098522791769,0.12546123335273648,2018-2019,0
2019-03-26,0.0,0.0,1.1,5.6,80.5,3.85,96.0,0.0,2.9947667867851644,99.66666666666667,0.0,3.5666666666666664,24.0,,,,,,0,0,3.95,76.75,3.9000000000000004,97.75,0.0,3,0.9941098647022418,0.10837701279187609,2018-2019,0
2019-03-27,6.6000000000000005,0.2,2.2,4.716666666666667,87.5,5.95,2.0,0.0,1.8409946264692543,1.0,0.0,7.133333333333333,6.0,,,,,,0,0,3.025,84.5,7.1,1.0,0.0,3,0.9958270335100595,0.09126072172931188,2018-2019,0
2019-03-28,0.0,0.0,8.9,1.6666666666666643,95.5,5.8999999999999995,100.0,1.7000000000000002,0.6780076622498212,100.0,0.4,7.133333333333333,0.0,,,,,,0,3,7.725,97.0,6.0,100.0,0.5,3,0.9972495210773451,0.07411742515094437,2018-2019,0
2019-03-29,0.0,0.0,-0.6,3.85,73.0,4.2,93.0,0.0,4.272273604914695,69.33333333333333,0.0,4.9,21.0,,,,,,0,0,2.2249999999999996,65.25,4.6000000000000005,75.5,0.0,3,0.998376906467142,0.056952196034039754,2018-2019,0
2019-03-30,0.0,0.0,6.1,1.2833333333333332,64.0,10.95,100.0,0.0,6.328265373910071,98.66666666666667,0.0,12.266666666666666,24.0,,,,,,0,0,8.35,68.75,11.924999999999999,99.0,0.0,3,0.9992088560679753,0.03977011384605572,2018-2019,0
2019-03-31,1.9000000000000001,0.1,5.6,2.05,93.5,12.0,100.0,3.9,0.9669824099126272,97.0,2.3,15.066666666666665,0.0,,,,,,0,3,5.45,94.5,12.65,97.75,1.2,3,0.9997451236925734,0.022576263041545485,2018-2019,0
2019-04-01,5.5,1.2000000000000002,2.8,1.5333333333333332,92.5,3.35,95.0,0.2,1.0923996820479471,90.0,0.1,3.3666666666666667,0.0,,,,,,0,1,3.15,88.0,3.2,91.75,0.05,4,0.9999855506507186,0.005375731557583884,2018-2019,0
2019-04-02,2.8,0.1,-0.0,2.0999999999999996,89.5,5.75,44.5,0.2,1.517007565807589,49.0,0.8,4.933333333333334,0.0,,,,,,0,0,0.65,80.0,4.85,48.5,0.2,4,0.9999300657962057,-0.011826390691832589,2018-2019,0
2019-04-03,1.7,0.5,1.1,0.43333333333333335,75.0,6.15,44.5,0.2,3.938408297129918,45.333333333333336,0.30000000000000004,5.3,0.0,,,,,,0,0,1.2000000000000002,76.75,5.45,47.25,0.1,4,0.9995786855478958,-0.029025013321975237,2018-2019,0
2019-04-04,0.0,0.0,1.3,2.833333333333334,77.0,2.8,56.0,0.0,3.6111444116083313,55.333333333333336,0.0,3.7000000000000006,17.0,,,,,,0,0,4.05,73.0,3.2750000000000004,58.0,0.0,4,0.9989315138848577,-0.046215046983708354,2018-2019,0
2019-04-05,0.0,0.0,2.8,2.416666666666667,85.0,9.95,45.0,0.0,2.2635295925894976,91.66666666666667,0.0,8.633333333333333,24.0,,,,,,0,0,6.0,75.5,8.9,68.75,0.0,4,0.9979887423155984,-0.06339140486951038,2018-2019,0
2019-04-06,1.3,0.2,8.7,1.3166666666666664,88.0,4.4,60.5,0.0,1.862288610017199,11.333333333333334,0.0,4.466666666666666,5.0,,,,,,0,0,8.575,81.25,4.275,31.0,0.0,4,0.9967506498213929,-0.08054900421874167,2018-2019,0
2019-04-07,0.0,0.0,6.0,2.1833333333333336,57.5,5.25,49.0,0.0,7.796374911507893,46.0,0.0,4.066666666666667,24.0,,,,,,0,0,8.925,60.25,4.3999999999999995,50.0,0.0,4,0.9952176027737294,-0.09768276782171598,2018-2019,0
2019-04-08,0.0,0.0,7.4,1.9833333333333325,78.0,3.45,100.0,0.0,3.5830398147602147,69.0,0.0,5.6000000000000005,16.0,,,,,,0,0,7.925000000000001,80.75,5.025,76.75,0.0,4,0.9933900548258936,-0.11478762552212701,2018-2019,0
2019-04-09,2.2,0.1,3.8,2.916666666666666,87.0,6.75,28.0,0.0,1.963519426090014,37.0,0.0,9.333333333333334,3.0,,,,,,0,0,4.7250000000000005,82.75,8.65,34.25,0.0,4,0.9912685467787256,-0.13185851571739118,2018-2019,0
2019-04-10,0.0,0.1,3.6,3.566666666666667,96.0,8.3,100.0,7.6,0.5792926233454732,100.0,11.600000000000001,13.166666666666666,0.0,,,,,,0,0,4.325,92.25,11.6,100.0,3.75,4,0.9888537064205885,-0.1488903868564548,2018-2019,0
2019-04-11,2.1999999999999997,0.30000000000000004,4.7,1.75,95.0,12.3,87.0,0.2,0.731280301346656,86.33333333333333,0.30000000000000004,12.033333333333333,0.0,,,,,,0,3,4.75,93.75,12.175,87.75,0.1,4,0.986146248341595,-0.16587819893463143,2018-2019,0
2019-04-12,0.0,0.0,1.8,3.883333333333333,69.5,4.9,85.5,0.0,5.006242886377679,88.66666666666667,0.0,3.8666666666666667,22.0,,,,,,0,0,4.125,65.0,4.0,88.75,0.0,4,0.9831469737221499,-0.1828169249850199,2018-2019,0
2019-04-13,0.0,0.0,-0.1,6.716666666666666,84.5,5.0,0.0,0.0,2.292897244974468,0.0,0.0,4.066666666666667,15.0,,,,,,0,0,3.075,73.0,4.2,0.0,0.0,4,0.9798567700958665,-0.1997015525660636,2018-2019,0
2019-04-14,0.0,0.0,6.9,3.183333333333332,85.0,12.25,94.5,0.0,2.3618915995540126,96.66666666666667,0.0,14.799999999999999,24.0,,,,,,0,0,9.4,79.75,14.049999999999999,96.25,0.0,4,0.9762766110869321,-0.21652708524481437,2018-2019,0
2019-04-15,7.800000000000001,5.8999999999999995,8.8,2.783333333333333,91.5,9.9,70.5,0.7999999999999999,1.2954932625969837,40.0,1.3,9.4,0.0,,,,,,0,3,7.925,90.5,9.399999999999999,54.75,0.35,4,0.9724075561219968,-0.23328854407545518,2018-2019,0
2019-04-16,0.0,0.0,1.3,6.166666666666666,82.5,4.3,0.0,0.0,2.6585466446730406,0.0,0.0,3.766666666666666,18.0,,,,,,0,0,4.675000000000001,70.5,4.0249999999999995,0.0,0.0,4,0.9682507501166718,-0.2499809690726521,2018-2019,0
2019-04-17,0.0,0.0,9.2,1.4333333333333336,88.0,14.149999999999999,94.0,0.0,1.8815768571049798,87.0,0.0,16.03333333333333,24.0,,,,,,0,0,11.175,79.5,15.424999999999999,87.75,0.0,4,0.9638074231367307,-0.26659942067929354,2018-2019,0
2019-04-18,9.3,0.6,7.1,4.533333333333333,96.0,7.800000000000001,0.0,0.0,0.5908354185799585,0.0,0.0,5.866666666666667,5.0,,,,,,0,0,9.899999999999999,87.75,6.325,0.0,0.0,4,0.9590788900341131,-0.28313898122818354,2018-2019,0
2019-04-19,0.0,0.0,12.0,0.1833333333333318,88.5,3.15,100.0,0.2,1.8445769734305077,100.0,0.8999999999999999,5.2,0.0,,,,,,0,3,13.075,88.0,4.85,100.0,0.25,4,0.9540665500578387,-0.2995947563972602,2018-2019,0
2019-04-20,0.0,0.0,4.5,3.4333333333333336,98.0,6.9,86.0,0.0,0.28854355007051957,55.333333333333336,0.0,5.699999999999999,16.0,,,,,,0,0,6.0,83.75,5.625,66.5,0.0,4,0.9487718864399473,-0.31596187665790293,2018-2019,0
2019-04-21,0.0,0.0,10.2,1.533333333333335,87.5,11.100000000000001,72.0,0.0,1.9905000706968838,97.0,0.0,8.6,24.0,,,,,,0,0,12.55,81.75,9.275,83.75,0.0,4,0.9431964659565866,-0.33223549871590435,2018-2019,0
2019-04-22,0.1,0.0,14.0,0.6166666666666671,98.5,4.5,100.0,0.0,0.23190502491677556,93.33333333333333,0.0,4.866666666666667,10.0,,,,,,0,0,14.149999999999999,92.5,4.675,95.0,0.0,4,0.9373419384643772,-0.3484108069446808,2018-2019,0
2019-04-23,0.0,0.0,6.5,5.283333333333333,77.5,10.75,83.0,0.0,3.7138606411289947,97.0,0.0,11.866666666666665,24.0,,,,,,0,0,12.524999999999999,76.0,11.5,90.25,0.0,4,0.9312100364121947,-0.3644830148102912,2018-2019,0
2019-04-24,0.0,0.0,15.6,1.4333333333333353,87.0,19.85,100.0,1.0,2.1608095105628013,100.0,0.4,21.033333333333335,0.0,,,,,,0,2,16.225,84.5,20.5,100.0,0.3,4,0.9248025743285089,-0.38044736628785164,2018-2019,0
2019-04-25,7.4,10.7,17.4,0.56666666666667,99.5,5.35,100.0,5.8,0.0789521537154414,100.0,4.3,4.7,0.0,,,,,,0,3,16.825000000000003,98.5,5.324999999999999,100.0,1.9500000000000002,4,0.9181214482844365,-0.39629913726891813,2018-2019,0
2019-04-26,0.0,0.0,13.2,1.549999999999999,99.5,4.7,100.0,5.5,0.07651005267133293,100.0,6.9,2.733333333333333,0.0,,,,,,0,3,12.849999999999998,99.5,3.7750000000000004,100.0,2.125,4,0.9111686353326631,-0.41203363695942635,2018-2019,0
2019-04-27,0.8999999999999999,1.2,7.7,2.3999999999999995,95.5,15.649999999999999,99.0,1.3,0.6702223269997454,100.0,2.4000000000000004,15.433333333333332,0.0,,,,,,0,3,6.625,96.25,15.225,99.5,0.7250000000000001,4,0.9039461929224011,-0.42764620926777464,2018-2019,0
2019-04-28,0.0,0.0,2.4,3.4500000000000006,76.0,1.4,37.0,0.0,3.8521134121467613,87.66666666666667,0.0,3.8333333333333335,15.0,,,,,,0,0,6.074999999999999,69.75,3.125,65.75,0.0,4,0.8964562582905575,-0.44313223418263453,2018-2019,0
2019-04-29,0.0,0.0,7.8,0.11666666666666714,83.0,12.25,83.5,0.0,2.749446416998617,93.0,0.0,14.0,24.0,,,,,,0,0,11.325,77.25,13.350000000000001,90.5,0.0,4,0.8887010478292915,-0.45848712914008766,2018-2019,0
2019-04-30,5.699999999999999,4.9,11.9,0.93333333333333,88.0,17.6,100.0,5.3,1.9445667154306676,100.0,3.1999999999999997,21.266666666666666,0.0,,,,,,0,3,13.75,87.0,20.225,100.0,1.625,4,0.8806828564301475,-0.47370635037968,2018-2019,0
2019-05-01,0.6,0.2,13.5,2.033333333333333,96.0,3.1,100.0,0.8,0.6276082746189218,100.0,0.6000000000000001,4.9,0.0,,,,,,0,3,14.225000000000001,96.25,4.125,100.0,0.275,5,0.8724040568049612,-0.48878539428899265,2018-2019,0
2019-05-02,0.4,0.2,11.4,1.1499999999999986,100.0,6.15,98.0,0.5,0.0,90.0,0.4,7.533333333333334,0.0,,,,,,0,3,11.85,98.25,7.3500000000000005,92.5,0.175,5,0.8638670987837349,-0.503719798736334,2018-2019,0
2019-05-03,0.0,0.0,9.8,1.666666666666666,80.0,4.550000000000001,93.5,0.0,3.3050040129460703,97.0,0.0,3.9666666666666672,20.0,,,,,,0,0,13.25,76.0,3.9000000000000004,95.5,0.0,5,0.8550745085896932,-0.518505144391157,2018-2019,0
2019-05-04,0.0,0.0,12.4,0.8499999999999996,71.0,4.55,0.0,0.0,5.090790926079774,0.0,0.0,4.366666666666666,24.0,,,,,,0,0,12.950000000000001,69.75,4.3999999999999995,0.0,0.0,5,0.8460288880917339,-0.533137056031809,2018-2019,0
2019-05-05,0.0,0.0,10.0,1.8666666666666671,90.0,11.55,62.0,0.0,1.5762644030975501,82.66666666666667,0.0,12.333333333333334,24.0,,,,,,0,0,14.024999999999999,82.25,12.075,76.0,0.0,5,0.8367329140344921,-0.5476112038402312,2018-2019,0
2019-05-06,0.0,0.0,14.4,1.5,86.0,11.75,61.0,0.0,2.314351833266917,48.666666666666664,0.0,14.166666666666666,24.0,,,,,,0,0,15.799999999999999,80.5,13.525,49.25,0.0,5,0.8271893372462497,-0.5619233046832195,2018-2019,0
2019-05-07,7.8999999999999995,0.0,8.0,3.7333333333333343,85.5,5.95,13.5,0.0,2.271102027790608,7.666666666666667,0.0,8.766666666666667,3.0,,,,,,0,0,8.225,77.25,7.825,9.5,0.0,5,0.8174009818249189,-0.5760691233798758,2018-2019,0
2019-05-08,0.0,0.0,3.7,4.183333333333334,66.0,4.35,0.0,0.0,5.830035464311231,0.0,0.0,3.1333333333333333,24.0,,,,,,0,0,8.95,57.0,3.3749999999999996,0.0,0.0,5,0.8073707443023492,-0.5900444739548627,2018-2019,0
2019-05-09,0.0,0.0,10.0,2.700000000000001,76.5,11.05,72.5,0.0,3.9557021797465834,75.66666666666667,0.0,9.666666666666666,24.0,,,,,,0,0,12.774999999999999,72.0,10.075000000000001,80.25,0.0,5,0.7971015927871943,-0.6038452208771035,2018-2019,0
2019-05-10,0.0,0.0,9.1,4.750000000000002,85.5,5.65,0.0,0.0,2.311921294299486,0.0,0.0,3.5,24.0,,,,,,0,0,13.125,74.75,3.9750000000000005,0.0,0.0,5,0.7865965660866021,-0.6174672802835514,2018-2019,0
2019-05-11,0.0,0.0,7.5,6.783333333333333,88.0,7.9,43.0,0.0,1.8748889945427623,52.0,0.0,4.733333333333333,24.0,,,,,,0,0,13.325,76.75,5.65,49.5,0.0,5,0.7758587728069828,-0.6309066211876704,2018-2019,0
2019-05-12,0.0,0.0,8.2,6.15,84.0,5.75,0.0,0.0,2.572501510962484,4.0,0.0,3.066666666666667,24.0,,,,,,0,0,13.424999999999999,75.75,3.8249999999999997,3.0,0.0,5,0.7648913904341226,-0.6441592666722685,2018-2019,0
2019-05-13,0.0,0.0,14.7,0.8166666666666664,90.5,6.8,22.5,0.0,1.5471197934065248,17.333333333333332,0.0,6.7,24.0,,,,,,0,0,17.349999999999998,83.0,6.6,18.25,0.0,5,0.753697664392914,-0.6572212950663319,2018-2019,0
2019-05-14,0.0,0.0,17.1,1.3500000000000014,82.0,13.25,100.0,0.3,3.095464436022123,100.0,0.0,14.133333333333333,1.0,,,,,,0,0,17.225,81.5,13.65,100.0,0.075,5,0.742280907086982,-0.6700888411055113,2018-2019,0
2019-05-15,0.8999999999999999,0.0,12.4,2.5333333333333314,84.0,11.7,1.5,0.0,2.637728971671203,0.6666666666666666,0.0,12.1,11.0,,,,,,0,0,14.875,78.5,11.95,1.0,0.0,5,0.7306444969184916,-0.6827580970759147,2018-2019,0
2019-05-16,0.0,0.0,14.1,3.1500000000000004,91.0,10.3,9.5,0.0,1.447576389074646,15.666666666666666,0.0,7.566666666666666,14.0,,,,,,0,0,16.275,83.25,8.175,13.5,0.0,5,0.7187918772884232,-0.6952253139408722,2018-2019,0
2019-05-17,0.0,0.0,14.9,2.333333333333334,84.5,12.399999999999999,12.0,0.0,2.606643900141286,17.333333333333332,0.0,12.699999999999998,16.0,,,,,,0,0,17.375,77.75,12.55,15.25,0.0,5,0.7067265555776158,-0.7074868024503348,2018-2019,0
2019-05-18,0.0,0.0,16.0,1.8333333333333321,73.5,8.399999999999999,51.0,0.0,4.722149389327949,67.33333333333333,0.0,9.066666666666666,24.0,,,,,,0,0,17.25,69.25,9.099999999999998,75.5,0.0,5,0.6944521021088763,-0.719538934232584,2018-2019,0
2019-05-19,0.0,0.0,16.2,1.43333333333333,72.5,24.65,0.5,0.0,4.9528113396224445,1.3333333333333333,0.0,23.333333333333332,24.0,,,,,,0,0,17.55,68.25,23.674999999999997,1.0,0.0,5,0.6819721490904629,-0.7313781428679254,2018-2019,0
2019-05-20,0.0,0.0,16.3,1.466666666666665,61.0,29.450000000000003,93.0,0.0,7.575663770151545,96.66666666666667,0.0,30.666666666666668,24.0,,,,,,0,0,17.475,62.75,30.150000000000002,96.5,0.0,5,0.6692903895412567,-0.7430009249440493,2018-2019,0
2019-05-21,5.5,4.4,17.1,0.1999999999999993,99.0,9.7,100.0,23.799999999999997,0.1567349389481123,99.66666666666667,6.7,4.866666666666667,0.0,,,,,,0,3,14.825,94.75,6.05,99.75,6.7749999999999995,5,0.6564105761979381,-0.7544038410927472,2018-2019,0
2019-05-22,0.0,0.0,9.5,4.433333333333335,72.0,3.0999999999999996,25.0,0.0,4.862229854452964,51.333333333333336,0.0,2.0,21.0,,,,,,0,0,13.375,64.75,2.4749999999999996,45.75,0.0,5,0.6433365204044917,-0.765583517007675,2018-2019,0
2019-05-23,0.0,0.0,9.9,6.15,68.5,4.35,0.0,0.0,5.551071772383318,0.0,0.0,3.033333333333333,24.0,,,,,,0,0,14.225000000000001,62.5,3.3,0.0,0.0,5,0.6300720909843687,-0.7765366444428655,2018-2019,0
2019-05-24,0.0,0.0,12.2,4.416666666666664,78.5,3.6,0.0,0.0,3.6603576537488447,0.0,0.0,2.733333333333333,24.0,,,,,,0,0,16.025,74.75,2.9499999999999997,0.0,0.0,5,0.6166212130956382,-0.7872599821916922,2018-2019,0
2019-05-25,0.0,0.0,11.7,6.100000000000001,74.0,11.05,0.0,0.0,4.5161743980946305,0.0,0.0,10.533333333333333,24.0,,,,,,0,0,16.9,70.0,10.4,0.0,0.0,5,0.6029878670694714,-0.7977503570459932,2018-2019,0
2019-05-26,0.0,0.0,14.8,5.116666666666667,77.0,11.25,99.5,0.0,4.025910159773389,99.66666666666667,0.0,8.333333333333334,24.0,,,,,,0,0,19.475,73.25,9.125,99.5,0.0,5,0.5891760872322963,-0.8080046647350754,2018-2019,0
2019-05-27,0.0,0.0,15.9,4.633333333333335,85.5,9.85,99.5,0.0,2.4458998778758705,98.0,0.0,6.866666666666666,24.0,,,,,,0,0,20.349999999999998,78.25,7.6499999999999995,98.5,0.0,5,0.5751899607119775,-0.8180198708443175,2018-2019,0
2019-05-28,0.0,0.0,19.8,2.5333333333333314,72.5,16.549999999999997,100.0,0.1,5.070767516405759,100.0,0.30000000000000004,16.23333333333333,0.0,,,,,,0,2,19.775,73.5,16.224999999999998,100.0,0.07500000000000001,5,0.5610336262283677,-0.8277930117131022,2018-2019,0
2019-05-29,7.1,1.5,14.6,2.666666666666666,95.0,9.55,92.0,0.30000000000000004,0.7923964468678495,93.33333333333333,0.2,8.466666666666667,0.0,,,,,,0,2,15.05,89.25,8.65,92.0,0.1,5,0.5467112728685939,-0.8373211953118121,2018-2019,0
2019-05-30,0.0,0.0,8.8,4.966666666666665,73.5,5.35,0.0,0.0,4.516392896244013,0.0,0.0,4.533333333333333,23.0,,,,,,0,0,13.925,62.5,4.675,0.0,0.0,5,0.5322271388474397,-0.8466016020976267,2018-2019,0
2019-05-31,0.0,0.0,17.5,0.649999999999995,79.0,14.149999999999999,98.5,0.0,3.685455900271302,99.66666666666667,0.0,13.266666666666666,24.0,,,,,,0,0,18.3,77.5,13.375,99.25,0.0,5,0.5175855102531889,-0.8556314858488706,2018-2019,0
2019-06-01,0.0,0.0,14.2,1.8999999999999986,78.5,3.3,29.0,0.0,3.717283562211467,46.333333333333336,0.0,2.0,14.0,,,,,,0,0,16.675,71.75,2.55,48.25,0.0,6,0.5027907197793043,-0.8644081744776648,2018-2019,0
2019-06-02,0.0,0.0,13.5,3.616666666666667,79.5,8.35,87.0,0.0,3.485006423081181,82.66666666666667,0.0,6.900000000000001,24.0,,,,,,0,0,17.25,73.0,7.125,85.0,0.0,6,0.4878471454423119,-0.8729290708206411,2018-2019,0
2019-06-03,0.0,0.0,14.9,4.15,93.5,9.7,29.5,0.0,1.041698434994757,3.0,0.0,5.466666666666666,24.0,,,,,,0,0,17.825000000000003,81.75,6.5249999999999995,14.75,0.0,6,0.47275920928627757,-0.881191653407483,2018-2019,0
2019-06-04,0.0,0.0,16.7,3.1999999999999957,88.5,10.8,91.0,0.0,1.92095358037842,93.0,0.0,8.366666666666667,24.0,,,,,,0,0,19.6,81.75,9.025,94.0,0.0,6,0.4575313760742512,-0.8891934772070711,2018-2019,0
2019-06-05,0.0,0.0,16.5,3.849999999999998,88.5,8.25,96.5,0.0,1.9194844204471782,80.0,0.0,8.4,24.0,,,,,,0,0,19.65,81.25,8.3,84.25,0.0,6,0.44216815196707204,-0.8969321743510065,2018-2019,0
2019-06-06,0.7000000000000001,0.0,18.1,2.8833333333333293,99.0,4.85,100.0,0.2,0.159902215831913,87.0,0.2,4.766666666666667,0.0,,,,,,0,2,18.55,95.25,4.75,90.25,0.07500000000000001,6,0.42667408318992467,-0.9044054548343001,2018-2019,0
2019-06-07,0.0,0.0,19.2,1.1000000000000014,74.5,8.55,100.0,0.2,4.629983457224133,100.0,1.1,9.233333333333334,0.0,,,,,,0,3,19.650000000000002,75.0,8.975,100.0,0.30000000000000004,6,0.4110537546870351,-0.9116111071930239,2018-2019,0
2019-06-08,8.700000000000001,1.6,18.5,0.18333333333333357,93.0,3.6500000000000004,100.0,3.3,1.162125114656508,100.0,4.1,6.733333333333334,0.0,,,,,,0,3,19.2,95.5,5.575,100.0,1.475,6,0.3953117887649151,-0.9185469991587165,2018-2019,0
2019-06-09,0.30000000000000004,0.1,15.7,1.3666666666666671,96.5,3.1,100.0,0.1,0.5560365887750844,100.0,0.4,3.6666666666666665,0.0,,,,,,0,3,16.275,93.0,3.6500000000000004,100.0,0.1,6,0.37945284372454435,-0.925211078289358,2018-2019,0
2019-06-10,3.0,0.0,15.9,2.033333333333333,94.5,1.9,100.0,2.6999999999999997,0.8899660146753412,94.66666666666667,6.4,2.966666666666667,0.0,,,,,,0,3,17.3,94.25,2.5749999999999997,96.0,1.7000000000000002,6,0.36348161248290634,-0.9316013725767187,2018-2019,0
2019-06-11,0.2,0.0,14.8,2.6666666666666643,94.5,5.1,18.0,0.0,0.8783874763773625,15.333333333333334,0.0,2.8666666666666667,10.0,,,,,,0,0,16.875,88.5,3.3499999999999996,16.0,0.0,6,0.3474028211842774,-0.9377159910299093,2018-2019,0
2019-06-12,5.2,0.0,15.0,1.7333333333333343,95.0,3.95,35.0,0.0,0.800092149341916,26.666666666666668,0.0,3.1,9.0,,,,,,0,0,16.775000000000002,90.0,3.05,29.5,0.0,6,0.3312212278016865,-0.9435531242349544,2018-2019,0
2019-06-13,0.1,0.0,14.6,2.333333333333334,95.0,7.6,25.0,0.0,0.7920893899342722,1.6666666666666667,0.0,5.466666666666666,12.0,,,,,,0,0,16.975,87.0,5.9,13.0,0.0,6,0.31494162072895193,-0.9491110448902284,2018-2019,0
2019-06-14,0.0,0.0,18.6,1.2333333333333343,82.5,15.4,62.0,0.0,3.057075379701679,97.0,0.0,17.1,24.0,,,,,,0,0,20.549999999999997,77.25,16.575000000000003,78.75,0.0,6,0.2985688173637202,-0.9543881083175908,2018-2019,0
2019-06-15,0.0,0.30000000000000004,16.9,3.1000000000000014,92.0,5.8,100.0,2.4,1.308632493306824,100.0,1.1,3.0666666666666664,0.0,,,,,,0,3,17.474999999999998,91.0,3.7499999999999996,100.0,0.65,6,0.2821076626819194,-0.9593827529490743,2018-2019,0
2019-06-16,10.0,7.5,16.5,3.166666666666668,96.0,21.6,100.0,4.9,0.639865612533379,100.0,6.6,20.933333333333334,0.0,,,,,,0,3,16.275,96.5,20.925,100.0,2.25,6,0.26556302780405594,-0.9640935007889755,2018-2019,0
2019-06-17,4.8999999999999995,0.6,14.1,0.5666666666666664,97.0,7.15,97.0,0.1,0.46985484676987,76.66666666666667,0.30000000000000004,7.3999999999999995,0.0,,,,,,0,3,14.975000000000001,93.0,7.3500000000000005,81.25,0.07500000000000001,6,0.24893980855376657,-0.9685189578512204,2018-2019,0
2019-06-18,0.0,0.0,12.6,3.0666666666666664,86.5,7.6000000000000005,30.5,0.0,2.2098422015927284,8.666666666666666,0.0,4.7,22.0,,,,,,0,0,17.3,78.25,5.25,19.5,0.0,6,0.23224292400907015,-0.9726578145718654,2018-2019,0
2019-06-19,0.1,0.0,15.5,4.0,84.5,7.95,62.0,0.0,2.6227030330394676,67.0,1.0,3.733333333333334,12.0,,,,,,0,2,18.3,82.25,4.9,65.25,0.25,6,0.21547731504673012,-0.976508846196619,2018-2019,0
2019-06-20,0.0,0.0,18.2,1.5000000000000036,81.5,2.0,11.0,0.0,3.2312781534038706,5.333333333333333,0.0,1.7000000000000002,14.0,,,,,,0,0,19.85,80.0,2.0,5.5,0.0,6,0.19864794288017112,-0.9800709131432666,2018-2019,0
2019-06-21,0.0,0.0,15.1,4.166666666666666,80.0,11.7,99.5,0.0,3.47813109121177,100.0,0.0,11.299999999999999,24.0,,,,,,0,0,19.375,78.75,11.375,99.75,0.0,6,0.18175978759137534,-0.9833429613388902,2018-2019,0
2019-06-22,0.6000000000000001,0.6,19.6,1.8499999999999979,88.5,9.7,75.5,0.0,1.9571222528270873,46.333333333333336,0.0,9.1,4.0,,,,,,0,0,20.924999999999997,85.25,9.274999999999999,59.25,0.0,6,0.16481784665719793,-0.9863240225317866,2018-2019,0
2019-06-23,0.7,0.2,17.2,2.116666666666667,99.5,2.75,100.0,0.0,0.0791649999207813,100.0,0.1,3.0666666666666664,2.0,,,,,,0,1,17.55,96.5,2.9499999999999997,100.0,0.025,6,0.14782713347053048,-0.9890132145779883,2018-2019,0
2019-06-24,0.0,0.0,15.8,2.4333333333333336,94.5,5.1,52.0,0.2,0.8838267886989879,82.33333333333333,0.5,4.366666666666667,0.0,,,,,,0,2,17.0,91.75,4.65,73.5,0.125,6,0.13079267585675922,-0.9914097417023038,2018-2019,0
2019-06-25,0.0,0.0,14.3,4.183333333333334,97.5,5.35,13.0,0.0,0.39142452546340145,4.333333333333333,0.0,2.6666666666666665,13.0,,,,,,0,0,17.1,88.75,3.6,7.25,0.0,6,0.11371951458594969,-0.9935128947338007,2018-2019,0
2019-06-26,0.0,0.0,18.8,1.3833333333333329,87.5,11.2,70.0,0.0,2.1344517861527876,70.33333333333333,0.0,12.166666666666666,24.0,,,,,,0,0,21.349999999999998,80.75,11.825000000000001,74.75,0.0,6,0.0966127018812031,-0.9953220513156602,2018-2019,0
2019-06-27,0.1,0.5,19.9,1.9500000000000064,84.0,15.25,100.0,0.6000000000000001,2.794826876264427,100.0,0.2,16.033333333333335,0.0,,,,,,0,1,21.4,84.0,15.725000000000001,100.0,0.15000000000000002,6,0.07947729992362097,-0.9968366760893436,2018-2019,0
2019-06-28,2.4000000000000004,0.5,21.3,2.466666666666665,99.5,5.15,100.0,4.8,0.08189615941262929,100.0,6.9,7.633333333333333,0.0,,,,,,0,3,21.875,98.25,6.775,100.0,1.9500000000000002,6,0.062318379354325076,-0.998056320853012,2018-2019,0
2019-06-29,0.1,0.1,21.4,0.5000000000000036,91.5,8.35,100.0,0.7999999999999999,1.4493206528374714,96.0,5.2,4.666666666666666,0.0,,,,,,0,3,22.674999999999997,91.75,5.625,97.0,1.325,6,0.04514101777397193,-0.9989806246941579,2018-2019,0
2019-06-30,9.7,8.9,23.1,-0.06666666666666998,91.5,15.55,100.0,10.899999999999999,1.4679175342002182,94.33333333333333,9.5,17.5,0.0,,,,,,0,3,24.575,88.75,16.875,95.75,3.8249999999999993,6,0.02795029824021032,-0.999609314096404,2018-2019,0
2019-07-01,1.4000000000000001,0.0,18.4,3.466666666666665,96.0,4.45,97.5,0.0,0.6557275459275971,100.0,0.0,3.266666666666667,9.0,,,,,,0,0,21.075000000000003,92.5,3.5,98.75,0.0,7,0.01075130776352193,-0.9999422030204416,2018-2019,0
2019-07-02,0.1,1.2,21.1,2.3000000000000007,95.0,2.05,100.0,1.4,0.8328189299075248,99.66666666666667,2.2,2.1,0.0,,,,,,0,3,21.325,92.25,1.775,99.75,0.725,7,-0.00645086419810515,-0.9999791929590823,2018-2019,0
2019-07-03,0.0,0.0,17.9,3.883333333333333,95.0,5.85,100.0,0.0,0.8165296481021578,100.0,0.0,4.833333333333333,16.0,,,,,,0,0,20.9,88.0,5.0249999999999995,100.0,0.0,7,-0.023651127245231586,-0.9997202729664083,2018-2019,0
2019-07-04,1.4000000000000001,1.2999999999999998,21.2,1.8166666666666664,96.0,3.35,98.5,0.1,0.6632295119558442,86.66666666666667,0.1,5.333333333333333,1.0,,,,,,0,1,21.825000000000003,94.25,4.9,89.75,0.05,7,-0.04084439154329611,-0.9991655196610109,2018-2019,0
2019-07-05,0.4,0.0,18.3,2.816666666666663,95.0,4.3,100.0,0.0,0.8190252527462469,99.66666666666667,0.0,2.6,10.0,,,,,,0,0,20.45,89.5,2.975,99.75,0.0,7,-0.05802556932878035,-0.9983150972033183,2018-2019,0
2019-07-06,0.0,0.0,19.5,3.1833333333333336,92.5,1.7999999999999998,85.0,0.0,1.252314703379728,84.66666666666667,0.0,2.1333333333333333,13.0,,,,,,0,0,20.975,89.25,1.7999999999999998,83.0,0.0,7,-0.07518957641475855,-0.9971692572470178,2018-2019,0
2019-07-07,0.0,0.0,20.3,1.7999999999999972,95.5,3.95,44.5,0.0,0.7427492540795235,70.33333333333333,0.0,3.266666666666667,4.0,,,,,,0,0,20.95,90.25,3.65,64.5,0.0,7,-0.09233133369539122,-0.9957283388645872,2018-2019,0
2019-07-08,0.1,0.0,17.2,3.8999999999999986,95.5,2.7,14.5,0.0,0.7315215429599355,33.666666666666664,0.0,2.2333333333333334,11.0,,,,,,0,0,20.175,88.5,2.5250000000000004,28.0,0.0,7,-0.10944576864891556,-0.993992768446958,2018-2019,0
2019-07-09,0.1,0.0,21.2,1.5666666666666664,86.5,7.05,62.0,0.0,2.34385663298389,51.666666666666664,0.0,8.266666666666667,10.0,,,,,,0,0,22.05,82.5,7.9750000000000005,58.75,0.0,7,-0.12652781683868314,-0.9919630595773397,2018-2019,0
2019-07-10,0.0,0.0,19.5,2.299999999999997,89.0,8.7,15.5,0.0,1.861145578045484,12.333333333333334,0.0,6.266666666666667,16.0,,,,,,0,0,21.299999999999997,83.75,6.925,14.0,0.0,7,-0.1435724234118113,-0.9896398128792412,2018-2019,0
2019-07-11,0.0,0.0,20.4,1.716666666666665,79.5,20.6,100.0,0.2,3.666519396442702,100.0,1.3,21.2,1.0,,,,,,0,2,20.575000000000003,79.0,21.05,100.0,0.375,7,-0.16057454459499376,-0.9870237158387383,2018-2019,0
2019-07-12,4.1,8.3,19.8,0.1999999999999993,89.5,12.9,93.0,0.1,1.782384591325929,100.0,0.6,11.0,0.0,,,,,,0,3,21.275,88.5,11.5,96.5,0.15,7,-0.17752914918703497,-0.984115542601034,2018-2019,0
2019-07-13,1.3000000000000003,0.0,19.3,1.75,96.5,1.95,98.5,0.0,0.572682342322036,99.0,0.0,2.3666666666666667,9.0,,,,,,0,0,20.35,93.0,2.175,98.75,0.0,7,-0.19443122004766195,-0.9809161537413774,2018-2019,0
2019-07-14,1.9,2.0,19.5,2.0333333333333314,94.0,5.3,80.5,0.4,0.9922551060500133,80.66666666666667,0.1,4.8,0.0,,,,,,0,1,20.45,90.0,4.75,85.5,0.1,7,-0.2112757555821793,-0.9774264960104055,2018-2019,0
2019-07-15,0.5,0.0,20.8,0.9000000000000021,98.0,5.050000000000001,99.5,0.0,0.327281142247589,100.0,0.1,5.033333333333334,4.0,,,,,,0,1,21.025,95.5,4.875,99.75,0.025,7,-0.2280577712215198,-0.9736476020539838,2018-2019,0
2019-07-16,0.30000000000000004,0.0,20.3,1.4166666666666679,97.0,1.25,83.5,0.0,0.49368509932478233,88.66666666666667,0.0,1.9333333333333336,10.0,,,,,,0,0,21.525,93.75,1.725,85.0,0.0,7,-0.24477230089725957,-0.9695805901076308,2018-2019,0
2019-07-17,0.0,0.6,20.1,2.633333333333333,93.5,7.15,17.0,0.0,1.088515407285822,3.0,0.0,4.366666666666667,5.0,,,,,,0,0,22.624999999999996,88.0,5.050000000000001,9.5,0.0,7,-0.2614143985111562,-0.965226663665613,2018-2019,0
2019-07-18,0.1,0.0,22.9,1.56666666666667,89.0,8.85,100.0,0.0,1.9173762059181314,100.0,1.2000000000000002,9.3,8.0,,,,,,0,2,23.825,88.0,9.100000000000001,100.0,0.30000000000000004,7,-0.2779791393987801,-0.9605871111248129,2018-2019,0
2019-07-19,11.3,1.7,22.4,1.1166666666666671,95.5,4.9,100.0,1.0,0.7529270963899961,100.0,1.1,5.233333333333333,0.0,,,,,,0,3,23.025000000000002,93.5,5.15,100.0,0.39999999999999997,7,-0.2944616217868012,-0.9556633054034704,2018-2019,0
2019-07-20,0.1,0.0,23.5,1.1833333333333336,89.5,8.4,100.0,0.6000000000000001,1.8196906151631573,100.0,1.2000000000000002,10.766666666666666,0.0,,,,,,0,3,23.275,89.25,9.75,100.0,0.35,7,-0.3108569682435036,-0.9504567035349151,2018-2019,0
2019-07-21,0.0,0.0,24.7,0.03333333333333499,84.5,15.3,100.0,0.0,2.7984208170854714,100.0,0.0,14.866666666666667,17.0,,,,,,0,0,25.475,83.75,15.175,100.0,0.0,7,-0.3271603271220951,-0.9449688462364056,2018-2019,0
2019-07-22,0.2,0.0,24.8,0.6833333333333336,83.5,13.3,98.0,0.0,2.9862566388241696,99.66666666666667,6.1,11.533333333333331,9.0,,,,,,0,2,24.65,85.75,12.0,99.0,1.525,7,-0.34336687399638804,-0.939201357453208,2018-2019,0
2019-07-23,5.1,0.0,22.6,1.5166666666666622,98.5,2.8499999999999996,100.0,2.6,0.24827029930329303,100.0,3.7,2.3,0.0,,,,,,0,3,22.799999999999997,96.5,2.125,100.0,1.1500000000000001,7,-0.3594718130884232,-0.9331559438780432,2018-2019,0
2019-07-24,0.2,0.0,21.8,2.366666666666667,96.0,5.65,99.5,1.0,0.6697656440235349,99.0,1.7000000000000002,5.333333333333333,0.0,,,,,,0,3,22.974999999999998,94.75,5.475,99.25,0.475,7,-0.3754703786876202,-0.9268343944460494,2018-2019,0
2019-07-25,0.0,0.0,21.7,2.700000000000003,90.5,8.45,98.5,0.0,1.6330254793508985,97.0,0.0,8.266666666666666,13.0,,,,,,0,0,24.174999999999997,86.25,8.225,97.25,0.0,7,-0.3913578365610259,-0.9202385798054075,2018-2019,0
2019-07-26,0.1,0.0,25.1,0.8833333333333293,85.5,10.25,56.5,0.0,2.6077369539216164,29.333333333333332,0.0,15.066666666666668,12.0,,,,,,0,0,26.0,82.5,13.475000000000001,40.0,0.0,7,-0.4071294853542516,-0.9133704517637858,2018-2019,0
2019-07-27,2.1999999999999997,0.1,24.6,1.1999999999999957,84.0,9.45,14.5,0.0,2.8959667369119977,47.666666666666664,1.9000000000000001,7.066666666666666,5.0,,,,,,0,2,26.049999999999997,82.0,8.025,36.0,0.47500000000000003,7,-0.4227806579826773,-0.9062320427107697,2018-2019,0
2019-07-28,15.6,0.0,21.8,1.8833333333333329,96.0,8.6,82.5,0.4,0.6685062128079728,90.0,0.9,7.766666666666667,0.0,,,,,,0,3,23.4,94.25,7.874999999999999,83.75,0.275,7,-0.4383067230125192,-0.898825465016444,2018-2019,0
2019-07-29,3.5,0.1,23.2,3.0166666666666693,95.5,6.25,68.0,0.30000000000000004,0.7614613868972029,93.0,0.8,4.3,0.0,,,,,,0,3,24.625,93.5,4.8999999999999995,82.75,0.25,7,-0.45370308603134424,-0.8911529104063088,2018-2019,0
2019-07-30,0.0,0.0,23.9,2.8500000000000014,92.0,8.0,8.5,0.0,1.3860694638118964,19.666666666666668,0.1,6.2,13.0,,,,,,0,1,26.35,86.0,6.525,16.5,0.025,7,-0.46896519100763184,-0.8832166493127127,2018-2019,0
2019-07-31,0.0,0.1,24.6,1.999999999999993,92.5,7.6,18.5,0.0,1.2997931061924888,13.333333333333334,0.1,4.733333333333333,3.0,,,,,,0,1,26.599999999999998,86.25,5.375,16.5,0.025,7,-0.48408852163897587,-0.8750190302029955,2018-2019,0
2019-08-01,0.0,0.0,22.5,5.133333333333336,94.5,4.199999999999999,18.5,0.0,0.92585169297476,13.0,0.0,2.6999999999999997,17.0,,,,,,0,0,25.05,85.0,3.3,18.5,0.0,8,-0.4990686026885319,-0.8665624788845385,2018-2019,0
2019-08-02,0.0,0.0,23.0,3.833333333333332,98.0,7.25,10.5,0.0,0.33476858313691693,3.0,0.0,4.733333333333333,24.0,,,,,,0,0,25.775000000000002,90.25,5.2,6.0,0.0,8,-0.5139010013093103,-0.8578494977869301,2018-2019,0
2019-08-03,0.0,0.0,23.7,3.8333333333333357,96.0,7.800000000000001,2.5,0.0,0.6770936585847132,0.6666666666666666,0.0,4.633333333333334,24.0,,,,,,0,0,25.775,88.75,5.4,1.25,0.0,8,-0.5285813283559292,-0.8488826652214553,2018-2019,0
2019-08-04,0.3,0.0,24.4,2.9333333333333336,96.0,6.75,61.5,0.0,0.6798836536874404,75.33333333333333,0.0,4.866666666666666,12.0,,,,,,0,0,26.15,89.25,5.175,73.0,0.0,8,-0.5431052396834317,-0.8396646346181327,2018-2019,0
2019-08-05,0.0,0.0,24.4,3.1333333333333364,83.0,9.4,11.0,0.0,3.0777078980623003,4.333333333333333,0.0,7.166666666666667,13.0,,,,,,0,0,26.275000000000002,80.5,7.75,6.75,0.0,8,-0.5574684374327892,-0.8301981337405212,2018-2019,0
2019-08-06,0.0,0.0,25.1,2.3166666666666664,86.0,9.399999999999999,51.5,0.0,2.5199722950016756,90.66666666666667,0.0,12.766666666666666,15.0,,,,,,0,0,26.825,81.25,11.725,70.75,0.0,8,-0.5716666713027052,-0.8204859638785327,2018-2019,0
2019-08-07,0.0,0.0,25.5,1.9166666666666679,87.0,9.899999999999999,90.5,0.0,2.3250367301869233,87.0,0.0,11.433333333333332,24.0,,,,,,0,0,26.85,82.0,11.0,88.75,0.0,8,-0.5856957398073508,-0.8105309990194823,2018-2019,0
2019-08-08,0.0,0.0,24.9,2.3333333333333357,89.0,7.6499999999999995,12.5,0.0,1.9411109487099303,11.666666666666666,0.0,7.833333333333333,24.0,,,,,,0,0,26.35,82.75,7.65,12.5,0.0,8,-0.5995514915196489,-0.8003361849976323,2018-2019,0
2019-08-09,0.0,0.0,23.6,3.8666666666666636,94.5,8.05,19.0,0.0,0.9426526921874299,6.0,0.0,6.5,24.0,,,,,,0,0,26.400000000000002,86.5,6.825000000000001,12.0,0.0,8,-0.6132298262997502,-0.7899045386224707,2018-2019,0
2019-08-10,0.0,0.0,23.7,4.033333333333331,93.5,8.3,3.0,0.0,1.1108525993531764,5.333333333333333,0.0,5.033333333333334,24.0,,,,,,0,0,25.6,85.25,5.825,5.0,0.0,8,-0.6267266965083301,-0.7792391467859886,2018-2019,0
2019-08-11,0.0,0.0,22.7,4.466666666666669,88.0,8.55,2.5,0.0,2.0892723286902353,8.666666666666666,0.0,6.3999999999999995,24.0,,,,,,0,0,25.1,80.75,6.8500000000000005,7.75,0.0,8,-0.6400381082043503,-0.7683431655492202,2018-2019,0
2019-08-12,0.0,0.0,25.2,1.5333333333333385,88.5,6.300000000000001,98.0,0.0,2.0297087645376095,98.66666666666667,0.0,8.833333333333334,24.0,,,,,,0,0,26.325,82.0,7.9750000000000005,98.5,0.0,8,-0.65316012232693,-0.7572198192083127,2018-2019,0
2019-08-13,0.0,0.0,23.6,4.099999999999998,92.5,6.1,2.0,0.0,1.2901306530330494,23.0,0.0,3.9,24.0,,,,,,0,0,26.4,82.5,4.575,18.25,0.0,8,-0.666088855860977,-0.7458723993404063,2018-2019,0
2019-08-14,0.0,0.0,24.4,4.066666666666666,95.0,8.25,10.0,0.0,0.8537247288933294,16.0,0.0,6.3999999999999995,13.0,,,,,,0,0,26.65,87.25,6.75,13.75,0.0,8,-0.6788204829862355,-0.734304263829602,2018-2019,0
2019-08-15,1.0,0.6,27.0,1.3666666666666636,79.5,23.35,99.5,0.4,3.851158323016154,84.0,0.8,23.76666666666667,0.0,,,,,,0,3,27.375,79.25,23.775,88.0,0.25,8,-0.6913512362094071,-0.722518835873311,2018-2019,0
2019-08-16,25.7,20.0,26.1,0.4499999999999993,89.5,15.2,99.5,10.7,1.864964329832457,99.66666666666667,15.0,16.666666666666668,0.0,,,,,,0,3,26.2,89.25,16.175,99.75,4.875,8,-0.7036774074790128,-0.7105196029692745,2018-2019,0
2019-08-17,0.8,0.0,22.7,2.700000000000003,94.0,6.8,36.5,0.2,1.0207428148559181,56.333333333333336,0.30000000000000004,5.333333333333333,0.0,,,,,,0,2,24.9,89.5,5.65,52.0,0.1,8,-0.7157953492826642,-0.6983101158835584,2018-2019,0
2019-08-18,0.0,0.0,20.9,4.333333333333336,90.5,6.15,0.0,0.0,1.6146841963907015,0.0,0.0,4.233333333333333,20.0,,,,,,0,0,23.8,83.5,4.65,0.0,0.0,8,-0.7277014757264236,-0.6858939875998223,2018-2019,0
2019-08-19,0.0,0.0,24.1,2.533333333333335,88.5,7.8500000000000005,13.0,0.0,2.0176453977380184,38.333333333333336,0.0,8.133333333333335,13.0,,,,,,0,0,25.55,82.75,7.95,31.5,0.0,8,-0.7393922635959241,-0.673274892250183,2018-2019,0
2019-08-20,0.2,0.0,24.1,1.1999999999999993,93.5,5.4,100.0,1.5,1.1141810269547854,99.33333333333333,3.2,5.133333333333334,0.0,,,,,,0,3,24.174999999999997,94.0,5.300000000000001,99.5,1.05,8,-0.7508642533989489,-0.6604565640279754,2018-2019,0
2019-08-21,0.0,1.2,24.3,0.49999999999999645,93.5,3.3,55.0,0.0,1.1150139085729833,53.333333333333336,0.2,2.9666666666666663,2.0,,,,,,0,1,25.075000000000003,91.25,3.05,59.0,0.05,8,-0.7621140503891487,-0.6474427960827475,2018-2019,0
2019-08-22,22.3,0.30000000000000004,24.0,0.5500000000000007,96.0,4.9,99.5,3.6999999999999997,0.6778539988919476,99.66666666666667,0.7000000000000001,4.6,0.0,,,,,,0,3,24.525,94.75,4.625,99.75,1.0,8,-0.7731383255706026,-0.6342374393978054,2018-2019,0
2019-08-23,3.9000000000000004,14.0,23.9,2.4999999999999964,94.0,8.25,100.0,5.6,1.0264885514879722,100.0,10.5,10.433333333333334,0.0,,,,,,0,3,24.049999999999997,95.75,9.325,100.0,3.075,8,-0.7839338166829201,-0.620844401650647,2018-2019,0
2019-08-24,1.9,0.0,20.0,2.4333333333333336,87.0,2.55,36.0,0.0,2.2278095569144263,57.0,0.0,1.5999999999999999,9.0,,,,,,0,0,21.05,85.75,1.9,48.75,0.0,8,-0.7944973291665992,-0.6072676460566135,2018-2019,0
2019-08-25,0.0,0.0,22.0,0.6333333333333364,91.5,2.9,17.0,0.0,1.4313834957646918,30.666666666666668,0.3,3.2000000000000006,2.0,,,,,,0,1,21.525,87.5,3.25,28.75,0.075,8,-0.8048257371083452,-0.593511190196115,2018-2019,0
2019-08-26,0.6,0.0,18.3,3.616666666666667,100.0,4.2,100.0,0.0,0.0,41.0,0.0,3.8000000000000003,11.0,,,,,,0,0,19.75,95.25,3.75,55.75,0.0,8,-0.8149159841660791,-0.5795791048257612,2018-2019,0
2019-08-27,0.0,0.0,15.9,4.716666666666663,88.0,9.850000000000001,90.0,0.0,2.014736329823494,99.66666666666667,0.0,9.6,24.0,,,,,,0,0,19.675,86.25,9.55,94.75,0.0,8,-0.8247650844733614,-0.5654755126737576,2018-2019,0
2019-08-28,9.5,3.7,22.6,0.23333333333333073,89.5,11.9,100.0,5.7,1.8217365254685198,99.33333333333333,4.1,11.366666666666667,0.0,,,,,,0,3,23.475,89.75,11.4,99.5,2.225,8,-0.8343701235229537,-0.5512045872199277,2018-2019,0
2019-08-29,12.200000000000001,7.3,22.6,1.1333333333333293,96.0,8.45,100.0,0.1,0.6710262574793084,100.0,2.7,7.933333333333334,1.0,,,,,,0,2,23.1,94.75,8.075,100.0,0.7000000000000001,8,-0.8437282590292712,-0.5367705514607103,2018-2019,0
2019-08-30,1.9,0.0,23.0,1.5833333333333393,93.5,6.1,100.0,1.3,1.1075291300151875,100.0,4.4,2.3666666666666667,0.0,,,,,,0,3,23.425000000000004,94.25,3.875,100.0,1.125,8,-0.8528367217694595,-0.522177676659508,2018-2019,0
2019-08-31,0.0,0.0,20.4,2.0333333333333385,88.0,1.35,61.0,0.0,2.083792013357094,56.666666666666664,0.0,1.1333333333333335,13.0,,,,,,0,0,22.675,86.25,1.125,53.25,0.0,8,-0.8616928164028521,-0.5074302810827518,2018-2019,0
2019-09-01,0.6000000000000001,0.1,21.1,1.9499999999999993,94.5,2.35,100.0,0.0,0.9195901309870536,66.66666666666667,0.3,2.1,6.0,,,,,,0,1,21.875,93.25,2.1,75.0,0.075,9,-0.8702939222685674,-0.49253272872205434,2019-2020,0
2019-09-02,0.0,0.0,21.1,1.216666666666665,83.0,9.15,93.5,0.0,3.0162513851028585,93.66666666666667,0.6000000000000001,8.0,14.0,,,,,,0,2,22.6,83.5,8.35,95.25,0.15000000000000002,9,-0.8786374941610001,-0.4774894280028391,2019-2020,0
2019-09-03,0.0,0.7,21.6,1.283333333333335,95.0,2.95,66.0,0.0,0.8359698698735372,90.66666666666667,0.0,2.2333333333333334,3.0,,,,,,0,0,22.724999999999998,92.5,2.375,79.5,0.0,9,-0.886721063082993,-0.46230483047981086,2019-2020,0
2019-09-04,0.0,0.0,22.2,2.200000000000003,93.0,6.75,98.0,0.2,1.1878872687605622,94.66666666666667,0.1,5.933333333333334,0.0,,,,,,0,1,23.575,89.5,6.175,96.0,0.05,9,-0.8945422369764496,-0.4469834295196741,2019-2020,0
2019-09-05,0.0,0.0,23.9,0.783333333333335,87.0,9.15,96.0,0.0,2.2983939734620016,95.66666666666667,0.0,11.5,13.0,,,,,,0,0,24.725,84.75,10.95,96.0,0.0,9,-0.9020987014301837,-0.43152975897147144,2019-2020,0
2019-09-06,0.0,0.0,24.3,0.8500000000000014,82.5,14.350000000000001,60.5,0.0,3.1657143039400033,78.33333333333333,0.0,13.9,24.0,,,,,,0,0,24.825,79.75,14.125,67.25,0.0,9,-0.9093882203647925,-0.4159483918249421,2019-2020,0
2019-09-07,0.0,0.0,23.3,1.6999999999999957,75.5,10.8,52.5,0.0,4.569006377437333,25.666666666666668,0.0,11.6,24.0,,,,,,0,0,24.35,72.25,11.55,34.75,0.0,9,-0.9164086366943458,-0.4002439388573056,2019-2020,0
2019-09-08,0.0,0.0,25.3,0.81666666666667,84.5,8.15,1.5,0.0,2.790122887425234,0.3333333333333333,0.0,11.1,24.0,,,,,,0,0,25.875,81.25,10.4,1.0,0.0,9,-0.9231578729647039,-0.38442104726885545,2019-2020,0
2019-09-09,0.0,0.0,24.0,2.4333333333333336,86.5,4.0,85.5,0.0,2.3899911704151044,81.33333333333333,0.0,4.366666666666666,24.0,,,,,,0,0,25.075000000000003,83.25,4.475,82.25,0.0,9,-0.9296339319682695,-0.3684843993077793,2019-2020,0
2019-09-10,0.0,0.0,24.6,1.033333333333335,83.5,2.65,13.5,0.0,2.979607951995863,8.0,0.0,2.6666666666666665,24.0,,,,,,0,0,25.875,80.5,2.5999999999999996,9.5,0.0,9,-0.9358348973349941,-0.35243871088460327,2019-2020,0
2019-09-11,0.0,0.0,23.5,2.2833333333333314,94.0,4.6,29.5,0.0,1.016921248326593,45.0,0.0,4.866666666666667,14.0,,,,,,0,0,24.575000000000003,88.25,4.375,41.0,0.0,9,-0.9417589340994617,-0.33628873017668287,2019-2020,0
2019-09-12,0.9,0.0,20.5,2.8833333333333364,98.0,4.75,58.5,0.0,0.3255462423835631,69.33333333333333,0.0,6.400000000000001,8.0,,,,,,0,0,20.3,95.25,5.875,61.75,0.0,9,-0.9474042892438845,-0.32003923622313857,2019-2020,0
2019-09-13,0.0,0.0,21.3,-0.9500000000000028,84.0,2.7,100.0,0.0,2.837195324283126,100.0,0.1,1.6333333333333335,24.0,,,,,,0,1,22.525,84.0,1.95,100.0,0.025,9,-0.9527692922168511,-0.30369503751065885,2019-2020,0
2019-09-14,0.0,0.0,18.2,2.3333333333333357,91.5,6.75,7.5,0.0,1.4065655352427058,2.3333333333333335,0.0,7.833333333333333,13.0,,,,,,0,0,20.0,85.0,7.45,4.5,0.0,9,-0.9578523554276669,-0.28726097055059635,2019-2020,0
2019-09-15,0.0,0.0,19.7,2.31666666666667,96.0,8.95,1.5,0.0,0.6519925243169205,1.3333333333333333,0.0,6.733333333333334,24.0,,,,,,0,0,20.900000000000002,89.0,7.175,1.0,0.0,9,-0.9626519747161487,-0.2707418984477642,2019-2020,0
2019-09-16,0.0,0.0,19.7,2.366666666666667,95.0,7.5,30.5,0.0,0.8246542421510092,35.666666666666664,0.0,7.333333333333333,24.0,,,,,,0,0,20.924999999999997,92.5,7.324999999999999,34.0,0.0,9,-0.9671667297977312,-0.2541427094613622,2019-2020,0
2019-09-17,0.0,0.0,20.4,1.6166666666666671,98.5,6.15,64.5,0.0,0.2442658278463199,62.0,0.0,6.133333333333333,14.0,,,,,,0,0,21.0,94.0,5.675,61.25,0.0,9,-0.97139528468375,-0.23746831555846842,2019-2020,0
2019-09-18,0.0,1.4,21.3,0.8833333333333329,95.5,2.55,100.0,0.8,0.7475468511338441,100.0,1.4,2.6999999999999997,0.0,,,,,,0,3,21.125,95.5,2.9749999999999996,100.0,0.42500000000000004,9,-0.9753363880767837,-0.2207236509605022,2019-2020,0
2019-09-19,0.0,0.0,17.6,1.3333333333333321,88.5,7.85,72.5,0.0,1.9150802879416648,24.0,0.0,4.2,16.0,,,,,,0,0,17.525000000000002,84.5,5.575,39.0,0.0,9,-0.9789888737409319,-0.20391367068311472,2019-2020,0
2019-09-20,0.0,0.0,13.0,2.3833333333333346,92.5,2.3,98.0,0.0,1.1917681639296802,93.33333333333333,0.0,2.0666666666666664,24.0,,,,,,0,0,15.524999999999999,87.0,2.25,94.25,0.0,9,-0.9823516608469237,-0.18704334906991657,2019-2020,0
2019-09-21,0.0,1.2000000000000002,18.2,1.2666666666666693,91.0,1.8,100.0,2.2,1.4922621838839412,100.0,2.5999999999999996,4.033333333333334,0.0,,,,,,0,3,17.875,90.25,3.3000000000000003,100.0,0.95,9,-0.9854237542919524,-0.17011767832049052,2019-2020,0
2019-09-22,0.7999999999999999,0.0,17.9,1.7333333333333343,82.5,7.050000000000001,100.0,0.0,3.0247340753028453,96.33333333333333,0.0,4.633333333333334,10.0,,,,,,0,0,19.2,81.75,5.45,97.25,0.0,9,-0.9882042449941422,-0.15314166701312007,2019-2020,0
2019-09-23,3.2,0.30000000000000004,24.5,-1.75,87.5,30.200000000000003,100.0,1.5,2.2194187108938017,94.0,1.5,26.733333333333334,0.0,,,,,,0,3,25.6,86.25,27.825000000000003,95.5,0.575,9,-0.9906923101615609,-0.13612033862266704,2019-2020,0
2019-09-24,5.1,0.1,19.0,1.0500000000000007,99.5,4.05,100.0,0.1,0.08029480240962172,100.0,0.2,3.8666666666666667,1.0,,,,,,0,2,19.125,97.75,3.9,100.0,0.07500000000000001,9,-0.9928872135356962,-0.11905873003404988,2019-2020,0
2019-09-25,0.5,0.0,15.8,2.966666666666665,93.0,5.45,42.5,0.0,1.1257477085803078,85.0,0.0,5.466666666666666,11.0,,,,,,0,0,16.3,90.25,5.35,65.5,0.0,9,-0.994788305609327,-0.10196189005174576,2019-2020,0
2019-09-26,0.0,0.0,16.1,2.016666666666662,90.0,8.3,91.0,0.0,1.6419033601881097,90.33333333333333,0.0,7.2,24.0,,,,,,0,0,18.174999999999997,84.75,7.45,90.5,0.0,9,-0.9963950238187231,-0.08483487790576538,2019-2020,0
2019-09-27,0.0,0.0,18.6,1.7499999999999964,91.0,9.75,3.5,0.0,1.4985378231092596,3.3333333333333335,0.0,9.733333333333333,24.0,,,,,,0,0,20.075000000000003,86.5,9.75,3.5,0.0,9,-0.9977068927101168,-0.06768276175455162,2019-2020,0
2019-09-28,3.8000000000000003,0.5,20.6,1.2499999999999964,88.0,11.7,48.5,0.0,2.0564975487714534,23.666666666666668,0.0,14.733333333333333,6.0,,,,,,0,0,21.35,84.5,13.749999999999998,35.0,0.0,9,-0.9987235240803972,-0.050510617185222886,2019-2020,0
2019-09-29,0.3,0.0,19.8,2.216666666666665,79.0,9.899999999999999,20.5,0.0,3.723460135510539,15.666666666666666,0.0,7.666666666666665,12.0,,,,,,0,0,20.625,76.5,8.299999999999999,16.5,0.0,9,-0.9994446170919858,-0.033323525711631344,2019-2020,0
2019-09-30,0.0,0.0,19.6,2.616666666666667,94.0,1.9500000000000002,100.0,0.0,1.0013274741099671,99.66666666666667,0.0,2.533333333333333,14.0,,,,,,0,0,21.225,93.0,2.4250000000000003,99.75,0.0,9,-0.9998699583618592,-0.016126573270657762,2019-2020,0
2019-10-01,0.0,0.0,19.7,1.6333333333333329,95.0,5.1,23.5,0.0,0.8243410163748379,8.333333333333334,0.0,4.966666666666667,24.0,,,,,,0,0,21.075,89.25,5.0,15.0,0.0,10,-0.9999994220246925,0.001075151282798226,2019-2020,1
2019-10-02,0.0,0.0,21.2,1.3000000000000007,83.5,9.65,89.0,0.2,2.9124289260629546,96.0,0.6,10.266666666666667,0.0,,,,,,0,3,21.800000000000004,83.5,10.15,93.5,0.15,10,-0.999832969770105,0.018276557681691223,2019-2020,0
2019-10-03,0.6,0.0,21.0,0.5999999999999979,72.5,19.450000000000003,100.0,0.0,5.151446566320459,97.33333333333333,0.6,21.233333333333334,10.0,,,,,,0,1,21.725,73.5,20.625,98.0,0.15,10,-0.9993706508539969,0.03547255575312556,2019-2020,0
2019-10-04,7.9,5.800000000000001,21.1,1.3666666666666636,88.0,10.5,53.0,0.6000000000000001,2.053389549160613,79.0,1.8,15.333333333333334,0.0,,,,,,0,3,20.025,90.75,13.8,72.0,0.5,10,-0.9986126020839734,0.052658056924614005,2019-2020,0
2019-10-05,5.7,1.7999999999999998,17.9,0.7500000000000036,98.0,9.2,99.0,0.8,0.3207375883139605,87.66666666666667,0.7,9.466666666666667,0.0,,,,,,0,3,18.3,95.0,9.475,90.25,0.3,10,-0.9975590477788613,0.06982797572987089,2019-2020,0
2019-10-06,0.0,0.0,17.3,0.5,98.0,5.85,96.5,0.2,0.3195103562578119,69.0,0.1,7.233333333333334,0.0,,,,,,0,1,17.575,95.75,6.549999999999999,76.5,0.05,10,-0.9962102997023297,0.0869772313136861,2019-2020,0
2019-10-07,0.0,0.0,11.8,3.1166666666666654,93.5,7.9,99.0,0.0,1.0200684451264976,34.0,0.0,6.833333333333333,24.0,,,,,,0,0,14.774999999999999,86.75,7.050000000000001,50.25,0.0,10,-0.9945667569706337,0.1041007489354256,2019-2020,0
2019-10-08,5.500000000000001,0.8,18.7,0.23333333333333428,87.0,18.05,94.5,2.2,2.218536907779715,97.0,3.9,14.0,0.0,,,,,,0,3,19.5,88.5,15.400000000000002,96.0,1.35,10,-0.9926289059345095,0.121193461470736,2019-2020,0
2019-10-09,2.9,0.6000000000000001,11.9,4.166666666666666,92.0,7.1,2.0,0.0,1.2358495467538333,0.3333333333333333,0.0,6.966666666666666,4.0,,,,,,0,0,11.075000000000001,85.0,6.875,1.0,0.0,10,-0.9903973200352558,0.1382503109109819,2019-2020,0
2019-10-10,0.0,0.0,12.4,-0.5166666666666675,89.0,9.35,0.0,0.0,1.7539205460506295,0.0,0.0,8.933333333333332,24.0,,,,,,0,0,13.95,84.5,8.875,0.0,0.0,10,-0.9878726596350429,0.15526624985999563,2019-2020,0
2019-10-11,0.0,0.0,16.2,2.466666666666665,93.5,5.75,92.0,0.0,1.0493627371760361,100.0,0.0,4.8,24.0,,,,,,0,0,18.0,88.5,5.199999999999999,96.0,0.0,10,-0.9850556718215013,0.172236243027682,2019-2020,0
2019-10-12,0.0,0.3,20.1,1.18333333333333,93.0,5.1,100.0,9.0,1.166104260207053,100.0,12.099999999999998,6.599999999999999,0.0,,,,,,0,3,19.75,93.5,6.675,100.0,4.125,10,-0.981947190186646,0.18915526872004093,2019-2020,0
2019-10-13,30.700000000000003,1.8,16.6,1.8833333333333329,94.5,15.4,100.0,0.5,0.8858708444960115,86.0,0.4,14.533333333333333,0.0,,,,,,0,3,16.4,93.25,14.725,89.5,0.175,10,-0.9785481345802031,0.20601832032517084,2019-2020,0
2019-10-14,0.2,0.0,15.7,-1.4499999999999993,95.0,2.35,54.0,0.6,0.7948550378930381,82.0,1.1,3.4,0.0,,,,,,0,3,15.725000000000001,93.75,3.4,66.75,0.35,10,-0.9748595108374125,0.22282040779479959,2019-2020,0
2019-10-15,1.9,0.0,12.7,3.366666666666667,95.5,5.3,6.5,0.0,0.699169991197726,11.0,0.0,6.333333333333333,9.0,,,,,,0,0,13.125,93.5,6.2,11.0,0.0,10,-0.9708824104813836,0.23955655912092708,2019-2020,0
2019-10-16,0.0,0.0,8.3,1.916666666666666,96.0,5.2,52.5,0.0,0.5974823037634742,47.333333333333336,0.0,3.766666666666667,24.0,,,,,,0,0,8.975,93.0,4.125,48.25,0.0,10,-0.9666180104000972,0.2562218218071163,2019-2020,0
2019-10-17,0.0,0.0,10.7,0.3666666666666689,90.5,2.05,22.5,0.0,1.4885928863457298,64.66666666666667,0.0,2.8666666666666667,24.0,,,,,,0,0,12.424999999999999,85.75,2.7249999999999996,50.0,0.0,10,-0.9620675724981452,0.27281126433401914,2019-2020,1
2019-10-18,0.6000000000000001,0.0,13.4,2.933333333333332,97.0,4.85,40.0,0.0,0.46476010519888966,37.333333333333336,0.0,6.7,7.0,,,,,,0,0,14.775,92.75,5.975,35.0,0.0,10,-0.957232443323312,0.28931997761869527,2019-2020,0
2019-10-19,10.799999999999999,14.3,18.0,-0.06666666666666643,79.0,9.35,58.5,0.0,3.722049144428853,65.33333333333333,3.1999999999999997,7.333333333333333,3.0,,,,,,0,2,19.275,82.0,8.0,62.25,0.7999999999999999,10,-0.9521140536681102,0.3057430764672831,2019-2020,0
2019-10-20,0.6,0.0,15.6,2.0333333333333368,99.0,4.85,97.0,0.0,0.15655317749772912,99.33333333333333,0.0,4.833333333333333,9.0,,,,,,0,0,15.525,97.75,4.8,98.25,0.0,10,-0.9467139181463862,0.3220757010206104,2019-2020,0
2019-10-21,0.0,0.0,13.1,1.0500000000000007,85.0,2.75,100.0,0.1,2.5288147686516815,100.0,0.0,1.8,1.0,,,,,,0,0,16.825,86.5,2.125,100.0,0.025,10,-0.9410336347451197,0.3383130181923076,2019-2020,0
2019-10-22,5.9,3.9000000000000004,15.8,1.8666666666666671,90.5,5.0,85.5,1.6,1.547119793406523,76.66666666666667,0.5,3.866666666666667,0.0,,,,,,0,2,15.675,89.0,4.6,82.5,0.42500000000000004,10,-0.9350748843515574,0.3544502230989869,2019-2020,0
2019-10-23,0.2,0.0,13.4,2.583333333333332,100.0,8.350000000000001,98.5,0.0,0.0,57.0,0.0,6.3,7.0,,,,,,0,0,13.55,96.75,6.800000000000001,67.75,0.0,10,-0.9288394302558068,0.3704825404820963,2019-2020,0
2019-10-24,0.0,0.0,17.5,-0.8999999999999986,89.5,4.25,100.0,0.4,1.744126961924806,100.0,1.5,3.9,0.0,,,,,,0,3,17.450000000000003,91.25,4.125,100.0,0.375,10,-0.9223291176290545,0.3864052261209853,2019-2020,0
2019-10-25,3.6,4.9,15.3,1.7166666666666686,93.0,5.199999999999999,100.0,7.5,1.1209698279558253,100.0,8.8,5.566666666666666,0.0,,,,,,0,3,14.925,92.75,5.25,100.0,3.175,10,-0.9155458729775467,0.40221356823680365,2019-2020,0
2019-10-26,2.3,0.4,15.5,-0.13333333333333286,99.0,5.8,100.0,0.30000000000000004,0.15703810889692882,99.33333333333333,0.7,6.2,0.0,,,,,,0,3,15.975,98.25,6.1,99.5,0.2,10,-0.9084917035725082,0.41790288888678667,2019-2020,0
2019-10-27,0.0,0.2,15.0,0.36666666666666536,95.5,2.3,98.5,0.3,0.7134583822070155,82.66666666666667,0.0,2.8000000000000003,1.0,,,,,,0,0,15.049999999999999,94.25,2.425,87.0,0.075,10,-0.9011686968561569,0.4334685453485363,2019-2020,0
2019-10-28,0.0,0.0,9.8,2.4499999999999993,84.5,6.199999999999999,3.5,0.0,2.482862874525968,1.6666666666666667,0.0,4.933333333333334,13.0,,,,,,0,0,10.85,81.75,5.1,2.25,0.0,10,-0.8935790198239952,0.4489059314938798,2019-2020,0
2019-10-29,0.0,0.0,15.5,-2.666666666666666,84.5,11.35,100.0,0.0,2.601635432943116,100.0,0.7,12.266666666666666,24.0,,,,,,0,2,15.65,84.25,11.975,100.0,0.175,10,-0.8857249183835637,0.4642104791518923,2019-2020,0
2019-10-30,0.2,0.6000000000000001,13.9,-0.11666666666666714,89.5,1.2000000000000002,98.0,0.5,1.699684617558642,98.0,0.4,2.033333333333333,0.0,,,,,,0,2,14.15,89.25,1.8,98.5,0.175,10,-0.8776087166898392,0.4793776594606945,2019-2020,0
2019-10-31,0.0,0.0,9.0,2.833333333333334,90.0,4.7,78.0,0.0,1.5559098397401554,81.33333333333333,0.0,5.2,23.0,,,,,,0,0,11.0,86.0,5.075,80.75,0.0,10,-0.8692328164574792,0.49440298420761813,2019-2020,0
2019-11-01,0.0,0.0,8.0,2.8500000000000014,89.0,2.35,44.5,0.0,1.718428194483831,86.66666666666667,0.1,2.066666666666667,24.0,,,,,,0,1,11.524999999999999,85.5,2.075,65.75,0.025,11,-0.8605996962501181,0.5092820071573356,2019-2020,0
2019-11-02,0.0,0.0,5.9,4.35,88.0,6.050000000000001,49.5,0.0,1.8298716733834963,93.33333333333333,0.0,5.166666666666667,18.0,,,,,,0,0,6.75,84.0,5.7250000000000005,71.25,0.0,11,-0.8517119107469189,0.5240103253675756,2019-2020,0
2019-11-03,0.0,0.0,10.5,0.06666666666666643,94.5,7.85,97.0,0.0,0.8431072153236254,96.66666666666667,0.0,7.966666666666666,24.0,,,,,,0,0,11.075,92.5,7.9,96.75,0.0,11,-0.8425720899866032,0.5385835804920232,2019-2020,0
2019-11-04,0.0,0.0,11.0,1.25,98.0,4.7,30.5,0.1,0.30353109350572716,28.333333333333332,0.0,6.1000000000000005,1.0,,,,,,0,0,11.05,96.0,5.75,30.25,0.025,11,-0.8331829385891785,0.5529974600700271,2019-2020,0
2019-11-05,0.0,0.0,7.7,1.283333333333334,73.5,5.5,1.0,0.0,4.496947698725169,0.3333333333333333,0.0,2.4,24.0,,,,,,0,0,9.575000000000001,71.75,3.4,0.75,0.0,11,-0.8235472349556007,0.5672476988027229,2019-2020,0
2019-11-06,0.0,0.0,4.6,3.716666666666667,89.5,6.300000000000001,5.5,0.0,1.5882031548195146,2.6666666666666665,0.0,4.6,24.0,,,,,,0,0,6.95,88.75,5.425000000000001,3.5,0.0,11,-0.8136678304455991,0.5813300798152042,2019-2020,0
2019-11-07,0.0,0.0,6.1,2.3166666666666664,83.5,11.15,89.5,0.0,2.6283431051749426,65.0,0.0,11.766666666666666,24.0,,,,,,0,0,9.4,81.25,11.549999999999999,73.0,0.0,11,-0.8035476485339116,0.5952404359043674,2019-2020,0
2019-11-08,2.1999999999999997,0.0,6.8,5.766666666666668,98.0,4.35,5.5,0.0,0.2938107427168575,32.666666666666664,0.0,6.166666666666667,8.0,,,,,,0,0,7.174999999999999,96.75,5.65,26.5,0.0,11,-0.7931896839451843,0.6089746507720486,2019-2020,0
2019-11-09,0.0,0.0,2.8,3.25,76.0,5.75,0.0,0.0,3.799708066705625,0.0,0.0,5.533333333333334,24.0,,,,,,0,0,3.9749999999999996,75.75,5.550000000000001,0.0,0.0,11,-0.7825970017677834,0.6225286602431057,2019-2020,0
2019-11-10,0.0,0.0,8.1,2.1000000000000014,91.0,6.3,1.5,0.0,1.3504522825416871,1.0,0.0,5.6000000000000005,24.0,,,,,,0,0,6.375,88.25,5.7,1.0,0.0,11,-0.7717727365467837,0.6358984534680745,2019-2020,0
2019-11-11,0.0,0.0,9.9,-1.4833333333333325,66.5,15.4,60.0,0.0,5.963947810084138,82.66666666666667,0.0,17.400000000000002,24.0,,,,,,0,0,11.225,66.25,16.725,73.25,0.0,11,-0.7607200913564104,0.6490800741100398,2019-2020,0
2019-11-12,8.4,2.1,11.8,0.33333333333333215,95.5,7.300000000000001,75.5,0.2,0.6948025602817189,37.666666666666664,0.1,6.933333333333334,0.0,,,,,,0,1,11.725,94.0,7.0,46.5,0.05,11,-0.7494423368521953,0.6620696215153815,2019-2020,0
2019-11-13,0.0,0.0,4.0,5.299999999999999,88.0,5.6,0.0,0.0,1.7977372798953077,1.3333333333333333,0.0,6.633333333333333,21.0,,,,,,0,0,5.075,81.75,6.5,1.0,0.0,11,-0.7379428103031386,0.6748632518680403,2019-2020,0
2019-11-14,0.9,2.6,13.3,0.2833333333333332,95.5,18.35,100.0,7.6,0.7008112959068846,99.66666666666667,9.3,16.0,0.0,,,,,,0,3,11.825,96.0,16.35,99.75,3.3000000000000003,11,-0.7262249146041543,0.6874571793269664,2019-2020,0
2019-11-15,1.4000000000000001,0.2,6.0,0.7166666666666677,82.5,5.35,85.5,0.0,2.775437311147173,75.0,0.0,3.8666666666666667,3.0,,,,,,0,0,7.375,83.25,4.65,78.75,0.0,11,-0.7142921172691032,0.699847677146407,2019-2020,0
2019-11-16,0.0,0.0,6.7,-0.39999999999999947,81.5,1.95,71.0,0.8999999999999999,2.9739881703108733,75.0,1.8,4.533333333333332,0.0,,,,,,0,3,8.6,85.25,3.675,77.0,0.5249999999999999,11,-0.7021479494046978,0.7120310787787131,2019-2020,0
2019-11-17,3.9000000000000004,0.2,11.5,-0.3500000000000014,79.5,3.65,2.5,0.0,3.412606894373158,2.3333333333333335,0.0,5.5,5.0,,,,,,0,0,11.025,78.0,4.7,2.5,0.0,11,-0.6897960046655887,0.7240037789593305,2019-2020,0
2019-11-18,0.0,0.0,13.8,-3.5166666666666675,70.0,24.2,24.0,0.0,5.388121259437982,45.333333333333336,0.0,22.833333333333332,24.0,,,,,,0,0,14.125,71.25,23.299999999999997,41.0,0.0,11,-0.6772399381909491,0.7357622347736527,2019-2020,0
2019-11-19,15.8,3.5,11.6,2.6500000000000004,92.0,12.65,84.0,1.4,1.2490625024700783,97.33333333333333,1.7,14.233333333333334,0.0,,,,,,0,3,10.35,92.0,12.924999999999999,92.0,0.55,11,-0.6644834655228552,0.7473029667054297,2019-2020,0
2019-11-20,0.5,0.4,5.7,1.5833333333333321,90.5,14.5,80.5,1.1,1.4288921389606197,63.666666666666664,1.0999999999999999,11.266666666666666,0.0,,,,,,0,3,5.375,90.5,12.6,69.5,0.4,11,-0.6515303615068021,0.75862255966641,2019-2020,0
2019-11-21,0.0,0.0,0.6,5.3500000000000005,86.5,3.6999999999999997,0.5,0.0,1.990019890486212,0.0,0.0,3.5666666666666664,18.0,,,,,,0,0,1.65,84.0,3.825,0.25,0.0,11,-0.6383844591746642,0.769717664006921,2019-2020,0
2019-11-22,0.0,0.0,6.0,-1.966666666666666,94.5,8.2,16.0,0.0,0.8124608770218078,65.0,0.0,6.766666666666666,24.0,,,,,,0,0,6.4,92.0,7.125,50.5,0.0,11,-0.6250496486104377,0.7805849965070866,2019-2020,0
2019-11-23,0.0,0.0,9.1,2.099999999999998,90.5,3.9000000000000004,0.0,0.0,1.4629410413187918,0.0,0.0,3.5666666666666664,24.0,,,,,,0,0,8.675,90.0,3.5250000000000004,0.0,0.0,11,-0.6115298757991053,0.7912213413483807,2019-2020,1
2019-11-24,0.0,0.0,10.2,-1.5666666666666647,88.5,3.8,100.0,1.7000000000000002,1.8561159847845872,100.0,2.4000000000000004,4.233333333333333,0.0,,,,,,0,3,13.399999999999999,89.0,4.0,100.0,0.875,11,-0.5978291414589552,0.801623551065242,2019-2020,0
2019-11-25,0.0,0.0,10.4,1.6833333333333336,83.5,2.8,96.0,0.1,2.7069827786749574,99.0,0.30000000000000004,2.6,0.0,,,,,,0,2,12.774999999999999,82.0,2.725,98.0,0.07500000000000001,11,-0.5839514998576998,0.8117885474764613,2019-2020,0
2019-11-26,0.0,0.0,6.6,1.1499999999999995,87.0,6.0,100.0,0.0,2.004149343226837,100.0,0.0,4.566666666666667,18.0,,,,,,0,0,5.95,88.75,5.05,100.0,0.0,11,-0.5699010576127624,0.821713322596059,2019-2020,0
2019-11-27,0.0,0.0,9.6,-1.1833333333333318,80.0,0.8,100.0,0.0,3.3101862054190105,100.0,0.0,1.5,3.0,,,,,,0,0,10.649999999999999,83.75,1.4,100.0,0.0,11,-0.5556819724760489,0.8313949395234058,2019-2020,0
2019-11-28,0.6000000000000001,0.0,7.3,2.500000000000001,82.5,13.15,99.5,0.0,2.7633058286349574,99.66666666666667,0.0,11.600000000000001,7.0,,,,,,0,0,6.175000000000001,81.25,12.175,99.5,0.0,11,-0.5412984521036173,0.8408305333122887,2019-2020,0
2019-11-29,0.0,0.0,-0.1,2.516666666666667,76.0,4.699999999999999,16.5,0.0,3.750708192528596,4.333333333333333,0.0,4.833333333333333,24.0,,,,,,0,0,1.275,72.75,4.6499999999999995,8.5,0.0,11,-0.5267547528105542,0.8500173118187018,2019-2020,0
2019-11-30,0.4,0.1,2.5,1.0333333333333332,86.5,5.75,38.5,0.0,2.016975673633864,58.0,0.0,6.466666666666666,6.0,,,,,,0,0,2.15,84.0,6.3500000000000005,53.5,0.0,11,-0.5120551783114646,0.8589525565270845,2019-2020,0
2019-12-01,0.0,0.0,5.0,-3.3,79.0,11.5,3.0,0.0,3.3226581498047993,1.0,0.0,11.666666666666666,24.0,,,,,,0,0,4.775,79.0,11.55,1.75,0.0,12,-0.4972040784469378,0.8676336233547726,2019-2020,0
2019-12-02,0.0,0.0,11.2,-1.5333333333333332,89.5,18.2,100.0,5.800000000000001,1.6668899596088043,99.66666666666667,9.8,17.7,0.0,,,,,,0,3,11.799999999999999,89.25,18.075,99.75,3.125,12,-0.4822058478963526,0.8760579434344281,2019-2020,0
2019-12-03,7.800000000000001,2.4,5.4,3.0666666666666664,91.0,10.45,91.5,0.4,1.3526224014917139,95.0,1.0,12.166666666666666,0.0,,,,,,0,3,5.65,92.75,11.6,92.0,0.275,12,-0.46706492487743034,0.8842230238742036,2019-2020,0
2019-12-04,1.2000000000000002,0.4,4.4,0.4833333333333334,94.0,7.800000000000001,96.0,1.2,0.8876656112620873,85.66666666666667,2.0,8.433333333333332,0.0,,,,,,0,3,5.55,93.5,8.4,87.25,0.65,12,-0.451785789832884,0.8921264484954345,2019-2020,0
2019-12-05,5.7,2.0,4.2,0.5999999999999996,93.0,4.35,95.5,2.7,1.0296155795211916,100.0,3.8,4.8999999999999995,0.0,,,,,,0,1,3.975,95.0,4.225,97.75,1.125,12,-0.4363729641045924,0.8997658785476209,2019-2020,0
2019-12-06,1.7000000000000002,2.2,2.7,1.2333333333333334,97.5,9.65,100.0,0.2,0.3550992335664682,96.66666666666667,0.30000000000000004,8.7,0.0,,,,,,0,0,2.2249999999999996,93.75,9.024999999999999,97.5,0.1,12,-0.42083100859565564,0.9071390534005044,2019-2020,0
2019-12-07,0.0,0.0,1.6,0.833333333333333,61.5,2.3,100.0,0.0,6.688788532178226,99.33333333333333,0.0,1.8666666666666665,21.0,,,,,,0,0,3.7750000000000004,62.75,2.175,99.5,0.0,12,-0.4051645224207563,0.9142437912130223,2019-2020,0
2019-12-08,0.5,0.0,3.6,2.0499999999999994,93.5,4.1,53.5,0.0,0.9546062180334025,49.0,0.0,4.933333333333333,2.0,,,,,,0,0,4.125,95.0,4.475,51.25,0.0,12,-0.3893781415452015,0.9210779895789526,2019-2020,0
2019-12-09,0.0,0.0,-1.9,2.95,78.0,7.9,5.5,0.0,3.433971800427611,2.6666666666666665,0.0,7.333333333333333,24.0,,,,,,0,0,2.6500000000000004,79.75,7.6000000000000005,3.75,0.0,12,-0.37347653741307074,0.9276396261490467,2019-2020,0
2019-12-10,0.0,0.2,6.8,-1.416666666666667,94.0,5.7,6.5,0.0,0.8894505085530042,3.6666666666666665,0.0,5.566666666666666,4.0,,,,,,0,0,5.05,94.5,5.675,4.75,0.0,12,-0.3574644155648614,0.9339267592294762,2019-2020,1
2019-12-11,0.0,0.0,2.2,3.0166666666666657,80.0,9.899999999999999,0.0,0.0,3.1035134301942393,30.666666666666668,0.0,10.066666666666668,24.0,,,,,,0,0,3.3,79.25,9.975,23.0,0.0,12,-0.34134651424503615,0.9399375283564133,2019-2020,0
2019-12-12,0.0,0.0,7.7,0.01666666666666572,93.5,10.25,89.5,3.5,0.9904017696296767,94.33333333333333,3.6,13.466666666666667,0.0,,,,,,0,3,7.925,95.0,12.2,94.75,1.45,12,-0.3251276029999093,0.9456701548465688,2019-2020,0
2019-12-13,0.5,0.0,2.0,1.483333333333333,78.5,4.3,85.5,0.0,3.3536509178021054,79.66666666666667,0.0,3.4,11.0,,,,,,0,0,2.325,77.75,3.9749999999999996,82.25,0.0,12,-0.30881248126625377,0.9511229423235357,2019-2020,0
2019-12-14,0.0,0.0,1.4,1.8166666666666669,77.0,10.55,0.5,0.0,3.586323384195865,4.666666666666667,0.0,10.766666666666666,24.0,,,,,,0,0,1.7000000000000002,76.25,10.7,3.5,0.0,12,-0.29240597695107734,0.9562942772197719,2019-2020,0
2019-12-15,2.1,0.0,3.3,1.7333333333333334,70.0,8.6,90.0,0.0,4.92941815429128,67.33333333333333,0.0,6.5,9.0,,,,,,0,0,2.25,72.0,7.25,73.75,0.0,12,-0.27591294500296043,0.9611826292540837,2019-2020,0
2019-12-16,0.0,0.0,-1.4,0.9833333333333332,91.0,8.0,65.0,0.0,1.2919835699222348,33.333333333333336,0.0,8.933333333333334,24.0,,,,,,0,0,0.8500000000000001,91.0,8.6,40.75,0.0,12,-0.2593382659754056,0.9657865518844574,2019-2020,0
2019-12-17,0.0,0.0,8.3,-2.3833333333333337,83.5,6.4,98.5,0.7,2.6586144444026756,97.33333333333333,1.9,9.933333333333334,0.0,,,,,,0,3,9.9,86.5,9.05,97.25,0.5,12,-0.2426868445825954,0.9701046827361175,2019-2020,0
2019-12-18,2.0,0.30000000000000004,10.7,-0.13333333333333464,91.5,3.4,98.5,1.3,1.3386430710193498,99.33333333333333,2.5,3.9,0.0,,,,,,0,3,12.025,90.5,3.625,98.75,0.675,12,-0.22596360824801906,0.974135744004672,2019-2020,0
2019-12-19,0.4,0.0,3.3,3.75,91.0,4.85,67.5,0.0,1.3309991891494386,74.66666666666667,0.0,6.033333333333334,9.0,,,,,,0,0,3.625,89.75,5.375,69.0,0.0,12,-0.20917350564635637,0.9778785428342386,2019-2020,0
2019-12-20,2.4000000000000004,2.6,6.7,1.8666666666666663,85.5,6.1,65.5,0.6,2.2629814067786223,56.0,0.4,6.566666666666666,0.0,,,,,,0,2,6.525,85.75,6.699999999999999,65.0,0.175,12,-0.19232150523909483,0.9813319716704275,2019-2020,0
2019-12-21,0.2,0.1,5.2,-0.06666666666666732,86.5,3.1,91.5,0.1,2.0822366901696565,81.0,0.0,3.9333333333333336,1.0,,,,,,0,0,6.15,85.75,3.6,85.75,0.025,12,-0.17541259380427843,0.9844950085880858,2019-2020,0
2019-12-22,0.2,0.0,7.0,-0.03333333333333233,69.0,3.0,67.0,0.0,5.2257080757418946,80.66666666666667,0.0,4.6000000000000005,10.0,,,,,,0,0,3.575,76.75,3.95,82.0,0.0,12,-0.15845177496083632,0.9873667175937016,2019-2020,0
2019-12-23,1.3000000000000003,0.0,2.0,3.133333333333333,83.5,6.7,33.0,0.0,2.497796197962649,41.666666666666664,0.0,6.133333333333333,7.0,,,,,,0,0,2.5999999999999996,83.5,6.4,38.0,0.0,12,-0.14144406768794202,0.9899462489023779,2019-2020,0
2019-12-24,7.3,1.1,4.8,2.1833333333333336,95.5,5.6,56.0,0.0,0.6487145992823131,57.333333333333336,0.0,6.533333333333334,4.0,,,,,,0,0,2.45,95.75,5.8,65.75,0.0,12,-0.12439450483979998,0.9922328391893008,2019-2020,0
2019-12-25,0.0,0.0,-2.2,2.75,65.0,9.600000000000001,0.5,0.0,5.7585487115620655,0.0,0.0,9.966666666666667,24.0,,,,,,0,0,-0.25,63.5,9.825000000000001,0.25,0.0,12,-0.10730813165636247,0.9942258118156161,2019-2020,0
2019-12-26,0.0,0.0,4.4,-1.8166666666666673,77.0,4.75,99.0,0.0,3.6816824628521037,100.0,0.30000000000000004,6.033333333333334,24.0,,,,,,0,2,5.1,76.0,5.7250000000000005,99.5,0.07500000000000001,12,-0.09019000427034513,0.9959245770286599,2019-2020,0
2019-12-27,4.4,4.699999999999999,8.3,-0.11666666666666892,94.5,19.4,83.0,5.0,0.825572794784291,83.33333333333333,5.5,17.566666666666666,0.0,,,,,,0,3,6.700000000000001,93.25,18.0,87.5,2.05,12,-0.07304518821104743,0.9973286321364752,2019-2020,0
2019-12-28,0.8999999999999999,0.0,-0.2,2.416666666666667,77.0,5.5,88.0,0.0,3.603835355143098,85.0,0.0,5.766666666666667,11.0,,,,,,0,0,1.8499999999999999,78.75,5.6,85.5,0.0,12,-0.05587875690537313,0.9984375616565666,2019-2020,0
2019-12-29,0.0,0.0,-1.0,3.066666666666667,83.5,4.199999999999999,34.0,0.0,2.453335062003333,2.3333333333333335,0.0,4.999999999999999,24.0,,,,,,0,0,-0.07500000000000001,84.0,4.7749999999999995,18.5,0.0,12,-0.03869579017652689,0.9992510374388481,2019-2020,0
2019-12-30,0.0,0.0,5.5,-0.5166666666666666,88.0,17.049999999999997,100.0,2.0,1.8328069931163862,100.0,3.9,19.03333333333333,0.0,,,,,,0,3,6.025,88.0,18.45,100.0,1.175,12,-0.021501372740813793,0.999768818762748,2019-2020,0
2019-12-31,0.5,0.30000000000000004,9.2,-0.01666666666666572,95.5,11.2,98.5,1.3,0.6888196246968317,85.33333333333333,3.2,15.666666666666666,0.0,,,,,,0,3,9.75,94.75,14.0,89.0,0.9,12,-0.004300592702981974,0.9999907524084426,2019-2020,0
2020-01-01,0.30000000000000004,0.1,0.8,-0.15000000000000002,71.0,4.6,95.0,0.0,4.68386094554665,93.0,0.0,5.066666666666666,6.0,,,,,,0,0,1.6,69.0,5.525,94.75,0.0,1,0.017201575418260506,0.9998520419557735,2019-2020,0
2020-01-02,0.6,0.6000000000000001,3.3,0.3833333333333333,91.5,3.9000000000000004,60.5,0.0,1.2535539574928127,59.0,0.0,2.6333333333333333,5.0,,,,,,0,0,3.55,92.0,3.075,62.0,0.0,1,0.03439806061360801,0.9994082116062598,2019-2020,0
2020-01-03,1.1,1.0,4.2,1.2666666666666657,89.0,3.1500000000000004,85.5,0.6,1.6591851497124628,72.33333333333333,0.7999999999999999,4.2,0.0,,,,,,0,3,4.875,90.25,3.825,74.5,0.275,1,0.051584366869408364,0.9986686402879997,2019-2020,0
2020-01-04,3.1,0.2,3.8,1.25,95.5,4.15,98.5,0.0,0.6524069782254891,94.0,0.0,4.533333333333333,3.0,,,,,,0,0,3.6000000000000005,93.75,4.300000000000001,95.25,0.0,1,0.06875540848113941,0.9976335468520451,2019-2020,0
2020-01-05,5.8,0.2,1.4,2.583333333333334,86.5,10.0,58.5,0.1,2.00470074977036,66.66666666666667,0.2,10.233333333333333,1.0,,,,,,0,0,1.5,87.0,10.375,64.5,0.07500000000000001,1,0.08590610426133272,0.9963032375991965,2019-2020,0
2020-01-06,0.0,0.0,0.9,1.7999999999999998,63.0,4.65,28.0,0.0,6.370907789028934,6.0,0.0,1.5333333333333334,17.0,,,,,,0,0,2.3000000000000003,68.75,2.5500000000000003,14.75,0.0,1,0.10303137904317879,0.9946781061893646,2019-2020,0
2020-01-07,0.0,0.0,-0.2,2.1,64.0,5.9,86.5,0.0,6.050975564236084,99.0,0.0,6.033333333333334,24.0,,,,,,0,0,1.65,60.25,5.875,93.25,0.0,1,0.1201261651823505,0.9927586335250793,2019-2020,0
2020-01-08,8.6,0.2,9.1,-1.7833333333333332,87.0,23.85,100.0,1.7000000000000002,2.077670925906771,96.66666666666667,4.9,21.433333333333334,0.0,,,,,,0,3,11.45,87.5,22.175,97.5,1.4500000000000002,1,0.13718540405660057,0.9905453876091833,2019-2020,0
2020-01-09,8.6,2.3,5.3,1.9333333333333318,89.0,7.949999999999999,55.5,0.30000000000000004,1.661187804069586,53.666666666666664,0.1,7.166666666666667,0.0,,,,,,0,1,4.925,88.25,7.55,53.5,0.07500000000000001,1,0.1542040475626894,0.988039023376751,2019-2020,0
2020-01-10,4.5,1.2000000000000002,4.3,1.6333333333333337,97.5,6.15,56.5,0.30000000000000004,0.35988911127648215,31.0,0.1,6.733333333333334,0.0,,,,,,0,1,3.625,97.0,6.450000000000001,44.75,0.07500000000000001,1,0.17117705961019986,0.985240282501282,2019-2020,0
2020-01-11,0.0,0.0,-1.1,3.7666666666666666,87.5,2.8,91.0,0.0,1.8073159336728892,87.66666666666667,0.0,3.7999999999999994,24.0,,,,,,0,0,-0.775,86.0,3.425,88.5,0.0,1,0.18809941761179758,0.9821499931752291,2019-2020,0
2020-01-12,1.1,0.0,4.4,0.8166666666666673,95.5,6.25,95.0,0.0,0.654786168977306,90.0,0.0,6.733333333333334,8.0,,,,,,0,0,4.25,94.25,6.449999999999999,91.25,0.0,1,0.20496611396949532,0.9787690698649216,2019-2020,0
2020-01-13,5.0,1.6,4.5,1.1000000000000005,97.5,12.0,96.5,1.4,0.35988911127648215,97.66666666666667,1.0,7.633333333333334,0.0,,,,,,0,3,3.775,96.5,8.875,98.25,0.49999999999999994,1,0.22177215755648186,0.975098513039961,2019-2020,0
2020-01-14,3.6,0.30000000000000004,4.0,0.016666666666666607,90.5,4.5,70.0,0.0,1.4014854089148445,85.33333333333333,0.0,3.9,3.0,,,,,,0,0,2.825,90.0,4.2,79.5,0.0,1,0.23851257519407648,0.9711394088771653,2019-2020,0
2020-01-15,0.0,0.0,-0.5,5.15,92.0,3.4,100.0,2.0,1.1670356796033556,96.0,3.4,3.9333333333333336,0.0,,,,,,0,0,2.6750000000000003,94.75,4.075,97.0,1.025,1,0.2551824131233728,0.9668929289391521,2019-2020,0
2020-01-16,0.0,0.0,-2.7,4.3500000000000005,79.5,9.2,96.5,0.0,3.0732519599314845,90.0,0.0,7.533333333333332,13.0,,,,,,0,0,-1.35,78.0,8.075,91.75,0.0,1,0.2717767384711357,0.9623603298276545,2019-2020,0
2020-01-17,0.1,1.3,3.8,-1.0499999999999998,94.5,2.5,99.5,0.0,0.7988059580799614,99.66666666666667,0.0,4.133333333333334,3.0,,,,,,0,0,3.0,95.25,3.575,99.5,0.0,1,0.2882906407095177,0.9575429528116719,2019-2020,0
2020-01-18,0.0,0.0,1.1,2.0,84.0,5.1,59.0,0.0,2.382645774425316,71.0,0.0,5.933333333333334,24.0,,,,,,0,0,0.17500000000000002,87.5,5.375,63.5,0.0,1,0.3047192331091634,0.9524422234305676,2019-2020,0
2020-01-19,0.0,0.0,0.6,1.8833333333333329,68.5,6.25,23.5,0.0,5.249792793463488,11.666666666666666,0.0,4.466666666666666,24.0,,,,,,0,0,3.175,74.25,5.025,15.0,0.0,1,0.321057654185271,0.9470596510722283,2019-2020,0
2020-01-20,5.3,1.4,4.1,1.166666666666667,94.5,4.7,98.5,0.8999999999999999,0.8043190539587433,90.66666666666667,1.2000000000000002,3.1999999999999997,0.0,,,,,,0,3,4.2,94.5,3.975,93.0,0.44999999999999996,1,0.3373010691361842,0.9413968285264122,2019-2020,0
2020-01-21,2.5,0.8999999999999999,2.2,2.3166666666666664,94.5,11.2,86.0,1.0,0.7923441577743326,65.66666666666667,1.0,9.933333333333332,0.0,,,,,,0,0,2.25,92.0,10.5,73.25,0.375,1,0.3534446712740877,0.9354554315134164,2019-2020,0
2020-01-22,0.0,0.0,-4.4,5.066666666666667,82.0,4.85,97.0,0.0,2.6356668192875183,94.33333333333333,0.0,6.3999999999999995,17.0,,,,,,0,0,-1.475,70.75,5.949999999999999,94.25,0.0,1,0.3694836834473831,0.9292372181882051,2019-2020,0
2020-01-23,0.9000000000000001,0.8,5.4,-0.5000000000000009,92.0,11.0,100.0,3.1,1.1990329148559358,100.0,7.8,10.833333333333334,0.0,,,,,,0,3,5.8999999999999995,92.5,10.975000000000001,100.0,2.225,1,0.38541335945432564,0.9227440286201427,2019-2020,0
2020-01-24,0.0,0.0,7.0,1.8166666666666664,100.0,3.6500000000000004,100.0,0.0,1.7763568394002505e-15,100.0,0.0,3.6666666666666665,14.0,,,,,,0,0,7.475,100.0,3.6750000000000003,100.0,0.0,1,0.4012289854475009,0.9159777842484877,2019-2020,0
2020-01-25,0.0,0.0,-0.4,4.95,90.5,4.7,95.5,0.0,1.3653536015645935,97.0,0.0,4.733333333333333,24.0,,,,,,0,0,-0.42500000000000004,89.0,4.675,96.75,0.0,1,0.4169258813287287,0.908940487313808,2019-2020,0
2020-01-26,0.0,0.0,3.2,0.7333333333333334,79.5,0.9,97.5,0.0,3.2050789819729806,89.0,0.0,1.6333333333333335,24.0,,,,,,0,0,3.575,78.5,1.55,91.75,0.0,1,0.4324994021339788,0.901634220265486,2019-2020,0
2020-01-27,0.0,0.0,1.0,2.116666666666667,70.5,5.4,100.0,0.0,4.813535013752228,100.0,0.0,4.5,24.0,,,,,,0,0,2.625,69.5,4.8500000000000005,100.0,0.0,1,0.44794493940789115,0.8940611451454876,2019-2020,0
2020-01-28,4.4,0.3,4.3,0.7833333333333332,94.5,1.85,100.0,0.2,0.8023710975386336,97.0,0.1,3.2999999999999994,0.0,,,,,,0,1,4.475,92.75,2.95,97.75,0.05,1,0.4632579225674917,0.88622350294858,2019-2020,0
2020-01-29,6.5,2.5999999999999996,7.7,0.866666666666668,94.0,4.45,98.5,0.1,0.9081193278625515,99.0,0.1,3.2000000000000006,1.0,,,,,,0,1,8.149999999999999,93.75,3.575,99.25,0.05,1,0.4784338202547012,0.8781236129591848,2019-2020,0
2020-01-30,4.2,1.2,5.3,1.3166666666666673,96.5,11.6,79.0,1.5,0.5114725383112697,99.66666666666667,1.7999999999999998,10.200000000000001,0.0,,,,,,0,3,5.1499999999999995,96.5,10.7,89.25,0.65,1,0.49346814167723735,0.8697638720650646,2019-2020,0
2020-01-31,4.9,1.0,2.3,2.0,93.5,13.5,66.0,1.2999999999999998,0.936190816028119,79.0,1.6,11.766666666666666,0.0,,,,,,0,0,1.575,91.75,12.2,77.5,0.575,1,0.5083564379375122,0.8611467540480452,2019-2020,0
2020-02-01,1.2,0.4,1.2,2.220446049250313e-16,90.0,6.449999999999999,85.5,0.8,1.4608722818760425,88.0,1.0,4.8999999999999995,0.0,,,,,,0,0,1.2,92.5,5.125,88.5,0.3,2,0.5230943033491326,0.8522748088519838,2019-2020,0
2020-02-02,0.0,0.0,-0.2,2.7500000000000004,74.5,3.8,67.0,0.0,3.9892897697943392,28.666666666666668,0.0,4.8999999999999995,18.0,,,,,,0,0,0.07500000000000001,76.0,4.625,44.5,0.0,2,0.5376773767406141,0.8431506618282,2019-2020,0
2020-02-03,0.0,0.0,-0.8,4.516666666666667,81.5,8.75,70.0,0.0,2.8033637998162027,51.0,0.0,9.366666666666665,24.0,,,,,,0,0,1.5,80.25,9.225000000000001,59.25,0.0,2,0.5521013427459208,0.8337770129585915,2019-2020,0
2020-02-04,1.4000000000000001,0.5,1.1,2.7666666666666666,89.5,5.199999999999999,49.0,0.30000000000000004,1.5326190472474837,51.333333333333336,0.5,6.333333333333333,0.0,,,,,,0,0,1.2000000000000002,89.0,5.8999999999999995,50.5,0.15000000000000002,2,0.5663619330814524,0.8241566360566663,2019-2020,0
2020-02-05,0.5,0.30000000000000004,1.6,0.46666666666666634,84.5,7.550000000000001,69.0,0.30000000000000004,2.343963553875317,93.33333333333333,0.5,9.9,0.0,,,,,,0,2,2.8,86.75,8.875,84.5,0.175,2,0.580454927809098,0.8142923779467267,2019-2020,0
2020-02-06,2.0,1.6,-3.0,2.5166666666666666,82.0,11.8,100.0,0.8,2.6378530453061297,89.66666666666667,1.0,10.799999999999999,0.0,,,,,,0,0,-3.125,81.75,11.000000000000002,92.25,0.35000000000000003,2,0.5943761565849831,0.804187157621448,2019-2020,0
2020-02-07,0.0,0.0,-6.4,2.116666666666667,66.5,7.75,88.5,0.0,5.244121749805178,94.33333333333333,0.0,6.466666666666668,15.0,,,,,,0,0,-4.975,64.25,6.875,93.75,0.0,2,0.6081214998935418,0.7938439653781019,2019-2020,0
2020-02-08,0.0,0.1,1.7,-1.9166666666666665,79.5,2.95,94.0,0.4,3.2037859738441696,81.0,0.5,4.133333333333334,0.0,,,,,,0,2,2.9000000000000004,85.0,3.8,83.0,0.17500000000000002,2,0.6216868902665479,0.7832658619336791,2019-2020,0
2020-02-09,0.7,1.5,-1.6,2.283333333333333,85.0,9.15,66.5,0.2,2.1834453953217414,72.33333333333333,0.1,9.200000000000001,0.0,,,,,,0,0,-1.975,84.5,9.350000000000001,68.0,0.05,2,0.6350683134867438,0.7724559775191742,2019-2020,0
2020-02-10,0.0,0.0,-3.5,3.0833333333333335,78.0,8.65,70.5,0.0,3.293477913616601,90.0,0.7,8.0,20.0,,,,,,0,0,-1.5250000000000001,71.0,7.8500000000000005,78.75,0.175,2,0.6482618097757122,0.7614175109532997,2019-2020,0
2020-02-11,2.3000000000000003,0.7,0.2,0.7833333333333334,91.0,5.9,85.0,0.2,1.298889309614017,90.0,0.2,5.066666666666666,0.0,,,,,,0,0,0.525,89.75,5.3500000000000005,87.25,0.07500000000000001,2,0.6612634749656386,0.7501537286959042,2019-2020,0
2020-02-12,0.0,0.0,-1.8,0.34999999999999987,64.0,12.4,66.0,0.0,6.0094164303914885,59.666666666666664,0.0,12.766666666666666,23.0,,,,,,0,0,1.125,61.0,12.649999999999999,61.0,0.0,2,0.6740694616546161,0.7386679638813748,2019-2020,0
2020-02-13,3.8,2.0,8.7,-1.7999999999999998,88.0,13.399999999999999,52.5,4.199999999999999,1.8823206824354806,79.66666666666667,2.9,9.766666666666667,0.0,,,,,,0,3,9.15,89.5,10.874999999999998,76.25,1.4249999999999998,2,0.6866759803451553,0.726963615332308,2019-2020,0
2020-02-14,0.4,0.0,8.0,2.1999999999999975,99.5,4.75,99.0,0.0,0.07299183774015017,99.0,0.0,6.233333333333334,10.0,,,,,,0,0,6.425,99.5,5.75,98.75,0.0,2,0.6990793005655562,0.7150441465537444,2019-2020,0
2020-02-15,0.0,0.0,5.4,3.116666666666667,100.0,1.75,100.0,0.0,8.881784197001252e-16,100.0,0.0,5.533333333333334,24.0,,,,,,0,0,6.975,99.0,4.4,100.0,0.0,2,0.7112757519738152,0.7029130847082615,2019-2020,0
2020-02-16,0.0,0.0,8.5,-2.3,71.0,19.35,100.0,0.8,5.019851814180818,100.0,1.5,20.400000000000002,0.0,,,,,,0,3,10.075,77.75,19.875,100.0,0.425,2,0.7232617254437388,0.6905740195722294,2019-2020,0
2020-02-17,12.299999999999999,2.4,4.4,6.033333333333331,85.0,10.5,99.5,0.8,2.294853903337558,94.0,1.5999999999999999,11.833333333333334,0.0,,,,,,0,1,3.65,88.0,11.600000000000001,95.5,0.45,2,0.7350336741329412,0.6780306024735382,2019-2020,0
2020-02-18,2.2,0.2,-1.8,3.333333333333333,94.5,4.15,88.0,1.6,0.767710449386672,90.0,2.3000000000000003,6.3,0.0,,,,,,0,0,-0.9499999999999998,93.0,5.725,92.0,0.7250000000000001,2,0.746588114532413,0.6652865452111116,2019-2020,0
2020-02-19,0.30000000000000004,0.0,0.9,0.5666666666666668,77.5,5.55,86.5,0.0,3.5030509236003486,92.0,0.0,6.5,9.0,,,,,,0,0,1.85,75.75,6.074999999999999,90.5,0.0,2,0.7579216274973472,0.6523456189565257,2019-2020,0
2020-02-20,0.0,0.0,3.0,0.7499999999999996,89.0,2.75,93.0,0.0,1.6385613115557056,92.66666666666667,0.0,2.6,24.0,,,,,,0,0,3.8000000000000003,89.25,2.425,94.25,0.0,2,0.7690308592589181,0.6392116531380588,2019-2020,0
2020-02-21,0.1,0.0,-1.2,5.4,93.0,4.05,0.5,0.0,0.9831516150375346,7.666666666666667,0.0,5.333333333333333,9.0,,,,,,0,0,-0.25,88.0,4.7749999999999995,6.0,0.0,2,0.7799125224167177,0.6258885343075018,2019-2020,1
2020-02-22,0.0,0.0,8.4,-3.5166666666666666,77.0,20.549999999999997,98.0,0.0,3.8172552420067856,98.66666666666667,0.3,20.133333333333333,24.0,,,,,,0,1,8.899999999999999,76.25,20.325,99.0,0.075,2,0.7905633969115482,0.612380204990065,2019-2020,0
2020-02-23,0.6,0.1,4.3,1.4333333333333345,87.0,14.4,91.5,0.8,1.9579749853090862,93.66666666666667,2.3,15.5,0.0,,,,,,0,1,3.325,90.75,15.25,93.0,0.7,2,0.8009803309782905,0.5986906625177214,2019-2020,0
2020-02-24,0.7,0.0,5.2,-1.683333333333334,61.0,4.85,31.5,0.0,6.943108101567526,35.0,0.0,4.033333333333333,9.0,,,,,,0,0,5.55,63.5,4.375,33.75,0.0,2,0.8111602420785621,0.5848239578463322,2019-2020,1
2020-02-25,0.0,0.0,1.6,3.766666666666667,98.5,9.3,92.5,0.0,0.20925996020253312,97.33333333333333,0.0,8.333333333333334,21.0,,,,,,0,0,1.525,92.5,8.6,95.75,0.0,2,0.8211001178128892,0.5707841943569036,2019-2020,0
2020-02-26,8.1,1.2000000000000002,6.0,-0.31666666666666643,96.5,5.449999999999999,98.5,0.0,0.5145645969036456,90.0,0.0,5.766666666666667,4.0,,,,,,0,0,5.875,97.0,5.7749999999999995,92.5,0.0,2,0.8307970168121247,0.5565755266413303,2019-2020,0
2020-02-27,0.0,0.30000000000000004,1.9,2.266666666666667,89.5,11.8,66.5,0.9,1.540768401989675,66.0,0.7,10.366666666666667,0.0,,,,,,0,0,1.825,86.0,11.0,63.5,0.275,2,0.8402480696078469,0.5422021592729844,2019-2020,0
2020-02-28,0.30000000000000004,0.1,1.0,0.33333333333333326,74.0,7.15,95.5,0.0,4.124091271806432,88.33333333333333,0.0,7.6000000000000005,6.0,,,,,,0,0,1.7000000000000002,71.5,7.525,91.0,0.0,2,0.8494504794814806,0.527668345562516,2019-2020,0
2020-02-29,0.0,0.0,3.7,-0.8833333333333333,67.5,7.45,93.5,0.0,5.473423380087226,94.0,0.0,7.8,24.0,,,,,,0,0,4.4,68.0,7.699999999999999,93.5,0.0,2,0.8584015232918917,0.512978386299228,2019-2020,0
2020-03-01,1.4000000000000001,0.0,4.8,1.8000000000000007,96.0,6.6,70.5,0.0,0.5875258854456051,24.0,0.0,5.233333333333333,9.0,,,,,,0,0,5.475,94.25,6.0249999999999995,38.75,0.0,3,0.8670985522812081,0.4981366284784055,2019-2020,0
2020-03-02,0.0,0.0,6.2,-0.8833333333333329,84.0,5.75,45.5,0.0,2.539184458266006,61.0,0.1,5.1000000000000005,24.0,,,,,,0,1,8.225,85.25,5.25,56.5,0.025,3,0.8755389928586302,0.4831474640149687,2019-2020,0
2020-03-03,0.2,0.2,4.4,1.7666666666666666,87.0,7.5,74.5,0.0,1.9714535455040987,90.33333333333333,0.0,8.466666666666667,6.0,,,,,,0,0,4.425,85.75,8.375,84.25,0.0,3,0.8837203473619977,0.4680153284438345,2019-2020,0
2020-03-04,0.0,0.0,2.1,0.7000000000000002,63.5,8.25,99.0,0.0,6.378204544241219,99.33333333333333,0.0,11.299999999999999,24.0,,,,,,0,0,6.699999999999999,62.25,10.225,99.5,0.0,3,0.8916401947968874,0.45274469960737107,2019-2020,0
2020-03-05,0.6,1.6,3.2,3.866666666666667,96.0,10.2,94.0,1.9,0.5757818252894795,65.66666666666667,1.7000000000000002,15.266666666666666,0.0,,,,,,0,0,3.1499999999999995,92.0,14.1,74.25,0.775,3,0.8992961915530253,0.4373400963303323,2019-2020,0
2020-03-06,0.1,0.2,1.4,1.1833333333333336,72.5,8.600000000000001,74.5,0.0,4.413813658189652,79.66666666666667,0.0,9.733333333333333,3.0,,,,,,0,0,1.875,71.75,9.5,79.75,0.0,3,0.9066860720977985,0.4218060770826634,2019-2020,0
2020-03-07,0.0,0.0,-4.7,5.316666666666666,81.5,4.1,85.5,0.0,2.6957471665510138,95.33333333333333,0.0,4.966666666666667,24.0,,,,,,0,0,-1.7499999999999998,73.0,4.75,90.5,0.0,3,0.9138076496466615,0.40614723863057883,2019-2020,0
2020-03-08,0.1,0.8999999999999999,7.8,-0.4333333333333327,88.5,6.55,98.5,2.2,1.771149806287343,98.66666666666667,2.3,5.033333333333334,0.0,,,,,,0,3,7.125,89.5,6.075,98.5,0.95,3,0.9206588168102428,0.3903682146763026,2019-2020,0
2020-03-09,0.0,0.0,2.9,2.8666666666666667,87.5,4.8,28.0,0.0,1.8780178681968935,8.666666666666666,0.0,3.0,16.0,,,,,,0,0,4.525,86.25,3.4499999999999997,16.5,0.0,3,0.9272375462179537,0.374473674486883,2019-2020,0
2020-03-10,0.0,0.0,9.7,0.7000000000000011,85.0,11.85,100.0,1.7,2.430836248876897,100.0,4.9,11.333333333333334,0.0,,,,,,0,3,11.450000000000001,86.75,11.75,100.0,1.4,3,0.9335418911179212,0.35846832151248087,2019-2020,0
2020-03-11,10.0,3.9,7.3,5.150000000000001,96.0,14.3,100.0,1.2000000000000002,0.5920196420002224,89.66666666666667,1.7,11.066666666666668,0.0,,,,,,0,3,6.675,94.25,12.15,92.25,0.625,3,0.9395699859530622,0.342356891994542,2019-2020,0
2020-03-12,3.5,1.0,2.6,1.4666666666666663,72.5,5.85,79.0,0.0,4.471197845723361,62.333333333333336,0.0,5.166666666666667,6.0,,,,,,0,0,3.7249999999999996,70.5,5.5,66.75,0.0,3,0.945320046913132,0.3261441535642696,2019-2020,0
2020-03-13,0.0,0.0,1.4,2.5166666666666666,71.0,10.25,96.5,0.0,4.681962948212471,95.0,0.0,8.9,24.0,,,,,,0,0,3.675,69.25,9.2,96.25,0.0,3,0.9507903724625832,0.3098349038318025,2019-2020,0
2020-03-14,0.0,0.1,6.9,1.3000000000000007,99.0,3.6500000000000004,100.0,0.6,0.14607429753550605,100.0,1.1,4.500000000000001,0.0,,,,,,0,3,6.525,97.5,4.1,100.0,0.35000000000000003,3,0.9559793438440766,0.2934339689665273,2019-2020,0
2020-03-15,0.0,0.0,-0.2,4.483333333333333,95.0,3.5500000000000003,17.0,0.0,0.7090284848919852,2.0,0.0,2.966666666666667,16.0,,,,,,0,0,1.7000000000000002,87.25,3.45,9.0,0.0,3,0.9608854255574977,0.27694620226893646,2019-2020,0
2020-03-16,1.4000000000000004,1.1,1.4,2.033333333333333,93.5,3.9000000000000004,90.5,0.30000000000000004,0.9316148836239493,78.33333333333333,1.3,5.7,0.0,,,,,,0,0,1.35,89.5,5.175000000000001,83.75,0.375,3,0.9655071658143364,0.2603764827344581,2019-2020,0
2020-03-17,0.0,0.0,-2.9,2.5666666666666664,80.5,6.9,1.0,0.0,2.8719623439048236,33.333333333333336,0.0,7.8,14.0,,,,,,0,0,-1.125,71.75,7.5249999999999995,25.0,0.0,3,0.969843196967294,0.24372971360968387,2019-2020,0
2020-03-18,8.9,9.4,4.6,1.333333333333334,93.5,2.9000000000000004,100.0,1.1,0.9669824099126272,74.66666666666667,0.7999999999999999,2.1,0.0,,,,,,0,3,6.275,93.5,2.2500000000000004,81.0,0.35000000000000003,3,0.9738922359149924,0.22701082094141847,2019-2020,0
2020-03-19,0.0,0.0,4.6,1.0999999999999996,70.5,12.95,0.0,0.0,4.9033257117589155,0.0,0.0,13.133333333333335,21.0,,,,,,0,0,6.9,68.0,13.099999999999998,0.0,0.0,3,0.9776530844816641,0.2102247521189836,2019-2020,0
2020-03-20,0.7,3.4,5.5,8.783333333333333,74.0,13.7,73.0,0.2,4.235298838601961,71.66666666666667,1.4,10.733333333333334,0.0,,,,,,0,1,4.75,79.0,11.45,73.5,0.375,3,0.981124629771712,0.19337647441020586,2019-2020,0
2020-03-21,0.0,0.0,3.1,3.6999999999999997,94.5,9.35,0.5,0.0,0.7839829231007772,0.0,0.0,8.533333333333333,16.0,,,,,,0,0,3.825,83.0,8.575000000000001,0.25,0.0,3,0.984305844499033,0.17647097349152166,2019-2020,0
2020-03-22,0.0,0.0,7.4,-0.016666666666667496,68.0,13.399999999999999,70.5,0.0,5.528898606572502,44.666666666666664,0.0,11.666666666666666,24.0,,,,,,0,0,9.525,66.25,12.299999999999999,48.25,0.0,3,0.9871957872910085,0.15951325197263655,2019-2020,0
2020-03-23,0.0,0.0,3.6,5.016666666666666,96.0,6.1,27.0,0.0,0.57508094319524,23.0,0.0,6.2,13.0,,,,,,0,0,3.5,90.0,6.324999999999999,25.5,0.0,3,0.9897936029670716,0.14250832791617088,2019-2020,0
2020-03-24,0.7,0.1,1.6,3.233333333333334,85.5,6.5,47.5,0.0,2.154324015056855,46.333333333333336,0.0,8.1,2.0,,,,,,0,0,2.2,78.25,7.8,45.0,0.0,3,0.992098522791769,0.12546123335273648,2019-2020,0
2020-03-25,0.0,0.0,0.5,1.65,59.5,4.75,0.5,0.0,7.107678847101109,0.0,0.0,3.6333333333333333,13.0,,,,,,0,0,3.1250000000000004,60.75,4.175000000000001,0.25,0.0,3,0.9941098647022418,0.10837701279187609,2019-2020,0
2020-03-26,0.0,0.0,2.6,0.916666666666667,47.0,3.8,31.5,0.0,10.242795937146123,0.0,0.0,4.133333333333333,24.0,,,,,,0,0,5.825,50.25,4.05,15.75,0.0,3,0.9958270335100595,0.09126072172931188,2019-2020,0
2020-03-27,0.0,0.0,11.2,-2.6999999999999993,65.5,16.75,100.0,0.4,6.291414643876835,100.0,1.4,18.833333333333332,0.0,,,,,,0,3,12.3,74.0,18.45,100.0,0.4,3,0.9972495210773451,0.07411742515094437,2019-2020,0
2020-03-28,10.3,2.1,10.9,3.583333333333334,99.0,7.1,100.0,0.30000000000000004,0.14990209345921812,100.0,0.1,6.866666666666667,0.0,,,,,,0,1,9.625,98.0,6.949999999999999,100.0,0.07500000000000001,3,0.998376906467142,0.056952196034039754,2019-2020,0
2020-03-29,5.5,1.5,4.5,2.8499999999999988,94.5,7.1,100.0,4.8,0.8052939149240848,100.0,4.8,7.066666666666666,0.0,,,,,,0,3,4.300000000000001,94.75,7.074999999999999,100.0,1.8250000000000002,3,0.9992088560679753,0.03977011384605572,2019-2020,0
2020-03-30,0.0,0.0,4.4,0.09999999999999964,90.0,2.15,98.5,0.0,1.5004617426669604,98.33333333333333,0.0,3.1999999999999997,21.0,,,,,,0,0,5.75,85.0,3.025,98.5,0.0,3,0.9997451236925734,0.022576263041545485,2019-2020,0
2020-03-31,0.0,0.0,4.2,2.7666666666666675,96.0,8.75,96.5,0.0,0.5806999234067667,98.33333333333333,0.0,7.933333333333334,24.0,,,,,,0,0,6.775,88.0,8.075,97.5,0.0,3,0.9999855506507186,0.005375731557583884,2019-2020,0
2020-04-01,0.1,0.0,12.4,0.8333333333333339,84.5,13.45,100.0,0.8,2.533993682339414,100.0,1.6,10.566666666666666,0.0,,,,,,0,3,12.174999999999999,86.5,11.175,100.0,0.475,4,0.9999300657962057,-0.011826390691832589,2019-2020,0
2020-04-02,17.3,2.3,6.2,3.5166666666666666,91.0,11.55,99.5,0.4,1.3602314630126937,86.0,0.6,10.866666666666667,0.0,,,,,,0,3,6.75,88.25,11.4,89.5,0.19999999999999998,4,0.9995786855478958,-0.029025013321975237,2019-2020,0
2020-04-03,0.0,0.0,1.5,4.883333333333333,89.0,4.55,0.0,0.0,1.6101661779937677,4.0,0.0,3.6333333333333333,15.0,,,,,,0,0,4.0,81.5,3.85,3.0,0.0,4,0.9989315138848577,-0.046215046983708354,2019-2020,1
2020-04-04,0.0,0.0,5.0,2.1499999999999986,61.0,11.2,19.5,0.0,6.901890595748922,9.666666666666666,0.0,10.033333333333333,24.0,,,,,,0,0,7.775,61.0,10.35,12.0,0.0,4,0.9979887423155984,-0.06339140486951038,2019-2020,0
2020-04-05,0.30000000000000004,0.0,4.1,3.9000000000000004,87.5,8.899999999999999,89.5,0.0,1.884097211915287,67.0,0.2,11.433333333333332,7.0,,,,,,0,2,3.875,83.25,10.475,74.5,0.05,4,0.9967506498213929,-0.08054900421874167,2019-2020,0
2020-04-06,0.0,0.5,4.2,1.6500000000000004,85.0,6.0,54.0,0.0,2.2856187333380347,40.333333333333336,0.0,9.200000000000001,4.0,,,,,,0,0,5.05,77.0,8.350000000000001,43.5,0.0,4,0.9952176027737294,-0.09768276782171598,2019-2020,0
2020-04-07,0.0,0.0,1.6,5.65,77.5,5.65,95.0,0.0,3.5372876738943813,88.33333333333333,0.0,4.433333333333333,24.0,,,,,,0,0,5.15,63.5,4.9,91.25,0.0,4,0.9933900548258936,-0.11478762552212701,2019-2020,0
2020-04-08,0.0,0.0,3.2,3.3500000000000005,69.0,6.7,1.5,0.0,5.126194875752319,4.666666666666667,0.0,8.1,24.0,,,,,,0,0,6.475,65.0,7.425,4.0,0.0,4,0.9912685467787256,-0.13185851571739118,2019-2020,0
2020-04-09,0.8,0.1,4.9,4.383333333333333,99.0,4.15,18.5,0.0,0.1435112562073737,11.0,0.0,2.9666666666666663,3.0,,,,,,0,0,5.35,91.0,3.2750000000000004,12.75,0.0,4,0.9888537064205885,-0.1488903868564548,2019-2020,0
2020-04-10,0.0,0.0,4.3,1.6833333333333336,96.5,7.800000000000001,100.0,1.0,0.5073642587820486,70.66666666666667,0.9,8.166666666666666,0.0,,,,,,0,3,4.800000000000001,94.75,7.925000000000001,78.0,0.35000000000000003,4,0.986146248341595,-0.16587819893463143,2019-2020,0
2020-04-11,0.0,0.0,3.8,1.1166666666666671,89.0,3.35,63.0,0.0,1.631273973012524,32.0,0.0,3.733333333333333,20.0,,,,,,0,0,4.675,81.0,3.8,44.25,0.0,4,0.9831469737221499,-0.1828169249850199,2019-2020,0
2020-04-12,0.0,0.0,2.5,4.333333333333333,82.0,3.5,98.0,0.0,2.7471912986557916,92.66666666666667,0.0,2.8000000000000003,24.0,,,,,,0,0,4.475,75.25,2.875,94.0,0.0,4,0.9798567700958665,-0.1997015525660636,2019-2020,0
2020-04-13,6.600000000000001,1.6,7.2,0.6999999999999993,92.5,6.5,100.0,0.9,1.134523619741076,100.0,4.1,5.599999999999999,0.0,,,,,,0,3,7.55,91.5,6.5,100.0,1.125,4,0.9762766110869321,-0.21652708524481437,2019-2020,0
2020-04-14,4.0,0.4,5.5,1.8833333333333329,87.0,11.6,54.0,0.0,1.9801994061904797,69.33333333333333,0.0,13.1,4.0,,,,,,0,0,5.5,81.0,12.950000000000001,65.0,0.0,4,0.9724075561219968,-0.23328854407545518,2019-2020,0
2020-04-15,0.0,0.0,2.6,1.7499999999999996,64.5,3.2,29.5,0.0,6.064146294317812,70.66666666666667,0.0,3.233333333333333,24.0,,,,,,0,0,6.85,62.0,3.25,63.75,0.0,4,0.9682507501166718,-0.2499809690726521,2019-2020,0
2020-04-16,0.0,0.0,6.3,6.349999999999999,96.5,2.65,100.0,0.0,0.5253557264264455,87.66666666666667,0.0,1.6666666666666667,24.0,,,,,,0,0,9.475,93.5,2.125,90.75,0.0,4,0.9638074231367307,-0.26659942067929354,2019-2020,0
2020-04-17,0.0,0.0,2.5,4.283333333333332,81.0,9.2,32.0,0.0,3.0321247885932383,75.66666666666667,0.0,12.233333333333334,24.0,,,,,,0,0,9.325,78.5,11.425,65.25,0.0,4,0.9590788900341131,-0.28313898122818354,2019-2020,0
2020-04-18,2.8999999999999995,1.4,11.6,1.0333333333333332,86.0,23.9,74.5,1.9,2.280480749386218,80.33333333333333,6.6,24.46666666666667,0.0,,,,,,0,3,13.0,86.25,24.0,83.75,1.95,4,0.9540665500578387,-0.2995947563972602,2019-2020,0
2020-04-19,14.8,4.1,9.5,0.6666666666666661,97.0,12.9,99.0,0.8999999999999999,0.45375683283094226,64.33333333333333,0.4,11.466666666666667,0.0,,,,,,0,2,10.075,94.25,12.05,73.25,0.24999999999999997,4,0.9487718864399473,-0.31596187665790293,2019-2020,0
2020-04-20,0.0,0.7999999999999999,12.6,-0.8333333333333339,86.0,34.0,95.0,5.199999999999999,2.2733815268273467,61.0,3.8,36.43333333333333,0.0,,,,,,0,3,12.825,83.0,35.275000000000006,70.75,1.6749999999999998,4,0.9431964659565866,-0.33223549871590435,2019-2020,0
2020-04-21,0.1,0.0,9.7,1.5500000000000007,88.5,3.05,100.0,0.2,1.8287691570933404,100.0,0.7,6.766666666666667,0.0,,,,,,0,3,11.35,90.0,5.925,100.0,0.175,4,0.9373419384643772,-0.3484108069446808,2019-2020,0
2020-04-22,0.0,0.0,8.4,2.25,86.5,14.2,99.5,1.3,2.089736865056927,95.0,1.4000000000000001,11.433333333333332,0.0,,,,,,0,3,6.3999999999999995,87.5,12.549999999999999,96.25,0.45,4,0.9312100364121947,-0.3644830148102912,2019-2020,0
2020-04-23,0.9,0.1,4.6,1.2666666666666675,89.5,4.95,90.0,0.2,1.5773886506152328,91.0,0.5,6.3999999999999995,0.0,,,,,,0,3,5.15,89.5,5.725,88.25,0.125,4,0.9248025743285089,-0.38044736628785164,2019-2020,0
2020-04-24,3.0999999999999996,0.5,3.3,2.383333333333333,88.5,3.9,30.5,0.0,1.732547609213801,19.666666666666668,0.0,3.4,4.0,,,,,,0,0,5.775,84.25,3.8,23.0,0.0,4,0.9181214482844365,-0.39629913726891813,2019-2020,0
2020-04-25,0.5,0.0,1.7,4.6000000000000005,92.0,12.2,4.5,0.0,1.162296909739275,2.6666666666666665,0.0,10.9,9.0,,,,,,0,0,5.175,86.5,11.075,2.25,0.0,4,0.9111686353326631,-0.41203363695942635,2019-2020,0
2020-04-26,0.0,0.0,9.3,1.916666666666666,79.0,14.15,42.5,0.0,3.4710033576870467,57.333333333333336,0.1,13.566666666666668,24.0,,,,,,0,1,11.725,75.25,13.625,54.0,0.025,4,0.9039461929224011,-0.42764620926777464,2019-2020,0
2020-04-27,0.7,0.0,6.3,4.666666666666667,94.0,3.8499999999999996,36.5,0.0,0.9012756298365163,50.0,0.0,3.033333333333333,10.0,,,,,,0,0,8.425,90.25,3.425,42.5,0.0,4,0.8964562582905575,-0.44313223418263453,2019-2020,0
2020-04-28,0.0,0.0,7.9,-0.18333333333333446,75.0,4.15,69.5,0.0,4.09349728661451,25.333333333333332,0.0,2.0666666666666664,16.0,,,,,,0,0,7.975,70.25,2.9000000000000004,40.25,0.0,4,0.8887010478292915,-0.45848712914008766,2019-2020,0
2020-04-29,0.0,0.0,3.1,4.716666666666667,73.5,7.45,0.0,0.0,4.308220071175532,0.0,0.0,5.433333333333334,19.0,,,,,,0,0,8.5,65.0,5.8,0.0,0.0,4,0.8806828564301475,-0.47370635037968,2019-2020,0
2020-04-30,0.0,0.0,7.5,3.9833333333333343,79.0,9.35,0.0,0.0,3.4031775881203257,0.0,0.0,6.533333333333332,24.0,,,,,,0,0,11.825,72.75,7.074999999999999,0.0,0.0,4,0.8724040568049612,-0.48878539428899265,2019-2020,0
2020-05-01,0.0,0.0,13.1,1.1500000000000004,91.5,9.0,31.5,0.0,1.3517777932163888,46.666666666666664,0.0,8.166666666666666,24.0,,,,,,0,0,15.075,82.75,8.175,38.75,0.0,5,0.8638670987837349,-0.503719798736334,2019-2020,0
2020-05-02,0.0,0.0,11.6,4.183333333333332,91.5,11.0,0.0,0.0,1.3428392421423236,0.0,0.0,6.866666666666667,17.0,,,,,,0,0,15.725000000000001,82.5,7.975,0.0,0.0,5,0.8550745085896932,-0.518505144391157,2019-2020,0
2020-05-03,0.0,0.0,14.1,4.433333333333335,89.5,9.95,98.0,0.0,1.703641302450574,100.0,0.0,8.833333333333334,24.0,,,,,,0,0,17.1,82.25,9.174999999999999,99.0,0.0,5,0.8460288880917339,-0.533137056031809,2019-2020,0
2020-05-04,0.6,0.0,15.5,1.4166666666666679,71.0,16.5,100.0,0.30000000000000004,5.240146823119526,100.0,0.1,15.1,0.0,,,,,,0,1,16.625,70.0,15.35,100.0,0.07500000000000001,5,0.8367329140344921,-0.5476112038402312,2019-2020,0
2020-05-05,2.1,0.5,13.9,4.416666666666666,98.5,6.9,100.0,0.2,0.231272838194009,100.0,0.1,6.266666666666666,0.0,,,,,,0,1,13.275000000000002,97.5,6.6,100.0,0.05,5,0.8271893372462497,-0.5619233046832195,2019-2020,0
2020-05-06,0.0,0.0,12.4,1.5999999999999996,94.5,4.45,72.0,0.2,0.8571328384175256,75.66666666666667,3.5,4.733333333333333,0.0,,,,,,0,3,13.899999999999999,91.75,4.175,75.5,0.9000000000000001,5,0.8174009818249189,-0.5760691233798758,2019-2020,0
2020-05-07,0.0,0.0,9.0,3.3166666666666647,97.0,7.5,45.5,0.0,0.4494637456373738,4.666666666666667,0.0,7.400000000000001,15.0,,,,,,0,0,10.0,86.5,7.45,25.25,0.0,5,0.8073707443023492,-0.5900444739548627,2019-2020,0
2020-05-08,0.0,0.0,7.5,2.3499999999999996,82.0,8.350000000000001,3.5,0.0,2.9666542942410548,1.0,0.0,12.0,24.0,,,,,,0,0,13.925,73.5,10.725000000000001,2.0,0.0,5,0.7971015927871943,-0.6038452208771035,2019-2020,0
2020-05-09,0.0,0.0,13.1,2.1833333333333336,75.0,8.899999999999999,100.0,0.0,4.341717594360892,100.0,0.0,10.200000000000001,24.0,,,,,,0,0,14.325,72.5,10.075,100.0,0.0,5,0.7865965660866021,-0.6174672802835514,2019-2020,0
2020-05-10,3.3,3.2,15.4,-0.4833333333333343,90.0,21.0,100.0,3.1,1.6406406647908174,99.66666666666667,3.3,20.933333333333334,0.0,,,,,,0,3,16.65,89.25,21.0,99.75,1.325,5,0.7758587728069828,-0.6309066211876704,2019-2020,0
2020-05-11,6.0,0.7,15.1,1.3166666666666682,96.5,3.8499999999999996,100.0,0.1,0.5521806999621433,80.66666666666667,0.30000000000000004,5.166666666666667,1.0,,,,,,0,2,15.35,94.75,4.9,85.5,0.1,5,0.7648913904341226,-0.6441592666722685,2019-2020,0
2020-05-12,0.0,0.0,9.8,4.633333333333331,70.5,11.45,45.0,0.0,5.151427608742825,39.333333333333336,0.0,10.6,20.0,,,,,,0,0,15.075000000000001,65.5,10.649999999999999,40.5,0.0,5,0.753697664392914,-0.6572212950663319,2019-2020,0
2020-05-13,0.0,0.0,10.3,5.066666666666666,76.0,9.0,34.0,0.0,4.177178220380004,79.33333333333333,0.7,10.6,24.0,,,,,,0,2,14.774999999999999,80.5,9.875,67.0,0.175,5,0.742280907086982,-0.6700888411055113,2019-2020,0
2020-05-14,0.0,0.0,8.3,4.300000000000001,63.0,4.75,4.5,0.0,6.709730981751855,3.0,0.0,3.4,19.0,,,,,,0,0,12.924999999999999,58.5,3.9499999999999997,2.25,0.0,5,0.7306444969184916,-0.6827580970759147,2019-2020,0
2020-05-15,0.0,0.0,11.7,3.4000000000000004,74.5,12.75,83.0,0.0,4.4357712199686645,88.66666666666667,0.0,12.5,24.0,,,,,,0,0,15.875,69.5,12.625,90.75,0.0,5,0.7187918772884232,-0.6952253139408722,2019-2020,0
2020-05-16,1.3,0.0,16.7,0.31666666666667,81.0,23.2,100.0,0.2,3.271898724503032,100.0,1.4000000000000001,24.333333333333332,1.0,,,,,,0,2,15.7,81.75,23.875,100.0,0.4,5,0.7067265555776158,-0.7074868024503348,2019-2020,0
2020-05-17,0.7,1.0,15.5,0.6500000000000021,97.0,2.9,100.0,0.5,0.4769972903418047,100.0,0.7,4.1000000000000005,0.0,,,,,,0,3,16.450000000000003,97.5,3.8,100.0,0.22499999999999998,5,0.6944521021088763,-0.719538934232584,2019-2020,0
2020-05-18,0.0,0.0,13.1,1.716666666666665,93.0,3.0,99.0,0.0,1.1097168714132,97.0,0.0,2.1666666666666665,14.0,,,,,,0,0,16.3,84.75,2.275,97.5,0.0,5,0.6819721490904629,-0.7313781428679254,2019-2020,0
2020-05-19,9.600000000000001,5.4,16.1,2.333333333333332,96.5,2.7,100.0,1.4,0.5571100448173318,88.33333333333333,0.9,2.3666666666666667,0.0,,,,,,0,3,17.15,94.25,2.4250000000000003,91.25,0.45,5,0.6692903895412567,-0.7430009249440493,2019-2020,0
2020-05-20,1.7,0.0,10.7,3.2666666666666675,91.0,3.2,39.5,0.0,1.4302259883112551,36.666666666666664,0.2,3.5,11.0,,,,,,0,1,13.975,86.0,3.625,36.25,0.05,5,0.6564105761979381,-0.7544038410927472,2019-2020,0
2020-05-21,2.1,0.30000000000000004,12.1,1.2166666666666686,96.0,4.95,100.0,0.4,0.6183717847468877,94.66666666666667,0.5,5.933333333333334,0.0,,,,,,0,3,12.5,91.5,5.8,96.0,0.17500000000000002,5,0.6433365204044917,-0.765583517007675,2019-2020,0
2020-05-22,0.0,0.0,9.9,3.966666666666665,93.0,5.15,41.0,0.0,1.0869532006591989,69.0,0.0,2.566666666666667,14.0,,,,,,0,0,13.025,86.25,3.2750000000000004,59.0,0.0,5,0.6300720909843687,-0.7765366444428655,2019-2020,0
2020-05-23,0.0,0.0,13.8,3.0,93.0,6.9,12.5,0.0,1.1144708397638468,25.666666666666668,0.0,4.166666666666667,13.0,,,,,,0,0,16.424999999999997,85.75,4.65,21.75,0.0,5,0.6166212130956382,-0.7872599821916922,2019-2020,0
2020-05-24,0.0,0.0,16.6,0.7666666666666657,89.5,11.5,4.5,0.0,1.741457696760122,5.0,0.0,13.266666666666666,14.0,,,,,,0,0,18.775,82.25,12.675,4.0,0.0,5,0.6029878670694714,-0.7977503570459932,2019-2020,0
2020-05-25,0.0,0.0,16.7,2.4833333333333343,92.0,6.5,96.0,0.5,1.309637023288328,91.0,0.4,5.766666666666667,0.0,,,,,,0,3,17.875,90.5,5.85,91.25,0.175,5,0.5891760872322963,-0.8080046647350754,2019-2020,0
2020-05-26,6.599999999999999,2.4,17.8,1.3999999999999986,92.5,1.2000000000000002,88.0,0.0,1.2357397587686378,94.66666666666667,0.0,0.7333333333333334,3.0,,,,,,0,0,18.75,90.75,0.875,92.0,0.0,5,0.5751899607119775,-0.8180198708443175,2019-2020,0
2020-05-27,2.0,0.0,14.5,3.0166666666666657,97.5,3.75,56.0,0.0,0.39233627747799105,48.666666666666664,0.0,2.533333333333333,8.0,,,,,,0,0,16.450000000000003,88.5,2.925,49.5,0.0,5,0.5610336262283677,-0.8277930117131022,2019-2020,0
2020-05-28,0.4,0.0,13.5,2.049999999999999,97.0,4.699999999999999,92.5,0.0,0.466758304694574,79.66666666666667,0.0,3.1999999999999997,9.0,,,,,,0,0,14.499999999999998,91.0,3.5999999999999996,84.75,0.0,5,0.5467112728685939,-0.8373211953118121,2019-2020,0
2020-05-29,0.0,0.0,10.4,3.883333333333333,77.0,2.85,0.0,0.0,3.9034038106616737,0.0,0.0,2.1666666666666665,24.0,,,,,,0,0,14.299999999999999,70.5,2.4,0.0,0.0,5,0.5322271388474397,-0.8466016020976267,2019-2020,0
2020-05-30,0.0,0.0,9.2,5.866666666666669,85.5,9.45,52.0,0.0,2.338417913257329,7.333333333333333,0.0,5.1,24.0,,,,,,0,0,15.024999999999999,77.25,6.25,26.25,0.0,5,0.5175855102531889,-0.8556314858488706,2019-2020,0
2020-05-31,0.0,0.0,16.3,1.6666666666666643,80.0,9.8,100.0,0.0,3.47680313164755,100.0,0.0,11.033333333333331,24.0,,,,,,0,0,18.4,77.0,10.825,100.0,0.0,5,0.5027907197793043,-0.8644081744776648,2019-2020,0
2020-06-01,0.0,0.0,17.8,0.01666666666666572,73.5,14.25,100.0,0.0,4.803887298710729,99.0,0.0,13.733333333333334,14.0,,,,,,0,0,18.525,74.75,13.975,99.25,0.0,6,0.4878471454423119,-0.8729290708206411,2019-2020,0
2020-06-02,0.5,1.2,18.8,1.9333333333333336,98.0,6.2,100.0,3.5,0.3222133680827781,83.66666666666667,1.8,3.4000000000000004,0.0,,,,,,0,1,18.85,92.75,3.975,87.75,0.875,6,0.47275920928627757,-0.881191653407483,2019-2020,0
2020-06-03,0.0,0.0,14.6,5.566666666666668,93.5,5.050000000000001,7.5,0.0,1.045728790666768,64.33333333333333,0.0,3.0,24.0,,,,,,0,0,18.775,82.75,3.6750000000000003,49.0,0.0,6,0.4575313760742512,-0.8891934772070711,2019-2020,0
2020-06-04,0.0,0.0,15.2,3.866666666666667,82.5,10.4,89.0,0.0,2.9811142161511395,93.33333333333333,0.0,6.166666666666667,24.0,,,,,,0,0,19.425,75.75,7.25,90.75,0.0,6,0.44216815196707204,-0.8969321743510065,2019-2020,0
2020-06-05,0.0,0.0,15.9,5.483333333333336,92.0,7.55,1.5,0.0,1.3091347103654876,0.0,0.0,3.733333333333334,24.0,,,,,,0,0,20.525,79.25,4.75,0.75,0.0,6,0.42667408318992467,-0.9044054548343001,2019-2020,0
2020-06-06,0.0,0.0,17.3,5.399999999999999,98.5,3.75,100.0,0.0,0.2402938845502689,100.0,0.1,4.766666666666667,24.0,,,,,,0,1,18.799999999999997,95.0,4.4,100.0,0.025,6,0.4110537546870351,-0.9116111071930239,2019-2020,0
2020-06-07,0.0,0.0,14.2,3.9833333333333343,86.5,7.6,1.0,0.0,2.222723649025202,2.3333333333333335,0.0,7.5,22.0,,,,,,0,0,16.125,79.5,7.424999999999999,2.0,0.0,6,0.3953117887649151,-0.9185469991587165,2019-2020,0
2020-06-08,0.0,0.0,13.6,3.666666666666666,91.0,5.75,16.0,0.0,1.4582619180825969,5.0,0.0,3.5000000000000004,24.0,,,,,,0,0,18.15,82.5,4.0249999999999995,9.0,0.0,6,0.37945284372454435,-0.925211078289358,2019-2020,0
2020-06-09,0.0,0.0,16.9,4.316666666666666,91.0,12.35,17.0,0.0,1.4888446264777357,9.0,0.0,10.5,24.0,,,,,,0,0,20.8,79.0,10.925,15.25,0.0,6,0.36348161248290634,-0.9316013725767187,2019-2020,0
2020-06-10,0.0,0.0,19.2,3.2166666666666686,82.0,16.55,3.0,0.0,3.172850620991529,1.6666666666666667,0.0,19.599999999999998,24.0,,,,,,0,0,21.95,76.0,18.7,2.25,0.0,6,0.3474028211842774,-0.9377159910299093,2019-2020,0
2020-06-11,2.1,0.1,22.7,0.05000000000000071,84.5,11.15,94.5,0.0,2.7519035674290535,86.33333333333333,0.0,12.299999999999999,2.0,,,,,,0,0,24.2,80.5,11.924999999999999,88.0,0.0,6,0.3312212278016865,-0.9435531242349544,2019-2020,0
2020-06-12,1.6,1.6,21.9,0.7666666666666693,98.5,2.0,100.0,4.2,0.24733612418097906,100.0,3.4,2.8000000000000003,0.0,,,,,,0,3,22.2,97.25,2.65,100.0,1.375,6,0.31494162072895193,-0.9491110448902284,2019-2020,0
2020-06-13,2.8000000000000003,0.0,20.6,2.099999999999998,94.0,4.45,100.0,0.1,1.0054993883155454,100.0,24.700000000000003,5.566666666666666,0.0,,,,,,0,3,21.625,94.5,5.05,100.0,6.175000000000001,6,0.2985688173637202,-0.9543881083175908,2019-2020,0
2020-06-14,0.1,0.7,20.9,0.15000000000000213,94.0,6.65,100.0,2.5,1.0054993883155454,100.0,10.0,9.066666666666668,0.0,,,,,,0,3,21.75,93.25,8.0,100.0,2.6,6,0.2821076626819194,-0.9593827529490743,2019-2020,0
2020-06-15,25.7,3.3,20.9,2.43333333333333,99.0,2.8499999999999996,100.0,2.0,0.16334853950692718,100.0,1.7,3.266666666666667,0.0,,,,,,0,3,21.25,98.25,3.275,100.0,0.7,6,0.26556302780405594,-0.9640935007889755,2019-2020,0
2020-06-16,0.0,0.0,16.3,4.399999999999999,85.0,3.15,97.0,0.0,2.5540962490937993,98.0,0.0,2.1999999999999997,18.0,,,,,,0,0,19.725,77.0,2.625,97.75,0.0,6,0.24893980855376657,-0.9685189578512204,2019-2020,0
2020-06-17,0.3,0.0,14.5,3.866666666666667,92.0,5.6,89.5,0.0,1.2876259458890082,89.0,0.0,5.666666666666667,12.0,,,,,,0,0,16.025,91.25,5.25,86.5,0.0,6,0.23224292400907015,-0.9726578145718654,2019-2020,0
2020-06-18,0.0,0.0,18.5,1.4499999999999993,90.5,10.350000000000001,100.0,0.0,1.5879698788890089,100.0,0.0,10.733333333333334,24.0,,,,,,0,0,19.825,86.25,10.525,100.0,0.0,6,0.21547731504673012,-0.976508846196619,2019-2020,0
2020-06-19,6.2,0.7,16.4,1.5666666666666664,95.0,4.4,100.0,3.4,0.8062754047747731,100.0,3.0,5.3999999999999995,0.0,,,,,,0,3,17.3,93.75,4.525,100.0,1.325,6,0.19864794288017112,-0.9800709131432666,2019-2020,0
2020-06-20,0.4,0.2,18.2,0.38333333333333286,97.5,9.95,82.5,0.30000000000000004,0.40181972594879767,60.0,0.4,10.5,0.0,,,,,,0,3,18.299999999999997,94.0,10.375,70.0,0.15,6,0.18175978759137534,-0.9833429613388902,2019-2020,0
2020-06-21,0.0,0.0,14.7,3.3999999999999986,92.0,8.4,0.5,0.0,1.295108870401858,0.0,0.0,7.066666666666666,18.0,,,,,,0,0,18.525,84.25,7.2250000000000005,0.25,0.0,6,0.16481784665719793,-0.9863240225317866,2019-2020,0
2020-06-22,0.0,0.0,17.3,2.066666666666663,87.0,2.1,100.0,0.0,2.2076030429233064,100.0,0.0,1.8666666666666665,24.0,,,,,,0,0,19.825,82.25,2.05,100.0,0.0,6,0.14782713347053048,-0.9890132145779883,2019-2020,0
2020-06-23,0.0,0.0,17.7,2.3000000000000007,99.0,6.25,100.0,0.0,0.15971862765109535,79.33333333333333,0.0,5.033333333333333,24.0,,,,,,0,0,18.95,93.25,5.35,84.5,0.0,6,0.13079267585675922,-0.9914097417023038,2019-2020,0
2020-06-24,0.0,0.0,18.8,2.1000000000000014,83.5,11.1,60.0,0.0,2.8872957966726815,67.0,0.0,13.966666666666667,24.0,,,,,,0,0,22.1,78.0,13.125,65.75,0.0,6,0.11371951458594969,-0.9935128947338007,2019-2020,0
2020-06-25,0.0,0.0,22.1,0.5999999999999979,81.0,14.8,69.0,0.0,3.4431710691587476,81.0,0.0,13.033333333333333,24.0,,,,,,0,0,24.15,80.5,13.450000000000001,71.0,0.0,6,0.0966127018812031,-0.9953220513156602,2019-2020,0
2020-06-26,3.5,0.0,23.2,0.26666666666666927,88.0,14.85,90.5,0.4,2.1065426605757516,95.66666666666667,3.8,8.966666666666667,0.0,,,,,,0,3,23.950000000000003,90.0,10.524999999999999,95.0,0.975,6,0.07947729992362097,-0.9968366760893436,2019-2020,0
2020-06-27,1.0,0.0,19.9,2.6999999999999993,83.0,3.1999999999999997,96.0,0.0,2.986879750964899,84.66666666666667,0.0,2.5666666666666664,10.0,,,,,,0,0,21.125,83.5,3.0749999999999997,87.5,0.0,6,0.062318379354325076,-0.998056320853012,2019-2020,0
2020-06-28,1.3000000000000003,1.4,20.4,3.0666666666666664,94.0,6.699999999999999,100.0,6.9,0.997542322308334,98.33333333333333,6.8,6.066666666666667,0.0,,,,,,0,3,20.375,94.75,6.949999999999999,98.75,2.7,6,0.04514101777397193,-0.9989806246941579,2019-2020,0
2020-06-29,0.0,0.0,17.1,2.4999999999999964,95.5,3.0999999999999996,38.5,0.0,0.7290070591934636,48.0,0.0,4.066666666666666,17.0,,,,,,0,0,19.125,89.75,3.775,44.5,0.0,6,0.02795029824021032,-0.999609314096404,2019-2020,0
2020-06-30,0.0,0.0,21.1,0.3999999999999986,77.5,22.4,100.0,0.6,4.095062129209609,100.0,1.6,24.633333333333336,0.0,,,,,,0,3,21.450000000000003,79.0,23.474999999999998,100.0,0.42500000000000004,6,0.01075130776352193,-0.9999422030204416,2019-2020,0
2020-07-01,13.700000000000003,1.1,22.8,1.1833333333333336,93.5,2.8499999999999996,88.0,1.0,1.1066990374202703,96.0,1.6,4.866666666666666,0.0,,,,,,0,3,23.675,92.25,4.6,92.5,0.575,7,-0.00645086419810515,-0.9999791929590823,2019-2020,0
2020-07-02,2.3,1.3,18.9,1.5833333333333357,97.5,9.350000000000001,96.0,1.8,0.40459416486795874,100.0,2.2,8.299999999999999,0.0,,,,,,0,3,19.0,97.25,8.55,98.0,0.75,7,-0.023651127245231586,-0.9997202729664083,2019-2020,0
2020-07-03,0.0,0.0,17.7,1.6166666666666671,96.0,3.0,100.0,0.0,0.6467813713946349,100.0,0.0,2.1,13.0,,,,,,0,0,19.0,93.0,2.275,100.0,0.0,7,-0.04084439154329611,-0.9991655196610109,2019-2020,0
2020-07-04,11.0,8.8,19.9,0.016666666666669272,92.0,7.25,99.5,0.9,1.3435103531376242,99.66666666666667,1.9,6.466666666666666,0.0,,,,,,0,3,20.85,92.75,6.824999999999999,99.75,0.5,7,-0.05802556932878035,-0.9983150972033183,2019-2020,0
2020-07-05,4.6,0.2,20.1,1.3333333333333321,99.0,1.1,100.0,0.0,0.1627921894881048,100.0,0.2,1.0999999999999999,5.0,,,,,,0,2,20.950000000000003,97.0,1.175,100.0,0.05,7,-0.07518957641475855,-0.9971692572470178,2019-2020,0
2020-07-06,0.2,0.0,22.3,0.7833333333333314,90.0,11.15,100.0,5.1,1.7263081990309779,100.0,13.1,13.6,0.0,,,,,,0,3,22.950000000000003,90.0,12.775,100.0,3.9999999999999996,7,-0.09233133369539122,-0.9957283388645872,2019-2020,0
2020-07-07,14.199999999999998,1.4,23.4,0.40000000000000213,91.5,10.7,100.0,1.5,1.4684662861136708,100.0,5.2,15.1,0.0,,,,,,0,3,24.125,90.75,13.625,100.0,1.425,7,-0.10944576864891556,-0.993992768446958,2019-2020,0
2020-07-08,12.5,2.7,22.1,1.5166666666666622,94.0,8.45,100.0,23.1,1.0123447930762737,100.0,23.8,16.2,0.0,,,,,,0,3,22.9,92.0,13.85,100.0,9.1,7,-0.12652781683868314,-0.9919630595773397,2019-2020,0
2020-07-09,0.0,0.3,21.3,1.9000000000000021,90.5,7.35,100.0,0.0,1.625064950599974,100.0,0.0,8.633333333333333,6.0,,,,,,0,0,22.924999999999997,87.5,8.2,100.0,0.0,7,-0.1435724234118113,-0.9896398128792412,2019-2020,0
2020-07-10,0.0,0.0,22.7,0.36666666666666714,89.5,13.75,100.0,1.8,1.8135597339453433,100.0,9.4,13.166666666666666,0.0,,,,,,0,3,22.675,90.25,13.55,100.0,2.475,7,-0.16057454459499376,-0.9870237158387383,2019-2020,0
2020-07-11,5.7,0.0,24.4,0.0833333333333357,88.0,16.4,98.0,3.7,2.12467341024551,96.0,13.7,13.0,0.0,,,,,,0,3,25.075000000000003,88.5,14.2,96.75,3.475,7,-0.17752914918703497,-0.984115542601034,2019-2020,0
2020-07-12,5.0,1.0,20.9,2.0833333333333357,96.5,11.95,100.0,0.8999999999999999,0.5785771715640173,100.0,2.7,12.833333333333334,0.0,,,,,,0,3,21.075,96.5,12.325,100.0,0.75,7,-0.19443122004766195,-0.9809161537413774,2019-2020,0
2020-07-13,0.3,0.0,17.7,1.283333333333335,94.0,3.95,100.0,0.0,0.9787236755742938,100.0,0.0,3.0,12.0,,,,,,0,0,18.2,90.5,3.3500000000000005,100.0,0.0,7,-0.2112757555821793,-0.9774264960104055,2019-2020,0
2020-07-14,14.0,5.6,20.3,-0.75,91.5,16.9,100.0,8.9,1.4330095562597869,100.0,6.4,15.933333333333332,0.0,,,,,,0,3,21.049999999999997,91.25,16.125,100.0,3.15,7,-0.2280577712215198,-0.9736476020539838,2019-2020,0
2020-07-15,12.9,2.0,20.6,1.0666666666666664,92.0,8.95,100.0,1.6,1.3506427094045996,100.0,2.9000000000000004,11.066666666666668,0.0,,,,,,0,3,21.075,93.5,10.125,100.0,0.9,7,-0.24477230089725957,-0.9695805901076308,2019-2020,0
2020-07-16,3.5000000000000004,0.2,19.6,0.7666666666666657,99.0,3.1,100.0,0.2,0.16168233486283157,82.33333333333333,0.7,4.3999999999999995,0.0,,,,,,0,3,20.099999999999998,96.0,3.9250000000000003,86.75,0.2,7,-0.2614143985111562,-0.965226663665613,2019-2020,0
2020-07-17,0.2,0.0,19.4,1.8666666666666707,95.5,6.7,92.5,0.0,0.7374054593984987,96.0,0.0,3.6666666666666665,10.0,,,,,,0,0,20.825,89.0,4.425,95.25,0.0,7,-0.2779791393987801,-0.9605871111248129,2019-2020,0
2020-07-18,0.6,0.0,21.8,0.81666666666667,95.5,3.4499999999999997,100.0,13.4,0.7523598488786014,98.66666666666667,32.7,4.3,0.0,,,,,,0,3,22.099999999999998,96.0,3.675,99.0,8.675,7,-0.2944616217868012,-0.9556633054034704,2019-2020,0
2020-07-19,0.2,0.0,21.0,1.1666666666666679,96.5,6.550000000000001,6.0,0.0,0.5779207032515252,1.0,0.0,6.0,3.0,,,,,,0,0,22.65,92.25,5.800000000000001,3.5,0.0,7,-0.3108569682435036,-0.9504567035349151,2019-2020,0
2020-07-20,0.0,0.0,20.9,3.849999999999998,91.5,6.15,100.0,0.0,1.4465957617198768,85.0,0.30000000000000004,5.166666666666667,21.0,,,,,,0,2,23.275,88.25,5.6000000000000005,88.75,0.07500000000000001,7,-0.3271603271220951,-0.9449688462364056,2019-2020,0
2020-07-21,0.0,0.0,23.8,1.8499999999999943,94.0,5.6,94.5,0.0,1.0261050026125105,94.0,0.2,5.133333333333334,15.0,,,,,,0,2,25.4,88.75,5.15,94.75,0.05,7,-0.34336687399638804,-0.939201357453208,2019-2020,0
2020-07-22,23.5,2.1,21.9,2.4333333333333336,99.5,1.65,94.0,0.0,0.08205096902615594,99.66666666666667,0.2,3.5333333333333337,2.0,,,,,,0,2,22.375,94.75,3.025,96.75,0.05,7,-0.3594718130884232,-0.9331559438780432,2019-2020,0
2020-07-23,0.1,1.9,20.4,1.4000000000000021,93.0,4.5,100.0,2.4000000000000004,1.1718638676456017,100.0,3.4000000000000004,4.133333333333334,0.0,,,,,,0,3,21.0,92.5,4.35,100.0,1.175,7,-0.3754703786876202,-0.9268343944460494,2019-2020,0
2020-07-24,0.0,0.0,19.4,1.9000000000000021,89.0,11.100000000000001,100.0,0.0,1.8795601326365272,100.0,0.2,11.133333333333333,13.0,,,,,,0,1,21.75,86.0,11.05,100.0,0.05,7,-0.3913578365610259,-0.9202385798054075,2019-2020,0
2020-07-25,8.0,5.4,23.2,0.6333333333333329,90.0,17.85,100.0,4.5,1.7334368023702886,100.0,10.700000000000001,21.766666666666666,0.0,,,,,,0,3,23.45,89.75,20.5,100.0,3.125,7,-0.4071294853542516,-0.9133704517637858,2019-2020,0
2020-07-26,6.300000000000001,0.2,23.1,0.5666666666666664,94.0,7.300000000000001,96.0,9.4,1.0188311391225469,96.66666666666667,14.6,8.433333333333332,0.0,,,,,,0,3,23.575,93.25,8.125,96.25,4.75,7,-0.4227806579826773,-0.9062320427107697,2019-2020,0
2020-07-27,1.7000000000000002,0.0,23.0,0.6500000000000021,87.5,15.5,96.5,0.0,2.2004863114227042,97.0,0.0,17.133333333333336,9.0,,,,,,0,0,24.325,85.75,16.775,96.0,0.0,7,-0.4383067230125192,-0.898825465016444,2019-2020,0
2020-07-28,1.6,0.1,23.5,0.7000000000000028,91.5,10.95,100.0,0.0,1.4695640958971055,100.0,0.30000000000000004,10.666666666666666,2.0,,,,,,0,2,24.65,90.25,10.825,100.0,0.07500000000000001,7,-0.45370308603134424,-0.8911529104063088,2019-2020,0
2020-07-29,24.799999999999997,0.5,22.6,1.1333333333333329,99.0,3.25,99.5,0.2,0.16527211608902093,98.66666666666667,0.2,1.633333333333333,0.0,,,,,,0,2,22.75,96.75,2.2750000000000004,99.0,0.07500000000000001,7,-0.46896519100763184,-0.8832166493127127,2019-2020,0
2020-07-30,0.0,0.0,22.6,1.3166666666666664,92.5,1.85,98.5,0.30000000000000004,1.2857942531673103,97.0,0.30000000000000004,1.8333333333333333,0.0,,,,,,0,3,23.625,92.5,1.8499999999999999,97.25,0.125,7,-0.48408852163897587,-0.8750190302029955,2019-2020,0
2020-07-31,0.5,2.7,23.3,1.1833333333333336,95.5,2.0,61.0,0.6000000000000001,0.7591808868856234,88.66666666666667,0.4,1.7333333333333334,0.0,,,,,,0,3,23.475,94.5,1.575,79.5,0.2,7,-0.4990686026885319,-0.8665624788845385,2019-2020,0
2020-08-01,0.1,0.0,21.2,2.116666666666667,97.0,1.55,32.5,0.0,0.49874728517594846,27.333333333333332,0.0,2.7000000000000006,12.0,,,,,,0,0,23.15,91.75,2.4000000000000004,30.25,0.0,8,-0.5139010013093103,-0.8578494977869301,2019-2020,0
2020-08-02,0.0,0.0,18.5,4.383333333333336,87.5,8.9,64.5,0.0,2.140929308540663,85.0,0.0,7.166666666666667,24.0,,,,,,0,0,22.575,83.25,7.6,76.5,0.0,8,-0.5285813283559292,-0.8488826652214553,2019-2020,0
2020-08-03,0.0,0.7,23.5,1.8333333333333321,91.5,9.4,96.5,0.1,1.4673688842727088,97.33333333333333,0.0,9.4,1.0,,,,,,0,0,24.8,87.75,9.25,96.75,0.025,8,-0.5431052396834317,-0.8396646346181327,2019-2020,0
2020-08-04,0.0,0.0,24.1,1.9499999999999993,94.0,5.2,55.0,0.0,1.0280234609324204,77.33333333333333,0.5,3.9,20.0,,,,,,0,2,25.7,88.0,4.15,69.25,0.125,8,-0.5574684374327892,-0.8301981337405212,2019-2020,0
2020-08-05,0.0,0.0,21.8,3.7166666666666686,93.0,8.5,77.5,0.0,1.188780633675865,55.666666666666664,0.0,5.8999999999999995,21.0,,,,,,0,0,24.575,87.25,6.425000000000001,61.5,0.0,8,-0.5716666713027052,-0.8204859638785327,2019-2020,0
2020-08-06,0.0,0.0,23.1,2.3000000000000007,82.5,10.35,70.5,0.0,3.1351533747066327,46.666666666666664,0.0,10.4,13.0,,,,,,0,0,24.6,77.75,10.35,55.0,0.0,8,-0.5856957398073508,-0.8105309990194823,2019-2020,0
2020-08-07,0.0,0.0,24.8,0.9499999999999993,84.5,10.95,98.5,0.0,2.7953076647086093,98.0,0.3,7.866666666666667,24.0,,,,,,0,1,25.924999999999997,82.5,8.875,98.25,0.075,8,-0.5995514915196489,-0.8003361849976323,2019-2020,0
2020-08-08,0.4,0.0,23.0,1.3333333333333321,90.5,11.7,96.0,0.3,1.6545537477450516,99.66666666666667,0.5,10.533333333333333,0.0,,,,,,0,2,25.224999999999998,87.5,10.799999999999999,97.75,0.125,8,-0.6132298262997502,-0.7899045386224707,2019-2020,0
2020-08-09,0.0,0.0,25.3,1.5333333333333385,87.0,8.3,100.0,0.5,2.316425662753666,96.66666666666667,0.2,8.366666666666667,0.0,,,,,,0,1,25.999999999999996,85.25,8.075000000000001,97.5,0.125,8,-0.6267266965083301,-0.7792391467859886,2019-2020,0
2020-08-10,0.0,0.0,25.1,2.083333333333332,83.0,9.75,85.0,0.0,3.105218544739053,86.66666666666667,0.0,11.033333333333333,14.0,,,,,,0,0,26.950000000000003,79.25,10.65,86.75,0.0,8,-0.6400381082043503,-0.7683431655492202,2019-2020,0
2020-08-11,0.0,0.0,26.4,1.6166666666666707,84.5,12.2,13.5,0.0,2.826516335954693,10.0,0.0,12.833333333333334,2.0,,,,,,0,0,27.575,82.0,12.7,12.0,0.0,8,-0.65316012232693,-0.7572198192083127,2019-2020,0
2020-08-12,1.9000000000000001,0.0,24.7,2.2333333333333343,98.0,3.3,97.5,2.8,0.3371572376342371,93.66666666666667,1.1,2.6333333333333333,0.0,,,,,,0,2,25.450000000000003,93.5,2.9999999999999996,95.25,0.725,8,-0.666088855860977,-0.7458723993404063,2019-2020,0
2020-08-13,7.699999999999999,1.6,25.0,0.7833333333333314,94.5,2.5999999999999996,96.5,4.5,0.944763401873999,100.0,6.9,3.3666666666666667,0.0,,,,,,0,3,24.725,95.0,3.0999999999999996,98.25,2.1999999999999997,8,-0.6788204829862355,-0.734304263829602,2019-2020,0
2020-08-14,0.6,0.0,22.9,2.233333333333338,94.5,4.05,22.0,0.0,0.9345834283131289,12.666666666666666,0.0,4.5,9.0,,,,,,0,0,25.2,91.25,4.275,14.25,0.0,8,-0.6913512362094071,-0.722518835873311,2019-2020,0
2020-08-15,0.0,0.0,23.3,2.7666666666666657,92.0,4.0,26.0,0.0,1.3793599758797512,40.0,0.0,2.966666666666667,24.0,,,,,,0,0,26.050000000000004,85.75,3.45,34.75,0.0,8,-0.7036774074790128,-0.7105196029692745,2019-2020,0
2020-08-16,0.2,0.0,23.6,2.616666666666667,91.5,2.45,56.0,0.0,1.4756093415647804,63.0,0.0,2.6333333333333333,12.0,,,,,,0,0,25.674999999999997,86.75,2.75,60.75,0.0,8,-0.7157953492826642,-0.6983101158835584,2019-2020,0
2020-08-17,0.0,0.0,22.5,3.433333333333337,93.5,2.3,0.5,0.0,1.1071140449804808,0.6666666666666666,0.0,2.433333333333333,15.0,,,,,,0,0,25.0,86.0,2.525,0.5,0.0,8,-0.7277014757264236,-0.6858939875998223,2019-2020,0
2020-08-18,0.1,0.0,24.4,1.283333333333335,97.5,7.1499999999999995,93.5,0.8,0.4227024920663105,81.0,0.8999999999999999,7.8,0.0,,,,,,0,3,25.025,94.0,7.375,85.75,0.325,8,-0.7393922635959241,-0.673274892250183,2019-2020,0
2020-08-19,0.0,0.0,21.9,2.233333333333338,90.5,7.15,9.5,0.0,1.631186718543269,15.0,0.0,5.633333333333333,21.0,,,,,,0,0,24.550000000000004,86.0,5.875,14.5,0.0,8,-0.7508642533989489,-0.6604565640279754,2019-2020,0
2020-08-20,0.0,0.0,24.5,3.0,91.0,9.1,97.0,0.0,1.5713562025873706,91.0,0.0,8.4,24.0,,,,,,0,0,26.549999999999997,85.75,8.6,92.25,0.0,8,-0.7621140503891487,-0.6474427960827475,2019-2020,0
2020-08-21,0.0,0.0,22.9,3.716666666666672,95.5,7.3,13.0,0.0,0.7611761378960011,3.0,0.0,6.033333333333332,24.0,,,,,,0,0,25.625,88.75,6.125,7.25,0.0,8,-0.7731383255706026,-0.6342374393978054,2019-2020,0
2020-08-22,0.0,0.0,23.7,2.083333333333332,88.5,0.5,14.5,0.0,2.021411366713192,14.666666666666666,0.0,1.2666666666666666,24.0,,,,,,0,0,24.7,87.5,0.95,15.0,0.0,8,-0.7839338166829201,-0.620844401650647,2019-2020,0
2020-08-23,0.6,0.0,22.1,2.8999999999999986,96.5,8.8,91.0,0.0,0.5829631288978163,92.33333333333333,0.0,5.633333333333334,12.0,,,,,,0,0,23.65,92.0,6.300000000000001,91.5,0.0,8,-0.7944973291665992,-0.6072676460566135,2019-2020,0
2020-08-24,0.2,0.0,21.6,4.016666666666662,97.5,6.4,39.0,0.0,0.4139111257336445,21.666666666666668,0.0,4.2,9.0,,,,,,0,0,23.8,89.75,4.7250000000000005,26.5,0.0,8,-0.8048257371083452,-0.593511190196115,2019-2020,0
2020-08-25,0.0,0.1,23.5,1.9499999999999993,88.5,10.8,22.0,0.0,2.0123788956283413,37.0,0.0,10.5,5.0,,,,,,0,0,25.35,83.0,10.6,29.5,0.0,8,-0.8149159841660791,-0.5795791048257612,2019-2020,0
2020-08-26,0.0,0.0,25.1,1.9166666666666643,89.5,9.05,3.5,0.0,1.8484372397158388,2.0,0.0,9.866666666666667,24.0,,,,,,0,0,26.4,83.5,9.65,2.5,0.0,8,-0.8247650844733614,-0.5654755126737576,2019-2020,0
2020-08-27,0.0,0.0,25.0,1.649999999999995,82.5,6.1,17.5,0.0,3.1893223739459486,29.0,0.0,9.1,19.0,,,,,,0,0,26.6,77.75,8.174999999999999,25.25,0.0,8,-0.8343701235229537,-0.5512045872199277,2019-2020,0
2020-08-28,0.0,0.0,24.5,2.2833333333333314,90.0,7.1,72.0,0.0,1.7496924409622672,78.66666666666667,0.6,5.166666666666667,24.0,,,,,,0,2,25.925,86.0,5.7,78.25,0.15,8,-0.8437282590292712,-0.5367705514607103,2019-2020,0
2020-08-29,0.1,0.0,25.8,1.56666666666667,90.0,4.9,40.0,0.0,1.7653687581712063,11.666666666666666,0.0,5.766666666666667,11.0,,,,,,0,0,27.1,84.0,5.325,24.25,0.0,8,-0.8528367217694595,-0.522177676659508,2019-2020,0
2020-08-30,0.0,0.0,24.3,2.9333333333333336,97.0,3.95,20.0,0.0,0.5059155040121546,13.333333333333334,0.0,3.4,13.0,,,,,,0,0,25.925,88.75,3.325,15.75,0.0,8,-0.8616928164028521,-0.5074302810827518,2019-2020,0
2020-08-31,0.0,0.0,23.3,2.8500000000000014,93.0,2.5,8.5,0.0,1.1981811483723241,9.666666666666666,0.0,2.5333333333333337,24.0,,,,,,0,0,25.175,85.5,2.5250000000000004,8.5,0.0,8,-0.8702939222685674,-0.49253272872205434,2019-2020,0
2020-09-01,0.0,0.0,23.9,1.6833333333333336,93.5,2.55,16.0,0.0,1.1196002966144434,26.0,0.0,2.6666666666666665,14.0,,,,,,0,0,25.975,87.0,2.5999999999999996,23.0,0.0,9,-0.8786374941610001,-0.4774894280028391,2020-2021,0
2020-09-02,0.0,0.0,25.6,0.8166666666666664,84.0,11.0,23.5,0.0,2.9077925338073207,25.333333333333332,0.0,13.466666666666667,13.0,,,,,,0,0,26.8,78.75,12.525,22.0,0.0,9,-0.886721063082993,-0.46230483047981086,2020-2021,0
2020-09-03,0.6000000000000001,0.8,26.6,1.033333333333335,83.0,26.35,34.0,0.7,3.1224741369131515,58.0,0.7,21.366666666666664,0.0,,,,,,0,3,26.975,82.0,22.9,57.0,0.27499999999999997,9,-0.8945422369764496,-0.4469834295196741,2020-2021,0
2020-09-04,0.0,0.0,25.0,1.5999999999999979,88.5,5.65,49.5,0.0,2.0297087645376095,62.333333333333336,0.0,4.433333333333333,13.0,,,,,,0,0,25.900000000000002,83.75,4.625,59.75,0.0,9,-0.9020987014301837,-0.43152975897147144,2020-2021,0
2020-09-05,0.8,0.0,23.0,1.4833333333333307,97.5,4.8,37.0,0.0,0.41766755952269463,60.333333333333336,0.0,2.6,12.0,,,,,,0,0,24.325,92.25,3.15,54.5,0.0,9,-0.9093882203647925,-0.4159483918249421,2020-2021,0
2020-09-06,0.0,0.0,22.8,3.3999999999999986,96.0,7.1,19.0,0.0,0.673803768525989,23.0,0.0,6.7,2.0,,,,,,0,0,24.825000000000003,90.75,6.674999999999999,24.25,0.0,9,-0.9164086366943458,-0.4002439388573056,2020-2021,0
2020-09-07,1.7000000000000002,1.5,24.8,1.1499999999999986,86.5,25.7,99.0,1.0,2.4132255271752427,80.33333333333333,1.6,30.399999999999995,0.0,,,,,,0,3,25.825000000000003,83.75,28.725,85.25,0.525,9,-0.9231578729647039,-0.38442104726885545,2020-2021,0
2020-09-08,0.30000000000000004,0.0,25.9,0.6166666666666671,85.0,13.15,47.0,0.0,2.7124144940428003,23.666666666666668,0.0,13.5,7.0,,,,,,0,0,26.474999999999998,81.5,13.25,29.25,0.0,9,-0.9296339319682695,-0.3684843993077793,2020-2021,0
2020-09-09,0.0,0.0,22.3,2.4499999999999957,94.5,5.15,15.0,0.0,0.9262001782909302,19.666666666666668,0.0,6.8999999999999995,17.0,,,,,,0,0,24.05,85.75,6.375,17.5,0.0,9,-0.9358348973349941,-0.35243871088460327,2020-2021,0
2020-09-10,19.5,6.1,22.1,0.8666666666666671,95.0,7.25,97.5,0.4,0.8369163083428894,97.33333333333333,2.0,8.0,0.0,,,,,,0,3,22.275000000000002,93.0,7.7,97.5,0.55,9,-0.9417589340994617,-0.33628873017668287,2020-2021,0
2020-09-11,4.1000000000000005,0.30000000000000004,21.6,1.3500000000000014,94.0,8.1,82.0,0.0,1.0104409712116542,91.33333333333333,0.0,8.966666666666667,5.0,,,,,,0,0,22.975,90.75,8.674999999999999,85.5,0.0,9,-0.9474042892438845,-0.32003923622313857,2020-2021,0
2020-09-12,0.0,0.0,23.4,1.2333333333333307,89.0,9.100000000000001,26.5,0.0,1.9116441579092012,14.0,0.0,12.333333333333334,14.0,,,,,,0,0,24.2,84.75,11.350000000000001,17.0,0.0,9,-0.9527692922168511,-0.30369503751065885,2020-2021,0
2020-09-13,0.0,0.0,24.5,1.0333333333333314,92.0,3.7,100.0,1.7000000000000002,1.3819386316795281,100.0,7.2,6.266666666666667,0.0,,,,,,0,3,23.825000000000003,94.5,5.625,100.0,1.9000000000000001,9,-0.9578523554276669,-0.28726097055059635,2020-2021,0
2020-09-14,2.8,0.6,19.4,1.1666666666666679,95.0,6.4,65.0,0.7,0.8215246533666445,75.33333333333333,1.3,7.3,0.0,,,,,,0,3,19.400000000000002,94.0,7.1,76.5,0.4,9,-0.9626519747161487,-0.2707418984477642,2020-2021,0
2020-09-15,0.2,0.0,16.6,2.6666666666666643,98.0,4.449999999999999,51.0,0.0,0.3151117747395418,44.333333333333336,0.0,3.766666666666666,11.0,,,,,,0,0,17.475,91.5,4.0249999999999995,38.5,0.0,9,-0.9671667297977312,-0.2541427094613622,2020-2021,0
2020-09-16,0.0,0.0,16.4,3.0500000000000007,87.5,10.25,80.5,0.0,2.092585177130225,56.0,0.0,9.433333333333334,24.0,,,,,,0,0,18.925,84.0,9.7,66.75,0.0,9,-0.97139528468375,-0.23746831555846842,2020-2021,0
2020-09-17,0.2,1.1,22.4,0.26666666666666927,93.0,6.9,86.5,0.6,1.1883339094305114,93.66666666666667,0.5,8.066666666666666,0.0,,,,,,0,3,23.0,91.5,7.8,91.5,0.25,9,-0.9753363880767837,-0.2207236509605022,2020-2021,0
2020-09-18,14.899999999999999,0.0,24.3,-0.18333333333333712,93.5,7.8,100.0,2.4000000000000004,1.1100212671778351,100.0,2.1,4.933333333333334,0.0,,,,,,0,3,23.125,94.75,5.425,100.0,0.7250000000000001,9,-0.9789888737409319,-0.20391367068311472,2020-2021,0
2020-09-19,1.7000000000000002,0.0,19.0,0.9166666666666679,94.0,2.75,77.0,0.0,0.9881106833222475,55.333333333333336,0.0,5.1000000000000005,3.0,,,,,,0,0,19.575,89.5,4.375,58.25,0.0,9,-0.9823516608469237,-0.18704334906991657,2020-2021,0
2020-09-20,0.0,0.0,17.8,2.049999999999997,77.0,3.6999999999999997,98.5,0.0,4.0707788103511575,100.0,0.0,3.9666666666666663,24.0,,,,,,0,0,18.225,76.5,3.55,99.25,0.0,9,-0.9854237542919524,-0.17011767832049052,2020-2021,0
2020-09-21,1.2,0.1,17.3,1.9333333333333336,91.0,5.35,51.0,0.0,1.48258922219037,2.6666666666666665,0.0,5.633333333333333,6.0,,,,,,0,0,18.075,87.5,5.574999999999999,26.0,0.0,9,-0.9882042449941422,-0.15314166701312007,2020-2021,0
2020-09-22,0.0,0.0,12.9,4.700000000000001,98.0,5.5,48.5,0.0,0.3086914995996892,89.33333333333333,0.0,4.666666666666667,24.0,,,,,,0,0,15.649999999999999,90.0,4.775,71.75,0.0,9,-0.9906923101615609,-0.13612033862266704,2020-2021,0
2020-09-23,0.0,0.0,17.8,1.783333333333335,81.0,6.6,28.5,0.0,3.3146276002712742,9.0,0.0,5.666666666666667,4.0,,,,,,0,0,19.225,78.0,5.725,15.0,0.0,9,-0.9928872135356962,-0.11905873003404988,2020-2021,0
2020-09-24,0.0,0.0,17.7,3.2666666666666693,98.5,6.75,60.5,0.0,0.23873255362211765,76.0,0.0,3.933333333333333,24.0,,,,,,0,0,19.25,91.0,4.675,74.5,0.0,9,-0.994788305609327,-0.10196189005174576,2020-2021,0
2020-09-25,0.30000000000000004,0.7,21.0,0.9000000000000021,95.5,1.85,100.0,3.5999999999999996,0.7455695048343252,100.0,5.3,2.7999999999999994,0.0,,,,,,0,3,20.725,95.0,2.75,100.0,1.625,9,-0.9963950238187231,-0.08483487790576538,2020-2021,0
2020-09-26,2.1,0.0,19.5,0.4499999999999993,97.5,2.0,100.0,0.1,0.40830824208522287,99.66666666666667,0.2,2.6333333333333333,1.0,,,,,,0,2,20.35,96.0,2.45,99.75,0.07500000000000001,9,-0.9977068927101168,-0.06768276175455162,2020-2021,0
2020-09-27,2.4000000000000004,0.1,18.2,1.31666666666667,97.0,7.1,91.5,0.5,0.4834529636977969,97.33333333333333,0.5,7.866666666666667,0.0,,,,,,0,3,18.15,97.75,7.824999999999999,95.75,0.2,9,-0.9987235240803972,-0.050510617185222886,2020-2021,0
2020-09-28,0.1,0.0,14.7,1.4833333333333343,97.5,4.449999999999999,4.0,0.0,0.38945269584857556,2.3333333333333335,0.0,4.033333333333333,7.0,,,,,,0,0,15.100000000000001,93.75,4.175,3.5,0.0,9,-0.9994446170919858,-0.033323525711631344,2020-2021,0
2020-09-29,0.0,0.0,13.7,2.150000000000002,96.0,8.149999999999999,98.5,0.0,0.6263890445858991,81.66666666666667,0.0,7.0666666666666655,24.0,,,,,,0,0,15.8,89.75,7.35,86.0,0.0,9,-0.9998699583618592,-0.016126573270657762,2020-2021,0
2020-09-30,0.0,0.0,16.1,1.8166666666666664,89.5,5.5,75.5,0.0,1.7089239903672766,69.33333333333333,0.0,4.733333333333333,24.0,,,,,,0,0,16.450000000000003,85.25,5.025,67.0,0.0,9,-0.9999994220246925,0.001075151282798226,2020-2021,0
2020-10-01,0.0,0.0,17.7,-0.03333333333333144,83.0,2.4,95.5,2.5,2.9319117446926004,95.0,1.9000000000000001,3.8333333333333335,0.0,,,,,,0,3,17.825,87.5,3.7,96.25,0.8999999999999999,10,-0.999832969770105,0.018276557681691223,2020-2021,0
2020-10-02,0.0,0.0,10.2,5.683333333333334,99.0,5.1,8.5,0.0,0.15043599555419185,4.333333333333333,0.0,4.8,21.0,,,,,,0,0,13.024999999999999,91.75,4.95,6.5,0.0,10,-0.9993706508539969,0.03547255575312556,2020-2021,0
2020-10-03,0.0,0.0,17.2,0.0,90.5,8.0,90.0,0.0,1.5734917877779182,79.0,0.0,8.1,24.0,,,,,,0,0,18.85,86.75,8.125,81.25,0.0,10,-0.9986126020839734,0.052658056924614005,2020-2021,0
2020-10-04,0.0,0.0,18.3,-0.6833333333333336,86.5,7.8,98.5,0.0,2.3042922230465273,99.0,0.1,7.0,24.0,,,,,,0,1,19.4,86.0,7.3,98.75,0.025,10,-0.9975590477788613,0.06982797572987089,2020-2021,0
2020-10-05,0.0,0.0,19.4,0.5000000000000036,98.0,11.85,100.0,6.9,0.3229525266730455,100.0,4.3,8.566666666666666,0.0,,,,,,0,3,18.625,97.25,9.825,100.0,2.375,10,-0.9962102997023297,0.0869772313136861,2020-2021,0
2020-10-06,0.0,0.0,14.1,0.7666666666666675,83.0,5.8,96.0,0.0,2.8212986578550083,99.66666666666667,0.0,5.599999999999999,16.0,,,,,,0,0,13.925,78.75,5.9,98.0,0.0,10,-0.9945667569706337,0.1041007489354256,2020-2021,0
2020-10-07,0.0,0.0,7.7,5.05,100.0,7.949999999999999,100.0,0.0,-8.881784197001252e-16,61.0,0.0,6.1000000000000005,24.0,,,,,,0,0,10.5,91.5,6.499999999999999,70.75,0.0,10,-0.9926289059345095,0.121193461470736,2020-2021,0
2020-10-08,8.2,3.5,15.1,2.083333333333334,89.0,3.2,100.0,3.5,1.7939331822025384,100.0,4.3,2.8666666666666667,0.0,,,,,,0,3,14.575,88.75,2.925,100.0,1.4,10,-0.9903973200352558,0.1382503109109819,2020-2021,0
2020-10-09,0.0,0.0,13.3,0.2833333333333332,94.5,3.8499999999999996,100.0,0.0,0.8645256133997012,100.0,0.0,5.466666666666666,13.0,,,,,,0,0,13.7,93.0,5.0,100.0,0.0,10,-0.9878726596350429,0.15526624985999563,2020-2021,0
2020-10-10,0.4,0.6000000000000001,15.7,-0.3833333333333311,92.5,3.4000000000000004,100.0,2.8,1.2136548585538787,100.0,4.4,2.766666666666666,0.0,,,,,,0,3,16.175,91.75,3.1750000000000003,100.0,1.35,10,-0.9850556718215013,0.172236243027682,2020-2021,0
2020-10-11,0.5,0.5,18.5,0.3000000000000007,99.0,5.95,100.0,0.2,0.16008590940001355,96.66666666666667,0.30000000000000004,5.599999999999999,0.0,,,,,,0,3,18.525,97.75,5.824999999999999,97.5,0.1,10,-0.981947190186646,0.18915526872004093,2020-2021,0
2020-10-12,0.0,0.1,16.8,1.7999999999999972,96.0,3.4000000000000004,21.5,0.0,0.6388806740000739,27.0,0.0,2.9000000000000004,4.0,,,,,,0,0,17.224999999999998,93.5,3.1000000000000005,26.25,0.0,10,-0.9785481345802031,0.20601832032517084,2020-2021,0
2020-10-13,0.2,0.1,17.2,1.06666666666667,96.5,9.9,100.0,1.8,0.5627086672727586,100.0,1.7,9.200000000000001,0.0,,,,,,0,3,17.375,96.5,9.225,100.0,0.625,10,-0.9748595108374125,0.22282040779479959,2020-2021,0
2020-10-14,0.0,0.0,12.8,2.783333333333333,96.5,5.45,5.5,0.0,0.5379458838919433,2.6666666666666665,0.0,5.066666666666666,21.0,,,,,,0,0,13.325000000000001,91.25,5.275,3.25,0.0,10,-0.9708824104813836,0.23955655912092708,2020-2021,0
2020-10-15,0.0,0.0,13.6,0.7333333333333343,90.5,4.7,15.0,0.0,1.5132854797454112,11.0,0.0,4.3,24.0,,,,,,0,0,12.975,87.75,4.575,13.25,0.0,10,-0.9666180104000972,0.2562218218071163,2020-2021,0
2020-10-16,0.0,0.0,10.0,0.7666666666666657,81.5,4.300000000000001,67.0,0.0,3.004684935566522,69.33333333333333,0.0,3.0,24.0,,,,,,0,0,10.775,76.75,3.3000000000000003,64.5,0.0,10,-0.9620675724981452,0.27281126433401914,2020-2021,0
2020-10-17,0.0,0.2,13.2,0.6166666666666689,74.5,1.4,99.5,1.1,4.416917315042173,100.0,1.4,2.1999999999999997,0.0,,,,,,0,3,12.5,80.0,2.0,99.75,0.5,10,-0.957232443323312,0.28931997761869527,2020-2021,0
2020-10-18,0.0,0.0,7.6,3.666666666666666,92.0,3.3,37.5,0.0,1.2110825018115667,68.33333333333333,0.0,3.8666666666666667,13.0,,,,,,0,0,9.05,88.25,3.7249999999999996,57.75,0.0,10,-0.9521140536681102,0.3057430764672831,2020-2021,0
2020-10-19,0.0,0.0,8.6,2.9833333333333343,86.0,2.3,99.5,0.0,2.232773871892748,100.0,0.0,2.0666666666666664,24.0,,,,,,0,0,10.95,84.25,2.125,99.75,0.0,10,-0.9467139181463862,0.3220757010206104,2020-2021,0
2020-10-20,0.0,0.0,6.8,2.916666666666667,97.0,4.1,37.0,0.0,0.44377131496603983,8.333333333333334,0.0,4.933333333333334,24.0,,,,,,0,0,8.875,93.25,4.6,19.75,0.0,10,-0.9410336347451197,0.3383130181923076,2020-2021,1
2020-10-21,0.0,0.0,8.4,1.8833333333333329,92.0,10.3,0.0,0.0,1.2207653354164734,15.333333333333334,0.0,9.999999999999998,24.0,,,,,,0,0,9.975,86.75,10.0,11.5,0.0,10,-0.9350748843515574,0.3544502230989869,2020-2021,0
2020-10-22,0.0,0.0,15.3,-0.9000000000000021,67.0,11.95,89.0,0.0,6.069138790660654,100.0,0.0,12.700000000000001,24.0,,,,,,0,0,15.45,67.0,12.499999999999998,94.5,0.0,10,-0.9288394302558068,0.3704825404820963,2020-2021,0
2020-10-23,10.6,4.3,16.7,-0.21666666666666856,88.5,10.35,100.0,7.0,1.91875004968559,100.0,26.7,3.3666666666666667,0.0,,,,,,0,3,16.875,93.5,7.25,100.0,7.125,10,-0.9223291176290545,0.3864052261209853,2020-2021,0
2020-10-24,2.3000000000000003,0.6000000000000001,10.1,2.4499999999999993,94.0,3.95,44.5,0.0,0.9197038534187918,56.666666666666664,0.0,3.033333333333333,5.0,,,,,,0,0,10.575,90.5,3.35,52.25,0.0,10,-0.9155458729775467,0.40221356823680365,2020-2021,0
2020-10-25,7.0,0.2,9.8,0.33333333333333215,77.5,5.85,75.0,0.1,3.760876166924125,78.66666666666667,0.0,4.5,1.0,,,,,,0,0,10.875,76.25,4.7749999999999995,73.25,0.025,10,-0.9084917035725082,0.41790288888678667,2020-2021,0
2020-10-26,0.0,0.1,12.3,2.2333333333333325,70.0,4.5,82.0,0.2,5.379828988379078,76.0,0.1,2.1999999999999997,0.0,,,,,,0,1,13.95,72.75,2.825,77.25,0.05,10,-0.9011686968561569,0.4334685453485363,2020-2021,0
2020-10-27,0.0,0.0,5.4,5.883333333333331,92.0,4.949999999999999,75.0,0.0,1.198071537859807,79.33333333333333,0.0,5.1,24.0,,,,,,0,0,7.6,86.25,5.225,77.5,0.0,10,-0.8935790198239952,0.4489059314938798,2020-2021,1
2020-10-28,0.0,0.0,5.6,3.8166666666666664,82.0,3.8499999999999996,98.0,0.0,2.8644154944827305,96.0,0.0,4.1,24.0,,,,,,0,0,8.674999999999999,81.25,4.1,96.0,0.0,10,-0.8857249183835637,0.4642104791518923,2020-2021,0
2020-10-29,0.1,2.8000000000000003,11.3,0.5999999999999996,95.5,4.55,28.5,0.2,0.6912640708024878,19.666666666666668,0.1,4.266666666666667,0.0,,,,,,0,1,11.425,94.25,4.4,21.5,0.05,10,-0.8776087166898392,0.4793776594606945,2020-2021,0
2020-10-30,0.0,0.0,7.4,1.716666666666665,80.0,5.55,98.5,0.0,3.2392823017651224,88.33333333333333,0.0,5.066666666666666,24.0,,,,,,0,0,8.6,80.75,5.074999999999999,91.25,0.0,10,-0.8692328164574792,0.49440298420761813,2020-2021,0
2020-10-31,0.0,0.0,3.3,4.666666666666668,91.0,6.5,0.0,0.0,1.3250831859197538,0.0,0.0,6.666666666666667,24.0,,,,,,0,0,4.525,85.0,6.6499999999999995,0.0,0.0,10,-0.8605996962501181,0.5092820071573356,2020-2021,0
2020-11-01,0.0,0.0,7.8,0.09999999999999964,71.0,10.3,75.5,0.0,4.955252880868475,94.66666666666667,0.0,12.866666666666665,24.0,,,,,,0,0,9.575,71.0,12.025000000000002,84.25,0.0,11,-0.8517119107469189,0.5240103253675756,2020-2021,0
2020-11-02,0.0,0.0,15.0,-0.8166666666666682,81.5,12.75,100.0,0.7,3.1302365926303715,100.0,1.7,10.200000000000001,0.0,,,,,,0,3,14.35,86.0,11.125,100.0,0.475,11,-0.8425720899866032,0.5385835804920232,2020-2021,0
2020-11-03,9.1,0.4,11.5,2.1833333333333353,86.5,6.9,63.5,0.0,2.1603831516882774,25.666666666666668,0.0,6.3999999999999995,5.0,,,,,,0,0,10.85,84.25,6.7250000000000005,38.75,0.0,11,-0.8331829385891785,0.5529974600700271,2020-2021,0
2020-11-04,9.6,4.699999999999999,6.1,2.0,89.5,8.95,80.5,1.0,1.603533182070299,88.33333333333333,0.30000000000000004,6.8,0.0,,,,,,0,2,6.925,86.5,7.4,81.5,0.275,11,-0.8235472349556007,0.5672476988027229,2020-2021,0
2020-11-05,0.30000000000000004,0.0,7.4,1.3166666666666664,60.0,6.0,34.0,0.0,7.449524976052725,16.0,0.0,3.9333333333333336,9.0,,,,,,0,0,10.625,62.25,4.55,22.5,0.0,11,-0.8136678304455991,0.5813300798152042,2020-2021,0
2020-11-06,0.0,0.0,6.9,2.583333333333332,72.5,5.65,64.0,0.0,4.619905160840688,77.33333333333333,0.0,7.6000000000000005,24.0,,,,,,0,0,7.65,71.75,6.925000000000001,80.75,0.0,11,-0.8035476485339116,0.5952404359043674,2020-2021,0
2020-11-07,0.0,0.1,12.8,-0.6666666666666679,75.5,10.4,100.0,0.1,4.236535734201279,98.0,0.1,10.299999999999999,0.0,,,,,,0,1,13.6,77.25,10.35,98.5,0.025,11,-0.7931896839451843,0.6089746507720486,2020-2021,0
2020-11-08,6.7,0.5,14.1,1.8000000000000007,86.5,3.75,48.0,0.0,2.2321936293032056,56.333333333333336,0.0,4.966666666666667,3.0,,,,,,0,0,14.175,89.0,4.575,49.25,0.0,11,-0.7825970017677834,0.6225286602431057,2020-2021,0
2020-11-09,0.4,0.4,8.0,3.1999999999999975,75.5,6.45,89.0,0.0,4.040419736946509,64.0,0.0,5.933333333333333,4.0,,,,,,0,0,7.475,75.25,6.175000000000001,70.0,0.0,11,-0.7717727365467837,0.6358984534680745,2020-2021,0
2020-11-10,0.5,0.4,7.2,-0.2666666666666666,92.5,3.95,59.5,0.4,1.132263009511397,61.666666666666664,0.2,3.0,0.0,,,,,,0,2,7.05,89.5,3.475,62.25,0.125,11,-0.7607200913564104,0.6490800741100398,2020-2021,0
2020-11-11,0.0,0.0,6.0,-0.20000000000000018,73.0,7.25,93.0,0.0,4.505069081301961,89.33333333333333,0.0,8.6,3.0,,,,,,0,0,7.2,72.5,8.175,90.75,0.0,11,-0.7494423368521953,0.6620696215153815,2020-2021,0
2020-11-12,0.0,0.0,4.6,-0.7666666666666662,81.0,3.55,84.0,0.0,3.0490390554369924,78.66666666666667,0.0,2.8666666666666667,24.0,,,,,,0,0,8.274999999999999,82.25,3.125,80.0,0.0,11,-0.7379428103031386,0.6748632518680403,2020-2021,0
2020-11-13,0.0,0.0,7.6,1.2833333333333332,86.5,9.8,33.0,0.0,2.11315624231567,28.333333333333332,0.0,8.866666666666667,24.0,,,,,,0,0,9.075,84.0,9.175,28.5,0.0,11,-0.7262249146041543,0.6874571793269664,2020-2021,0
2020-11-14,0.0,0.0,7.0,5.183333333333332,92.5,5.800000000000001,1.0,0.0,1.1232430112863918,4.0,0.0,5.966666666666668,24.0,,,,,,0,0,6.5,91.0,6.025,3.25,0.0,11,-0.7142921172691032,0.699847677146407,2020-2021,1
2020-11-15,0.0,0.0,4.5,0.9833333333333334,75.5,10.5,0.5,0.0,4.029214088361087,6.666666666666667,0.0,10.9,24.0,,,,,,0,0,8.25,76.5,10.775,5.0,0.0,11,-0.7021479494046978,0.7120310787787131,2020-2021,0
2020-11-16,0.0,0.8999999999999999,11.7,1.8000000000000025,95.0,5.05,78.0,0.4,0.7719547969572016,70.66666666666667,0.30000000000000004,4.933333333333334,0.0,,,,,,0,2,11.625,95.25,4.7749999999999995,77.0,0.125,11,-0.6897960046655887,0.7240037789593305,2020-2021,0
2020-11-17,0.0,0.0,6.4,7.399999999999999,96.0,4.949999999999999,0.0,0.0,0.5858745963237757,0.0,0.0,6.733333333333333,14.0,,,,,,0,0,6.1,93.75,6.125,0.0,0.0,11,-0.6772399381909491,0.7357622347736527,2020-2021,1
2020-11-18,0.0,0.0,12.4,0.0,82.0,12.6,1.5,0.0,3.001516055502579,2.0,0.0,12.733333333333334,24.0,,,,,,0,0,13.775,81.0,12.675,1.75,0.0,11,-0.6644834655228552,0.7473029667054297,2020-2021,0
2020-11-19,0.0,0.0,16.7,-1.549999999999999,86.0,12.95,94.5,0.0,2.3565872705056012,94.0,0.0,14.266666666666666,24.0,,,,,,0,0,17.225,85.25,13.674999999999999,95.25,0.0,11,-0.6515303615068021,0.75862255966641,2020-2021,0
2020-11-20,0.2,0.5,18.2,0.9500000000000028,88.0,13.850000000000001,97.0,1.8,2.019355474476278,80.0,2.1,15.333333333333334,0.0,,,,,,0,3,18.25,87.75,15.075000000000001,83.75,0.925,11,-0.6383844591746642,0.769717664006921,2020-2021,0
2020-11-21,4.699999999999999,1.8,9.8,3.4499999999999993,93.0,18.55,100.0,1.7000000000000002,1.0695047113021703,93.0,1.4000000000000001,16.333333333333332,0.0,,,,,,0,3,8.475,89.5,17.025,94.75,0.55,11,-0.6250496486104377,0.7805849965070866,2020-2021,0
2020-11-22,0.0,0.0,6.8,-1.4999999999999991,76.0,11.75,5.5,0.0,4.117838498129808,27.333333333333332,0.0,10.433333333333332,22.0,,,,,,0,0,13.25,77.75,10.65,21.75,0.0,11,-0.6115298757991053,0.7912213413483807,2020-2021,0
2020-11-23,2.7,5.8,11.6,2.0833333333333357,97.5,12.35,100.0,0.5,0.3790700557468174,100.0,0.4,11.633333333333333,0.0,,,,,,0,3,10.149999999999999,95.75,11.775,100.0,0.175,11,-0.5978291414589552,0.801623551065242,2020-2021,0
2020-11-24,0.0,0.0,2.4,4.466666666666667,77.5,4.05,0.0,0.0,3.518722398436776,8.666666666666666,0.0,4.733333333333333,22.0,,,,,,0,0,2.875,74.75,4.7,6.5,0.0,11,-0.5839514998576998,0.8117885474764613,2020-2021,0
2020-11-25,0.0,0.0,2.0,3.5666666666666664,95.5,4.05,39.0,0.0,0.6450326711794099,57.333333333333336,0.0,4.333333333333333,24.0,,,,,,0,0,3.675,91.0,4.199999999999999,46.5,0.0,11,-0.5699010576127624,0.821713322596059,2020-2021,0
2020-11-26,0.0,0.0,6.6,1.7333333333333325,91.0,2.45,51.0,0.0,1.364589027874345,36.0,0.0,2.966666666666667,24.0,,,,,,0,0,7.574999999999999,88.0,2.9250000000000003,37.0,0.0,11,-0.5556819724760489,0.8313949395234058,2020-2021,0
2020-11-27,0.0,0.0,5.4,2.916666666666666,92.0,5.65,35.5,0.0,1.1961499349955895,31.666666666666668,0.0,5.966666666666666,24.0,,,,,,0,0,5.95,89.5,6.1,33.75,0.0,11,-0.5412984521036173,0.8408305333122887,2020-2021,0
2020-11-28,3.2,3.8,7.7,3.9333333333333327,94.5,12.4,88.0,1.5,0.8203154741107506,69.0,0.7999999999999999,9.433333333333332,0.0,,,,,,0,3,6.199999999999999,93.75,10.275,75.5,0.47500000000000003,11,-0.5267547528105542,0.8500173118187018,2020-2021,0
2020-11-29,0.1,0.0,3.7,0.6833333333333327,85.0,1.8,100.0,0.0,2.3041075196670766,96.66666666666667,0.0,2.733333333333333,12.0,,,,,,0,0,5.15,81.75,2.5,97.5,0.0,11,-0.5120551783114646,0.8589525565270845,2020-2021,0
2020-11-30,1.5,0.1,8.1,0.33333333333333215,89.5,7.050000000000001,84.0,0.2,1.6022528855861946,86.33333333333333,1.5,6.166666666666667,0.0,,,,,,0,3,6.85,92.75,6.725,83.75,0.375,11,-0.4972040784469378,0.8676336233547726,2020-2021,0
2020-12-01,0.0,0.0,5.4,-0.016666666666667496,83.0,7.25,75.5,0.0,2.6614526458822105,70.33333333333333,0.0,5.8999999999999995,4.0,,,,,,0,0,6.450000000000001,79.75,6.25,75.0,0.0,12,-0.4822058478963526,0.8760579434344281,2020-2021,0
2020-12-02,0.0,0.0,2.9,3.5499999999999994,93.0,3.8499999999999996,7.0,0.0,1.0101600960592547,46.0,0.0,4.266666666666667,17.0,,,,,,0,0,2.0,92.0,4.1,35.0,0.0,12,-0.46706492487743034,0.8842230238742036,2020-2021,0
2020-12-03,0.5,0.6000000000000001,8.3,-2.000000000000001,94.5,4.75,63.5,0.30000000000000004,0.8285373930325202,80.33333333333333,0.5,5.533333333333334,0.0,,,,,,0,3,7.85,93.75,5.225,72.0,0.175,12,-0.451785789832884,0.8921264484954345,2020-2021,0
2020-12-04,2.9000000000000004,0.0,3.5,3.1000000000000005,96.0,3.15,62.5,0.0,0.5755481506089302,67.0,0.0,3.1666666666666665,8.0,,,,,,0,0,3.1500000000000004,94.5,3.2249999999999996,61.75,0.0,12,-0.4363729641045924,0.8997658785476209,2020-2021,0
2020-12-05,0.0,0.0,1.1,1.7999999999999998,78.5,7.0,0.0,0.0,3.3049432209177683,6.666666666666667,0.0,8.0,24.0,,,,,,0,0,1.375,77.5,7.65,5.0,0.0,12,-0.42083100859565564,0.9071390534005044,2020-2021,0
2020-12-06,0.0,0.0,7.2,0.0,72.0,3.3499999999999996,1.5,0.0,4.704396699501641,2.0,0.0,2.2333333333333334,14.0,,,,,,0,0,6.675,73.75,2.625,1.75,0.0,12,-0.4051645224207563,0.9142437912130223,2020-2021,0
2020-12-07,0.0,0.0,3.0,1.8833333333333329,79.0,0.95,96.5,0.0,3.3883445080240384,75.66666666666667,0.1,1.6333333333333335,24.0,,,,,,0,1,7.450000000000001,80.25,1.6,81.75,0.025,12,-0.3893781415452015,0.9210779895789526,2020-2021,0
2020-12-08,1.6,2.4,7.9,1.0166666666666675,97.0,11.5,85.5,1.9,0.44590173279615364,92.66666666666667,1.9,9.266666666666667,0.0,,,,,,0,3,7.425,95.5,10.125,88.25,0.7,12,-0.37347653741307074,0.9276396261490467,2020-2021,0
2020-12-09,0.0,0.0,2.8,2.3999999999999995,89.0,6.6,99.0,0.0,1.6385613115557056,95.0,0.0,4.8999999999999995,17.0,,,,,,0,0,3.8500000000000005,86.25,5.3,96.0,0.0,12,-0.3574644155648614,0.9339267592294762,2020-2021,0
2020-12-10,0.0,0.0,1.9,3.2166666666666663,88.5,9.35,10.5,0.0,1.7019699484247135,38.0,0.0,9.533333333333333,24.0,,,,,,0,0,2.75,85.75,9.45,28.5,0.0,12,-0.34134651424503615,0.9399375283564133,2020-2021,0
2020-12-11,0.1,0.0,4.6,3.666666666666668,97.5,3.9499999999999997,49.0,0.0,0.3600347592839852,65.0,0.0,3.5,8.0,,,,,,0,0,4.325,95.25,3.775,61.75,0.0,12,-0.3251276029999093,0.9456701548465688,2020-2021,1
2020-12-12,0.0,0.0,7.5,-1.166666666666667,94.0,2.95,100.0,0.6,0.9099245876768984,99.66666666666667,0.7,2.966666666666667,0.0,,,,,,0,3,8.350000000000001,94.25,2.875,99.75,0.3,12,-0.30881248126625377,0.9511229423235357,2020-2021,0
2020-12-13,0.5,0.30000000000000004,6.9,0.2666666666666666,84.0,10.100000000000001,70.0,0.3,2.5080824413647584,84.33333333333333,0.9,11.6,0.0,,,,,,0,3,6.3,86.75,10.675,82.0,0.225,12,-0.29240597695107734,0.9562942772197719,2020-2021,0
2020-12-14,0.0,0.1,5.4,-8.881784197001252e-16,94.0,12.25,100.0,1.8,0.8837451250456856,100.0,2.4,9.466666666666667,0.0,,,,,,0,3,4.175,95.75,10.149999999999999,100.0,0.875,12,-0.27591294500296043,0.9611826292540837,2020-2021,0
2020-12-15,4.1,2.1,0.7,0.9500000000000002,93.0,10.1,92.0,0.8999999999999999,0.9998867301362092,90.33333333333333,0.8,9.266666666666666,0.0,,,,,,0,0,0.47500000000000003,92.5,9.45,92.25,0.35,12,-0.2593382659754056,0.9657865518844574,2020-2021,0
2020-12-16,1.4,2.5999999999999996,-1.3,0.7000000000000001,88.5,5.2,98.5,1.2999999999999998,1.665496741900671,93.66666666666667,3.1,5.1000000000000005,0.0,,,,,,0,0,-0.775,88.25,5.375,95.0,0.95,12,-0.2426868445825954,0.9701046827361175,2020-2021,0
2020-12-17,4.1000000000000005,0.8,-1.6,1.1500000000000001,73.0,6.550000000000001,64.0,0.2,4.190849112047983,58.666666666666664,0.4,7.099999999999999,0.0,,,,,,0,0,-2.4,76.75,7.050000000000001,59.25,0.125,12,-0.22596360824801906,0.974135744004672,2020-2021,0
2020-12-18,2.1,1.7,-0.1,0.7166666666666667,89.5,5.0,51.0,0.5,1.540140766210333,68.66666666666667,1.1,4.866666666666667,0.0,,,,,,0,1,1.9000000000000001,90.25,5.0,65.5,0.3,12,-0.20917350564635637,0.9778785428342386,2020-2021,0
2020-12-19,7.2,2.8,2.3,1.3166666666666669,94.5,6.65,100.0,0.9,0.7894448814827011,98.33333333333333,1.1,7.8,0.0,,,,,,0,0,1.65,94.75,7.4750000000000005,98.75,0.4,12,-0.19232150523909483,0.9813319716704275,2020-2021,0
2020-12-20,3.2,1.9000000000000001,0.2,0.18333333333333335,85.5,7.65,62.0,0.8,2.1464132442381256,52.666666666666664,0.7,5.666666666666667,0.0,,,,,,0,0,-0.075,86.75,6.175,58.25,0.3,12,-0.17541259380427843,0.9844950085880858,2020-2021,0
2020-12-21,0.0,0.0,-6.4,2.3166666666666673,83.5,5.9,75.0,0.0,2.3439117127195264,58.0,0.0,6.133333333333333,14.0,,,,,,0,0,-5.0,83.75,6.074999999999999,62.25,0.0,12,-0.15845177496083632,0.9873667175937016,2020-2021,0
2020-12-22,0.2,0.30000000000000004,2.0,-0.30000000000000004,94.0,3.6999999999999997,100.0,3.6,0.8656812972296604,99.66666666666667,2.5999999999999996,3.3333333333333335,0.0,,,,,,0,1,2.325,93.0,3.525,99.75,1.175,12,-0.14144406768794202,0.9899462489023779,2020-2021,0
2020-12-23,5.7,1.3,2.7,-0.01666666666666705,94.0,3.75,100.0,0.6000000000000001,0.870621487321698,79.66666666666667,0.5,4.633333333333334,0.0,,,,,,0,2,2.975,92.25,4.175,84.75,0.17500000000000002,12,-0.12439450483979998,0.9922328391893008,2020-2021,0
2020-12-24,0.0,0.0,-0.9,2.0833333333333335,85.5,9.7,92.0,0.0,2.131510028465751,90.0,0.0,10.933333333333332,15.0,,,,,,0,0,-0.1,83.5,10.6,90.0,0.0,12,-0.10730813165636247,0.9942258118156161,2020-2021,0
2020-12-25,0.7,0.5,2.7,1.4666666666666668,96.0,6.25,99.0,0.7,0.5746139250452105,99.0,1.4,6.066666666666667,0.0,,,,,,0,1,2.9,95.0,6.199999999999999,99.25,0.44999999999999996,12,-0.09019000427034513,0.9959245770286599,2020-2021,0
2020-12-26,1.9,0.30000000000000004,2.0,0.01666666666666705,94.0,5.6,91.5,1.2,0.8653289624672691,92.33333333333333,3.8,4.133333333333333,0.0,,,,,,0,0,1.9,93.75,4.45,90.25,1.125,12,-0.07304518821104743,0.9973286321364752,2020-2021,0
2020-12-27,0.4,0.0,2.4,3.383333333333334,90.5,5.05,99.5,0.30000000000000004,1.4111617815624173,97.66666666666667,0.2,4.6000000000000005,0.0,,,,,,0,2,3.625,88.75,4.725,98.25,0.1,12,-0.05587875690537313,0.9984375616565666,2020-2021,0
2020-12-28,0.0,0.30000000000000004,2.7,-0.2333333333333334,90.5,5.1,100.0,1.9,1.402622087716731,100.0,1.2,5.466666666666666,0.0,,,,,,0,2,3.075,90.25,5.175,100.0,0.5499999999999999,12,-0.03869579017652689,0.9992510374388481,2020-2021,0
2020-12-29,0.0,0.0,0.1,6.033333333333334,95.5,5.75,63.0,0.0,0.6363951921391052,87.33333333333333,0.0,5.266666666666667,14.0,,,,,,0,0,0.6499999999999999,94.0,5.2250000000000005,78.75,0.0,12,-0.021501372740813793,0.999768818762748,2020-2021,1
2020-12-30,0.0,0.7,6.2,-1.4666666666666668,90.0,5.65,100.0,6.8,1.5216696064921047,100.0,11.2,7.833333333333333,0.0,,,,,,0,3,6.574999999999999,92.25,7.425000000000001,100.0,3.625,12,-0.004300592702981974,0.9999907524084426,2020-2021,0
2020-12-31,7.199999999999999,1.7,-2.4,1.2833333333333332,85.5,6.5,61.0,0.6,2.0827810917737155,63.333333333333336,1.0,5.966666666666666,0.0,,,,,,0,0,-3.775,85.5,6.25,60.75,0.32499999999999996,12,0.012901459949419653,0.9999167727021953,2020-2021,0
2021-01-01,2.5,2.4000000000000004,-0.3,0.18333333333333335,90.0,12.95,96.5,0.6,1.4477927134064914,96.0,1.4,11.566666666666668,0.0,,,,,,0,0,0.425,89.75,12.575,95.25,0.425,1,0.017201575418260506,0.9998520419557735,2020-2021,0
2021-01-02,6.9,4.7,0.1,0.3666666666666666,95.0,4.199999999999999,90.0,3.8,0.7078668323950197,99.33333333333333,4.3,7.7,0.0,,,,,,0,0,0.7749999999999999,96.5,6.6,94.75,1.5,1,0.03439806061360801,0.9994082116062598,2020-2021,0
2021-01-03,1.2999999999999998,0.2,-1.2,0.9166666666666666,89.5,6.25,85.5,1.2,1.5201235087097154,86.66666666666667,1.9,5.933333333333334,0.0,,,,,,0,0,0.275,90.25,5.6,88.25,0.525,1,0.051584366869408364,0.9986686402879997,2020-2021,0
2021-01-04,1.2,0.2,1.9,-0.4333333333333331,91.5,5.5,83.0,0.30000000000000004,1.2303276430773076,75.33333333333333,0.4,5.933333333333334,0.0,,,,,,0,0,1.225,89.25,5.475,76.5,0.125,1,0.06875540848113941,0.9976335468520451,2020-2021,0
2021-01-05,0.0,0.1,1.8,0.9666666666666661,94.0,3.45,100.0,2.3,0.8653289624672691,100.0,4.9,3.1999999999999997,0.0,,,,,,0,0,2.1500000000000004,95.25,3.3249999999999997,100.0,1.4,1,0.08590610426133272,0.9963032375991965,2020-2021,0
2021-01-06,2.6,0.30000000000000004,1.7,1.05,89.5,4.05,65.0,0.4,1.530115873482857,69.33333333333333,0.1,4.1,0.0,,,,,,0,0,0.425,89.75,3.975,68.75,0.1,1,0.10303137904317879,0.9946781061893646,2020-2021,0
2021-01-07,2.2,0.1,0.9,1.0333333333333337,86.0,8.899999999999999,98.5,1.1,2.0756664072972213,83.33333333333333,0.6000000000000001,8.566666666666665,0.0,,,,,,0,0,0.7749999999999999,79.25,8.975,87.5,0.325,1,0.1201261651823505,0.9927586335250793,2020-2021,0
2021-01-08,1.1,0.6,-3.3,0.6999999999999997,84.0,9.850000000000001,98.5,1.0,2.310065583194885,99.66666666666667,3.2,10.6,0.0,,,,,,0,0,-3.9250000000000003,85.5,10.675,99.25,0.8999999999999999,1,0.13718540405660057,0.9905453876091833,2020-2021,0
2021-01-09,3.4000000000000004,1.6,-2.8,0.34999999999999964,82.0,13.0,98.0,1.1,2.6356668192875183,98.33333333333333,3.2,11.033333333333333,0.0,,,,,,0,0,-3.4,82.75,11.325000000000001,98.75,0.95,1,0.1542040475626894,0.988039023376751,2020-2021,0
2021-01-10,5.8,2.6,-1.8,0.050000000000000044,83.0,7.199999999999999,85.0,0.30000000000000004,2.496928286598589,53.333333333333336,0.4,5.633333333333333,0.0,,,,,,0,0,-2.9,84.25,6.2749999999999995,61.75,0.125,1,0.17117705961019986,0.985240282501282,2020-2021,0
2021-01-11,8.700000000000001,3.5999999999999996,-0.5,0.35,91.5,5.3,89.5,0.6,1.2113036837018367,99.33333333333333,0.1,4.866666666666667,0.0,,,,,,0,1,-0.925,90.5,5.3,94.25,0.15,1,0.18809941761179758,0.9821499931752291,2020-2021,0
2021-01-12,0.0,0.0,0.5,-0.9666666666666668,79.5,8.15,100.0,0.4,3.147148533699289,100.0,1.2,7.233333333333333,0.0,,,,,,0,0,0.95,82.5,7.525,100.0,0.325,1,0.20496611396949532,0.9787690698649216,2020-2021,0
2021-01-13,2.2,0.1,1.3,0.33333333333333304,87.0,5.6,73.0,0.2,1.9358749921376615,77.66666666666667,0.4,4.766666666666667,0.0,,,,,,0,0,1.825,87.25,4.95,78.5,0.125,1,0.22177215755648186,0.975098513039961,2020-2021,0
2021-01-14,0.0,0.0,2.4,-0.8499999999999999,82.0,4.9,63.0,0.0,2.7818798245388567,60.0,0.0,5.233333333333333,4.0,,,,,,0,0,5.0249999999999995,76.75,4.775,61.75,0.0,1,0.23851257519407648,0.9711394088771653,2020-2021,0
2021-01-15,0.0,0.0,-2.2,5.333333333333333,93.0,6.85,0.0,0.0,0.9770641556004054,0.0,0.0,6.2,17.0,,,,,,0,0,-2.3249999999999997,94.0,6.424999999999999,0.0,0.0,1,0.2551824131233728,0.9668929289391521,2020-2021,1
2021-01-16,0.0,0.0,4.6,-1.7499999999999996,83.0,10.5,96.5,0.2,2.651881013777237,99.33333333333333,2.2,9.966666666666667,0.0,,,,,,0,3,5.425,83.25,10.100000000000001,98.25,0.55,1,0.2717767384711357,0.9623603298276545,2020-2021,0
2021-01-17,0.30000000000000004,0.0,0.2,1.5166666666666668,91.5,3.45,99.5,0.0,1.2187955230458738,99.33333333333333,0.0,3.6999999999999997,10.0,,,,,,0,0,0.275,89.5,3.5500000000000003,99.25,0.0,1,0.2882906407095177,0.9575429528116719,2020-2021,0
2021-01-18,1.2,0.7999999999999999,-1.2,1.4,85.0,4.55,41.5,1.3,2.216943040105028,55.0,0.4,4.9,0.0,,,,,,0,0,-0.2,84.5,4.949999999999999,51.75,0.325,1,0.3047192331091634,0.9524422234305676,2020-2021,0
2021-01-19,4.6,2.4,-0.1,1.0666666666666669,86.0,16.35,94.0,1.0,2.0545295793609957,72.0,1.5,16.666666666666668,0.0,,,,,,0,0,-0.7,85.25,16.650000000000002,79.0,0.525,1,0.321057654185271,0.9470596510722283,2020-2021,0
2021-01-20,0.4,0.0,-2.9,1.0999999999999999,79.0,5.050000000000001,84.0,0.0,3.1177601521197893,62.666666666666664,0.0,5.666666666666667,8.0,,,,,,0,0,-3.6000000000000005,76.75,5.425000000000001,68.5,0.0,1,0.3373010691361842,0.9413968285264122,2020-2021,0
2021-01-21,0.0,0.0,-3.4,-0.6833333333333331,82.5,10.35,0.0,0.0,2.549434381187181,0.0,0.0,8.5,24.0,,,,,,0,0,-3.3,82.25,9.05,0.0,0.0,1,0.3534446712740877,0.9354554315134164,2020-2021,0
2021-01-22,0.0,0.0,3.0,-2.5666666666666664,90.0,5.6,100.0,1.4,1.4812011508420546,100.0,1.7,4.7,0.0,,,,,,0,3,3.175,90.25,5.075,100.0,0.5999999999999999,1,0.3694836834473831,0.9292372181882051,2020-2021,0
2021-01-23,0.0,0.0,6.1,-1.7333333333333325,86.5,5.449999999999999,99.5,0.0,2.0664468970762764,100.0,0.0,6.0,2.0,,,,,,0,0,4.85,86.25,5.7749999999999995,99.75,0.0,1,0.38541335945432564,0.9227440286201427,2020-2021,0
2021-01-24,4.7,1.6,3.2,1.166666666666666,97.0,5.300000000000001,100.0,1.6,0.43127054643430673,100.0,1.4000000000000001,5.3,0.0,,,,,,0,3,3.55,96.5,5.325,100.0,0.575,1,0.4012289854475009,0.9159777842484877,2020-2021,0
2021-01-25,0.1,0.0,1.4,1.583333333333333,99.5,7.9,100.0,0.0,0.06967053670365342,100.0,0.0,8.633333333333333,12.0,,,,,,0,0,1.075,99.75,8.4,100.0,0.0,1,0.4169258813287287,0.908940487313808,2020-2021,0
2021-01-26,0.0,0.0,1.8,-1.5833333333333335,85.0,12.5,80.5,0.0,2.2883873474113594,89.66666666666667,0.0,13.833333333333334,24.0,,,,,,0,0,4.225,78.5,13.2,89.25,0.0,1,0.4324994021339788,0.901634220265486,2020-2021,1
2021-01-27,5.1,2.4,4.9,4.033333333333331,96.5,7.35,100.0,1.2,0.5145645969036456,100.0,1.4000000000000001,6.866666666666667,0.0,,,,,,0,3,5.824999999999999,98.25,7.174999999999999,100.0,0.5,1,0.44794493940789115,0.8940611451454876,2020-2021,0
2021-01-28,0.0,0.0,-0.3,1.416666666666667,94.5,5.25,87.0,0.0,0.7724788127889306,92.66666666666667,0.0,4.233333333333333,18.0,,,,,,0,0,0.2749999999999999,91.25,4.275,91.0,0.0,1,0.4632579225674917,0.88622350294858,2020-2021,0
2021-01-29,0.0,4.0,-0.0,4.516666666666667,87.5,17.0,76.5,1.4,1.8132807044108896,77.0,3.0,16.133333333333333,0.0,,,,,,0,0,-0.975,88.0,16.525,80.5,0.875,1,0.4784338202547012,0.8781236129591848,2020-2021,0
2021-01-30,6.4,2.5,-2.5,1.0,79.5,10.1,100.0,0.2,3.0833930654826123,94.0,0.30000000000000004,9.066666666666666,0.0,,,,,,0,0,-1.4,80.5,9.475,95.5,0.1,1,0.49346814167723735,0.8697638720650646,2020-2021,0
2021-01-31,11.700000000000001,2.2,1.2,-0.016666666666666607,91.0,10.45,90.0,0.8999999999999999,1.306880220460587,70.33333333333333,0.8999999999999999,6.166666666666667,0.0,,,,,,0,0,1.1,91.5,7.625,76.0,0.27499999999999997,1,0.5083564379375122,0.8611467540480452,2020-2021,0
2021-02-01,0.0,0.0,-2.7,1.3166666666666667,71.0,12.85,52.0,0.0,4.563149792337919,65.33333333333333,0.0,13.4,23.0,,,,,,0,0,-1.1,66.75,13.2,66.75,0.0,2,0.5230943033491326,0.8522748088519838,2020-2021,0
2021-02-02,12.6,4.2,4.6,2.2166666666666677,94.0,4.0,100.0,3.9,0.8784129410342176,100.0,4.0,6.733333333333334,0.0,,,,,,0,3,4.55,93.0,6.0,100.0,1.625,2,0.5376773767406141,0.8431506618282,2020-2021,0
2021-02-03,1.9999999999999998,0.0,0.6,0.08333333333333348,87.5,15.45,100.0,1.8,1.8327335629703412,94.33333333333333,2.2,14.066666666666668,0.0,,,,,,0,0,0.22499999999999998,85.0,14.3,95.75,0.775,2,0.5521013427459208,0.8337770129585915,2020-2021,0
2021-02-04,1.6,0.9,-0.8,1.5166666666666668,82.5,5.55,89.0,0.1,2.626220044865394,78.0,0.9,7.900000000000001,0.0,,,,,,0,0,0.475,83.0,7.0,78.0,0.225,2,0.5663619330814524,0.8241566360566663,2020-2021,0
2021-02-05,2.8000000000000003,0.5,0.8,0.21666666666666679,90.0,4.4,99.5,0.2,1.4549197757954508,98.0,0.30000000000000004,2.766666666666667,0.0,,,,,,0,0,1.375,87.5,3.1000000000000005,98.5,0.1,2,0.580454927809098,0.8142923779467267,2020-2021,0
2021-02-06,0.0,0.0,1.7,-0.10000000000000009,88.5,8.4,37.5,0.0,1.6867825010227508,51.666666666666664,0.0,6.333333333333333,21.0,,,,,,0,0,1.45,88.0,7.075,48.5,0.0,2,0.5943761565849831,0.804187157621448,2020-2021,0
2021-02-07,0.9999999999999999,0.3,6.8,-2.2666666666666666,82.0,1.15,32.5,0.0,2.8553122978038243,19.666666666666668,0.0,2.566666666666667,3.0,,,,,,0,0,5.075,86.5,2.3,24.75,0.0,2,0.6081214998935418,0.7938439653781019,2020-2021,0
2021-02-08,0.4,0.0,1.2,0.9999999999999998,96.0,6.1,98.0,0.9,0.5657765410082475,96.33333333333333,0.8999999999999999,6.533333333333334,0.0,,,,,,0,0,0.7,92.75,6.1,96.5,0.35,2,0.6216868902665479,0.7832658619336791,2020-2021,0
2021-02-09,3.4,0.1,-2.9,1.7499999999999998,75.0,9.55,98.0,0.2,3.8350733413309896,89.33333333333333,0.30000000000000004,8.9,0.0,,,,,,0,0,-1.975,76.75,9.1,92.0,0.1,2,0.6350683134867438,0.7724559775191742,2020-2021,0
2021-02-10,0.6,0.1,1.0,-0.3666666666666667,81.0,5.35,92.0,0.0,2.92213028383307,91.66666666666667,0.0,3.5999999999999996,6.0,,,,,,0,0,2.375,82.25,4.35,91.0,0.0,2,0.6482618097757122,0.7614175109532997,2020-2021,0
2021-02-11,1.2,0.7,1.9,1.9333333333333336,79.5,6.550000000000001,49.0,0.2,3.190870053368003,39.666666666666664,0.2,5.3999999999999995,0.0,,,,,,0,2,3.3999999999999995,72.75,5.775,42.25,0.07500000000000001,2,0.6612634749656386,0.7501537286959042,2020-2021,0
2021-02-12,0.0,0.0,-1.4,2.4833333333333334,92.0,4.05,99.5,0.0,1.134533479086288,94.0,0.0,6.2,23.0,,,,,,0,0,-0.07499999999999996,87.75,5.475,95.5,0.0,2,0.6740694616546161,0.7386679638813748,2020-2021,0
2021-02-13,0.0,0.0,5.2,-0.7999999999999998,83.5,11.85,86.5,0.0,2.5806783139957803,78.66666666666667,0.0,11.166666666666666,24.0,,,,,,0,0,6.05,83.25,11.4,81.25,0.0,2,0.6866759803451553,0.726963615332308,2020-2021,0
2021-02-14,0.0,0.0,4.3,1.6166666666666671,91.5,10.6,4.0,0.0,1.2677975062976192,2.3333333333333335,0.0,10.466666666666667,24.0,,,,,,0,0,5.425,90.0,10.525,3.25,0.0,2,0.6990793005655562,0.7150441465537444,2020-2021,0
2021-02-15,0.0,0.6,8.1,0.6500000000000004,86.5,8.649999999999999,100.0,5.699999999999999,2.1005940548348967,100.0,11.5,6.966666666666666,0.0,,,,,,0,3,6.325,88.0,7.649999999999999,100.0,3.4499999999999997,2,0.7112757519738152,0.7029130847082615,2020-2021,0
2021-02-16,10.9,0.6,2.1,4.133333333333333,87.5,18.5,91.0,1.5,1.8560619734617674,93.33333333333333,3.5,16.633333333333333,0.0,,,,,,0,0,1.65,88.75,17.05,94.75,0.925,2,0.7232617254437388,0.6905740195722294,2020-2021,0
2021-02-17,3.2,2.4,0.0,0.8000000000000002,93.0,12.45,100.0,2.2,0.9941564865091708,94.66666666666667,2.2,11.0,0.0,,,,,,0,0,-0.575,90.25,12.05,96.0,0.9,2,0.7350336741329412,0.6780306024735382,2020-2021,0
2021-02-18,6.6,0.8,-3.7,0.6000000000000001,83.5,7.0,89.0,2.5,2.38341608742283,91.66666666666667,2.0999999999999996,6.566666666666666,0.0,,,,,,0,0,-3.625,82.25,6.975,90.75,0.85,2,0.746588114532413,0.6652865452111116,2020-2021,0
2021-02-19,2.5,0.2,-0.8,-0.41666666666666674,83.5,2.5,99.0,0.2,2.4654216318113007,99.33333333333333,0.30000000000000004,3.4333333333333336,0.0,,,,,,0,1,0.45,83.25,3.0250000000000004,99.25,0.1,2,0.7579216274973472,0.6523456189565257,2020-2021,0
2021-02-20,0.0,0.0,-1.5,0.0,83.0,9.95,9.0,0.0,2.5248524805142782,5.666666666666667,0.0,11.266666666666666,21.0,,,,,,0,0,-0.2,80.25,10.875,5.75,0.0,2,0.7690308592589181,0.6392116531380588,2020-2021,0
2021-02-21,3.9,0.8999999999999999,3.6,1.6,86.0,4.800000000000001,10.5,0.0,2.137999671239886,2.6666666666666665,0.0,4.033333333333334,5.0,,,,,,0,0,4.775,84.0,4.325,6.5,0.0,2,0.7799125224167177,0.6258885343075018,2020-2021,0
2021-02-22,0.0,0.0,3.4,1.2499999999999996,86.5,5.949999999999999,0.0,0.0,2.027643995839716,0.0,0.0,5.3,24.0,,,,,,0,0,3.175,85.25,5.5,0.0,0.0,2,0.7905633969115482,0.612380204990065,2020-2021,0
2021-02-23,0.9,3.5,5.5,0.0333333333333341,93.5,9.95,75.0,0.7,0.9584652484658722,62.333333333333336,0.8999999999999999,12.166666666666666,0.0,,,,,,0,3,4.1499999999999995,93.25,11.35,67.5,0.325,2,0.8009803309782905,0.5986906625177214,2020-2021,0
2021-02-24,0.0,0.0,-0.6,1.5,70.0,8.2,56.0,0.0,4.767930526255425,51.333333333333336,0.0,7.2,18.0,,,,,,0,0,-1.225,71.0,7.5,53.0,0.0,2,0.8111602420785621,0.5848239578463322,2020-2021,0
2021-02-25,0.0,0.0,-3.6,4.15,64.5,8.75,33.5,0.0,5.671949594957295,19.0,0.0,6.666666666666667,24.0,,,,,,0,0,-4.15,61.75,7.3500000000000005,16.75,0.0,2,0.8211001178128892,0.5707841943569036,2020-2021,0
2021-02-26,0.0,0.0,4.8,-2.95,63.0,4.25,100.0,0.2,6.386239596749845,100.0,0.30000000000000004,5.366666666666667,0.0,,,,,,0,0,2.525,72.25,4.675,100.0,0.1,2,0.8307970168121247,0.5565755266413303,2020-2021,0
2021-02-27,0.0,0.0,-0.7,0.8833333333333333,73.5,8.5,98.0,0.0,4.106563361534896,98.33333333333333,0.0,8.1,19.0,,,,,,0,0,-1.7750000000000001,71.25,8.325,98.5,0.0,2,0.8402480696078469,0.5422021592729844,2020-2021,0
2021-02-28,0.0,0.0,-1.0,-1.4333333333333336,83.0,9.7,2.0,0.0,2.5248524805142782,1.3333333333333333,0.0,9.1,24.0,,,,,,0,0,0.19999999999999996,82.25,9.2,1.5,0.0,2,0.8494504794814806,0.527668345562516,2020-2021,0
2021-03-01,0.0,0.0,6.0,-2.133333333333333,77.5,17.0,3.5,0.0,3.6627710421970554,7.666666666666667,0.0,17.3,24.0,,,,,,0,0,7.625,77.0,17.3,6.5,0.0,3,0.8584015232918917,0.512978386299228,2020-2021,0
2021-03-02,0.9,0.1,12.2,-0.6999999999999993,86.0,27.35,100.0,3.5,2.285812364215799,99.33333333333333,4.300000000000001,28.333333333333332,0.0,,,,,,0,3,13.35,85.75,28.125,99.5,1.5,3,0.8670985522812081,0.4981366284784055,2020-2021,0
2021-03-03,2.6,0.30000000000000004,0.5,1.3333333333333333,74.5,10.95,53.5,0.0,3.963273922698234,15.0,0.0,9.433333333333334,5.0,,,,,,0,0,-1.1,74.0,10.075,30.0,0.0,3,0.8755389928586302,0.4831474640149687,2020-2021,0
2021-03-04,0.0,0.0,3.1,-2.65,76.0,12.25,63.5,0.0,3.8924264535923703,39.333333333333336,0.0,14.666666666666666,24.0,,,,,,0,0,6.175,75.5,13.850000000000001,50.25,0.0,3,0.8837203473619977,0.4680153284438345,2020-2021,0
2021-03-05,0.0,0.0,8.5,-0.10000000000000142,73.0,15.350000000000001,100.0,0.4,4.558822691302175,99.33333333333333,0.7,14.9,0.0,,,,,,0,3,8.475000000000001,75.25,15.125,99.5,0.2,3,0.8916401947968874,0.45274469960737107,2020-2021,0
2021-03-06,2.2,0.1,6.9,2.166666666666668,96.0,3.5,100.0,0.1,0.5946290968859538,100.0,0.2,3.1999999999999997,1.0,,,,,,0,2,7.925,95.75,3.55,100.0,0.07500000000000001,3,0.8992961915530253,0.4373400963303323,2020-2021,0
2021-03-07,0.0,0.0,-0.2,2.516666666666667,98.5,4.8,100.0,0.0,0.2069483668329104,98.0,0.0,4.766666666666667,21.0,,,,,,0,0,-0.375,95.0,4.7749999999999995,98.5,0.0,3,0.9066860720977985,0.4218060770826634,2020-2021,0
2021-03-08,0.1,0.0,4.1,1.1166666666666671,96.5,3.95,96.0,0.0,0.5055209265681317,95.33333333333333,0.0,4.966666666666666,8.0,,,,,,0,0,3.8499999999999996,93.5,4.45,95.5,0.0,3,0.9138076496466615,0.40614723863057883,2020-2021,0
2021-03-09,0.0,0.0,-2.0,3.333333333333333,93.5,2.95,1.5,0.0,0.9040185862200523,67.33333333333333,0.0,4.833333333333333,24.0,,,,,,0,0,-0.625,88.5,4.2,50.75,0.0,3,0.9206588168102428,0.3903682146763026,2020-2021,1
2021-03-10,0.0,0.0,4.7,1.666666666666666,88.0,5.05,71.0,0.0,1.8372143508761374,40.333333333333336,0.0,4.533333333333333,24.0,,,,,,0,0,6.449999999999999,87.75,4.8,55.25,0.0,3,0.9272375462179537,0.374473674486883,2020-2021,0
2021-03-11,0.0,0.0,-2.3,3.3999999999999995,83.5,6.800000000000001,1.0,0.0,2.4142567607311465,0.0,0.0,6.133333333333333,24.0,,,,,,0,0,-1.15,80.5,6.275,0.5,0.0,3,0.9335418911179212,0.35846832151248087,2020-2021,0
2021-03-12,0.0,0.0,4.0,0.8999999999999995,84.5,13.2,100.0,0.0,2.4274085083227437,100.0,0.0,12.366666666666667,24.0,,,,,,0,0,7.925,82.0,12.5,100.0,0.0,3,0.9395699859530622,0.342356891994542,2020-2021,0
2021-03-13,7.5,1.0,10.2,-2.0666666666666664,82.0,22.7,72.0,12.600000000000001,2.93199380552936,71.66666666666667,2.9000000000000004,11.366666666666667,0.0,,,,,,0,3,10.025,84.0,14.4,78.75,3.2,3,0.945320046913132,0.3261441535642696,2020-2021,0
2021-03-14,4.5,1.6,5.3,1.25,97.5,13.899999999999999,61.5,0.30000000000000004,0.36310016414084245,54.0,0.30000000000000004,13.0,0.0,,,,,,0,2,5.1,93.5,13.425,58.5,0.1,3,0.9507903724625832,0.3098349038318025,2020-2021,0
2021-03-15,0.0,0.0,5.2,-0.4500000000000002,73.0,4.9,41.0,0.0,4.437430589493358,43.666666666666664,0.0,5.033333333333333,23.0,,,,,,0,0,5.45,77.25,4.925000000000001,42.0,0.0,3,0.9559793438440766,0.2934339689665273,2020-2021,0
2021-03-16,0.0,0.0,1.9,2.3000000000000003,57.0,9.8,92.0,0.0,7.862544289276636,94.0,0.0,9.5,24.0,,,,,,0,0,6.85,58.75,9.675,94.5,0.0,3,0.9608854255574977,0.27694620226893646,2020-2021,0
2021-03-17,1.5,0.0,4.8,5.083333333333333,99.5,4.15,100.0,0.0,0.07130708365744987,91.0,0.0,5.3999999999999995,10.0,,,,,,0,0,3.9749999999999996,96.75,4.95,93.25,0.0,3,0.9655071658143364,0.2603764827344581,2020-2021,0
2021-03-18,0.0,0.0,-0.7,2.7333333333333334,87.5,6.3,2.0,0.0,1.8170136387580962,1.3333333333333333,0.0,6.566666666666666,24.0,,,,,,0,0,0.7,83.0,6.45,1.0,0.0,3,0.969843196967294,0.24372971360968387,2020-2021,0
2021-03-19,0.0,0.0,2.0,2.0166666666666666,66.0,6.15,79.0,0.0,5.7029891178871015,79.66666666666667,0.0,3.733333333333333,24.0,,,,,,0,0,3.925,64.0,4.525,83.25,0.0,3,0.9738922359149924,0.22701082094141847,2020-2021,0
2021-03-20,0.0,0.0,4.3,1.416666666666666,92.0,11.15,4.5,0.0,1.1995137472440298,11.0,0.0,12.833333333333334,24.0,,,,,,0,0,7.825,85.25,12.25,9.25,0.0,3,0.9776530844816641,0.2102247521189836,2020-2021,0
2021-03-21,9.6,3.0,13.0,-0.3500000000000014,88.5,21.799999999999997,100.0,0.7,1.8720404447172587,99.33333333333333,0.6,20.766666666666666,0.0,,,,,,0,3,14.575,87.5,21.375,99.5,0.24999999999999997,3,0.981124629771712,0.19337647441020586,2020-2021,0
2021-03-22,3.8000000000000007,2.0,5.1,3.116666666666667,89.5,7.05,62.5,0.30000000000000004,1.5837456779370247,42.0,0.4,8.933333333333332,0.0,,,,,,0,3,5.550000000000001,85.0,8.75,51.0,0.15,3,0.984305844499033,0.17647097349152166,2020-2021,0
2021-03-23,0.2,1.6,2.8,1.5166666666666675,84.5,3.75,80.5,0.0,2.3744879050421597,49.333333333333336,0.0,3.0333333333333337,3.0,,,,,,0,0,4.775,79.25,3.3,58.75,0.0,3,0.9871957872910085,0.15951325197263655,2020-2021,0
2021-03-24,0.0,0.0,2.7,2.4499999999999993,85.0,10.8,0.0,0.0,2.262611517858603,0.0,0.0,10.033333333333333,24.0,,,,,,0,0,5.074999999999999,77.75,10.25,0.0,0.0,3,0.9897936029670716,0.14250832791617088,2020-2021,0
2021-03-25,0.0,0.0,10.4,0.24999999999999822,87.0,9.9,97.5,0.0,2.076040949922744,100.0,0.0,12.0,24.0,,,,,,0,0,11.35,83.75,11.225,98.75,0.0,3,0.992098522791769,0.12546123335273648,2020-2021,0
2021-03-26,0.1,0.0,3.6,5.216666666666667,88.0,3.1,0.5,0.0,1.8035588787969874,4.0,0.0,3.0666666666666664,12.0,,,,,,0,0,6.375,83.25,3.075,3.0,0.0,3,0.9941098647022418,0.10837701279187609,2020-2021,0
2021-03-27,0.0,0.0,0.4,5.033333333333332,94.5,4.699999999999999,60.5,0.0,0.7740715373746221,80.0,0.0,5.8999999999999995,16.0,,,,,,0,0,3.0,82.5,5.625,71.0,0.0,3,0.9958270335100595,0.09126072172931188,2020-2021,0
2021-03-28,0.0,0.0,13.1,-0.18333333333333357,76.0,26.700000000000003,100.0,0.0,4.153071243910064,100.0,0.2,24.633333333333336,3.0,,,,,,0,2,13.825,75.75,25.125000000000004,100.0,0.05,3,0.9972495210773451,0.07411742515094437,2020-2021,0
2021-03-29,13.4,1.0,12.9,1.6833333333333336,99.0,2.85,99.5,0.7,0.15305983777897936,99.66666666666667,0.2,1.5,0.0,,,,,,0,1,12.75,96.25,1.9250000000000003,99.75,0.175,3,0.998376906467142,0.056952196034039754,2020-2021,0
2021-03-30,0.0,0.0,6.6,5.983333333333334,91.0,4.9,89.0,0.0,1.3749660201034404,91.66666666666667,0.0,3.5333333333333337,14.0,,,,,,0,0,10.25,84.25,4.0,90.5,0.0,3,0.9992088560679753,0.03977011384605572,2020-2021,0
2021-03-31,0.0,0.0,3.9,5.6,92.5,5.050000000000001,9.5,0.0,1.1057573020123366,12.0,0.0,5.066666666666666,24.0,,,,,,0,0,5.85,86.0,5.15,10.75,0.0,3,0.9997451236925734,0.022576263041545485,2020-2021,0
2021-04-01,0.0,0.0,2.7,4.9,94.5,5.75,99.0,0.0,0.7939571556187668,97.33333333333333,0.0,4.466666666666667,24.0,,,,,,0,0,5.949999999999999,83.25,4.875,97.75,0.0,4,0.9999855506507186,0.005375731557583884,2020-2021,0
2021-04-02,0.0,0.0,10.1,0.08333333333333393,90.5,7.65,0.0,0.0,1.480990864009378,4.666666666666667,0.0,10.299999999999999,24.0,,,,,,0,0,12.125,84.0,9.6,3.5,0.0,4,0.9999300657962057,-0.011826390691832589,2020-2021,0
2021-04-03,0.0,0.0,11.4,0.8000000000000007,83.0,15.850000000000001,1.0,0.0,2.7983371564198016,1.6666666666666667,0.0,17.833333333333332,24.0,,,,,,0,0,13.2,78.25,17.275,1.5,0.0,4,0.9995786855478958,-0.029025013321975237,2020-2021,0
2021-04-04,0.0,0.0,13.8,0.05000000000000071,80.0,19.05,99.0,0.0,3.4107241443669576,95.66666666666667,0.5,19.76666666666667,24.0,,,,,,0,2,14.850000000000001,80.0,19.15,96.5,0.125,4,0.9989315138848577,-0.046215046983708354,2020-2021,0
2021-04-05,9.200000000000001,1.1,7.9,5.283333333333331,95.0,12.399999999999999,97.0,0.1,0.7496869697409965,98.66666666666667,0.1,14.299999999999999,0.0,,,,,,0,1,7.425,93.0,13.899999999999999,98.5,0.025,4,0.9979887423155984,-0.06339140486951038,2020-2021,0
2021-04-06,0.0,0.0,1.5,2.966666666666667,83.5,2.5,24.5,0.0,2.5487998590476173,47.333333333333336,0.0,2.4666666666666663,24.0,,,,,,0,0,6.425000000000001,78.0,2.625,42.75,0.0,4,0.9967506498213929,-0.08054900421874167,2020-2021,0
2021-04-07,0.30000000000000004,0.2,6.9,2.0500000000000007,98.5,3.85,80.5,0.0,0.21968890221086124,60.0,0.0,5.166666666666667,6.0,,,,,,0,0,7.15,94.0,4.8,61.5,0.0,4,0.9952176027737294,-0.09768276782171598,2020-2021,0
2021-04-08,0.0,0.0,2.5,3.916666666666667,75.5,3.35,93.0,0.0,3.905387069801045,96.0,0.0,3.5666666666666664,24.0,,,,,,0,0,5.5,69.25,3.45,95.25,0.0,4,0.9933900548258936,-0.11478762552212701,2020-2021,0
2021-04-09,0.2,0.0,1.8,6.083333333333334,89.0,5.85,0.0,0.0,1.624002767688761,1.3333333333333333,0.0,5.466666666666666,10.0,,,,,,0,0,4.125,78.75,5.625,1.0,0.0,4,0.9912685467787256,-0.13185851571739118,2020-2021,0
2021-04-10,0.0,0.0,0.3,2.5333333333333337,70.0,6.45,0.0,0.0,4.840470570576043,0.0,0.0,4.5,24.0,,,,,,0,0,2.5,65.75,5.125,0.0,0.0,4,0.9888537064205885,-0.1488903868564548,2020-2021,0
2021-04-11,0.0,0.0,1.2,3.1999999999999993,89.5,7.0,1.0,0.0,1.578659039890939,1.6666666666666667,0.0,6.466666666666666,24.0,,,,,,0,0,7.125,83.0,6.6,1.5,0.0,4,0.986146248341595,-0.16587819893463143,2020-2021,0
2021-04-12,0.0,0.0,7.4,1.7833333333333332,85.0,11.05,84.0,0.0,2.354395756103881,84.66666666666667,0.0,13.566666666666668,24.0,,,,,,0,0,9.55,77.0,12.95,87.75,0.0,4,0.9831469737221499,-0.1828169249850199,2020-2021,0
2021-04-13,0.0,0.0,12.8,0.38333333333333464,71.5,25.6,100.0,0.1,5.005979618921908,99.0,1.2,27.066666666666666,0.0,,,,,,0,3,12.325000000000001,76.0,26.950000000000003,99.25,0.3,4,0.9798567700958665,-0.1997015525660636,2020-2021,0
2021-04-14,4.0,0.8999999999999999,12.9,2.366666666666667,99.5,5.449999999999999,100.0,1.5,0.07630080734818989,99.66666666666667,1.4999999999999998,5.566666666666666,0.0,,,,,,0,3,12.15,98.25,5.25,99.75,0.5750000000000001,4,0.9762766110869321,-0.21652708524481437,2020-2021,0
2021-04-15,0.0,0.0,0.8,4.333333333333334,84.5,5.0,0.0,0.0,2.3183607669510695,0.0,0.0,4.433333333333333,18.0,,,,,,0,0,3.35,69.75,4.425,0.0,0.0,4,0.9724075561219968,-0.23328854407545518,2020-2021,0
2021-04-16,0.0,0.0,9.6,0.18333333333333357,69.5,19.4,65.5,0.0,5.3220724717676005,42.333333333333336,0.0,21.2,24.0,,,,,,0,0,11.299999999999999,65.5,20.599999999999998,54.75,0.0,4,0.9682507501166718,-0.2499809690726521,2020-2021,0
2021-04-17,2.0,1.4,12.1,0.7333333333333343,85.5,24.75,100.0,2.1,2.3604592637139294,100.0,5.7,26.733333333333334,0.0,,,,,,0,3,12.3,86.25,26.175,100.0,1.675,4,0.9638074231367307,-0.26659942067929354,2020-2021,0
2021-04-18,5.699999999999999,3.9000000000000004,6.6,4.733333333333334,97.0,14.05,100.0,0.5,0.44182290556055737,93.0,2.4000000000000004,14.933333333333332,0.0,,,,,,0,3,6.6,94.25,14.174999999999999,94.75,0.625,4,0.9590788900341131,-0.28313898122818354,2020-2021,0
2021-04-19,1.0000000000000002,0.2,4.8,2.45,73.5,5.75,50.5,0.2,4.412578150772502,40.333333333333336,0.1,3.9,0.0,,,,,,0,1,8.025,74.25,4.6,42.5,0.05,4,0.9540665500578387,-0.2995947563972602,2020-2021,0
2021-04-20,0.0,0.0,5.8,2.3666666666666663,78.5,5.65,0.0,0.0,3.4672879980306544,0.0,0.0,4.7,24.0,,,,,,0,0,9.925,71.25,4.875,0.0,0.0,4,0.9487718864399473,-0.31596187665790293,2020-2021,0
2021-04-21,0.0,0.0,8.3,3.333333333333332,95.5,6.2,50.5,0.0,0.6734384071595327,28.333333333333332,0.0,4.966666666666667,24.0,,,,,,0,0,9.425,85.5,5.4750000000000005,35.5,0.0,4,0.9431964659565866,-0.33223549871590435,2020-2021,0
2021-04-22,0.0,0.0,5.9,4.299999999999997,63.5,4.5,9.0,0.0,6.393416429038261,66.0,0.0,5.2,24.0,,,,,,0,0,8.975,59.0,4.925,53.75,0.0,4,0.9373419384643772,-0.3484108069446808,2020-2021,0
2021-04-23,0.0,0.0,5.4,5.050000000000001,80.0,8.45,0.0,0.0,3.1286727379723875,16.333333333333332,0.0,7.099999999999999,24.0,,,,,,0,0,8.225,71.5,6.975,12.25,0.0,4,0.9312100364121947,-0.3644830148102912,2020-2021,0
2021-04-24,0.0,0.0,9.6,3.8500000000000014,88.0,10.8,100.0,0.0,1.902459112800388,93.33333333333333,0.0,10.766666666666666,24.0,,,,,,0,0,12.125,82.5,10.725000000000001,95.0,0.0,4,0.9248025743285089,-0.38044736628785164,2020-2021,0
2021-04-25,0.0,0.0,11.9,1.8000000000000007,97.0,2.85,100.0,0.0,0.46077654196576745,81.33333333333333,0.0,4.3,2.0,,,,,,0,0,12.125,93.75,3.5999999999999996,86.0,0.0,4,0.9181214482844365,-0.39629913726891813,2020-2021,0
2021-04-26,0.0,0.0,3.7,4.216666666666667,69.0,7.45,0.0,0.0,5.1841304338368115,0.3333333333333333,0.0,9.799999999999999,24.0,,,,,,0,0,6.025,65.75,9.075,0.25,0.0,4,0.9111686353326631,-0.41203363695942635,2020-2021,0
2021-04-27,0.0,0.0,1.2,4.25,70.0,9.35,27.0,0.0,4.981171730885674,40.333333333333336,0.0,9.333333333333334,24.0,,,,,,0,0,7.725,64.0,9.25,40.75,0.0,4,0.9039461929224011,-0.42764620926777464,2020-2021,0
2021-04-28,0.0,0.0,12.9,0.25,82.0,11.7,100.0,0.4,2.9956917864584742,100.0,1.0,12.833333333333334,0.0,,,,,,0,3,13.0,83.5,12.524999999999999,100.0,0.3,4,0.8964562582905575,-0.44313223418263453,2020-2021,0
2021-04-29,11.5,3.1999999999999997,13.6,1.0666666666666664,95.0,1.45,100.0,8.0,0.7862665793778323,100.0,11.3,1.9666666666666668,0.0,,,,,,0,3,13.75,94.5,1.85,100.0,3.775,4,0.8887010478292915,-0.45848712914008766,2020-2021,0
2021-04-30,7.7,0.0,10.3,1.4666666666666668,90.0,5.3,57.0,0.0,1.5669960325914012,43.333333333333336,0.2,6.033333333333334,9.0,,,,,,0,1,11.875,87.25,5.25,48.75,0.05,4,0.8806828564301475,-0.47370635037968,2020-2021,0
2021-05-01,0.2,0.0,7.4,4.449999999999999,93.5,9.2,81.0,0.0,0.9880472736358286,87.33333333333333,0.0,9.633333333333333,11.0,,,,,,0,0,10.75,87.75,8.924999999999999,90.5,0.0,5,0.8724040568049612,-0.48878539428899265,2020-2021,0
2021-05-02,5.799999999999999,2.8,9.2,2.7500000000000018,89.0,13.65,53.0,0.30000000000000004,1.7177491804651845,74.66666666666667,0.6000000000000001,13.6,0.0,,,,,,0,3,9.45,87.0,13.65,71.75,0.175,5,0.8638670987837349,-0.503719798736334,2020-2021,0
2021-05-03,0.9,0.4,7.1,0.5666666666666673,87.0,2.2,85.0,0.0,2.0338842610717833,38.666666666666664,0.0,1.4333333333333333,5.0,,,,,,0,0,9.175,82.75,2.075,52.0,0.0,5,0.8550745085896932,-0.518505144391157,2020-2021,0
2021-05-04,0.0,0.0,4.3,7.2,94.5,8.05,33.0,0.0,0.8127873999747637,83.66666666666667,0.0,6.666666666666667,13.0,,,,,,0,0,10.0,79.5,6.8500000000000005,63.5,0.0,5,0.8460288880917339,-0.533137056031809,2020-2021,0
2021-05-05,0.0,0.0,15.7,-0.18333333333333357,78.5,23.6,100.0,0.7,3.717283562211467,100.0,4.5,21.96666666666667,0.0,,,,,,0,3,15.25,82.75,22.625,100.0,1.15,5,0.8367329140344921,-0.5476112038402312,2020-2021,0
2021-05-06,8.100000000000001,0.4,10.4,5.199999999999999,73.0,1.4500000000000002,0.0,0.0,4.707345660115403,0.0,0.0,2.4,6.0,,,,,,0,0,13.5,72.75,2.2,0.0,0.0,5,0.8271893372462497,-0.5619233046832195,2020-2021,0
2021-05-07,0.0,0.0,12.6,1.1000000000000032,73.5,14.25,93.0,0.0,4.673437155781665,97.33333333333333,0.0,15.966666666666667,24.0,,,,,,0,0,15.425,72.0,15.25,96.5,0.0,5,0.8174009818249189,-0.5760691233798758,2020-2021,0
2021-05-08,0.0,0.5,11.6,1.6333333333333346,89.0,3.0999999999999996,45.0,0.2,1.773870845782664,48.666666666666664,0.30000000000000004,2.466666666666667,0.0,,,,,,0,2,15.049999999999999,85.75,2.825,45.75,0.1,5,0.8073707443023492,-0.5900444739548627,2020-2021,0
2021-05-09,0.0,0.0,14.5,1.9666666666666686,88.0,7.6,51.5,0.1,1.9764475662285896,77.33333333333333,3.5,10.666666666666666,0.0,,,,,,0,3,15.725,89.5,9.95,69.25,0.875,5,0.7971015927871943,-0.6038452208771035,2020-2021,0
2021-05-10,0.0,0.0,10.4,2.333333333333334,60.0,2.25,28.5,0.0,7.440847369228104,42.0,0.0,2.433333333333333,19.0,,,,,,0,0,12.825,56.0,2.35,31.5,0.0,5,0.7865965660866021,-0.6174672802835514,2020-2021,0
2021-05-11,3.7,0.1,11.4,1.1666666666666643,94.0,3.5999999999999996,98.5,0.1,0.9273459541577278,97.33333333333333,0.30000000000000004,3.6666666666666665,0.0,,,,,,0,3,11.4,91.5,3.7749999999999995,97.25,0.07500000000000001,5,0.7758587728069828,-0.6309066211876704,2020-2021,0
2021-05-12,0.0,0.0,8.7,2.8000000000000007,76.0,7.85,99.0,0.0,4.0763901840318315,99.0,0.0,8.266666666666667,21.0,,,,,,0,0,13.825,75.0,8.125,99.0,0.0,5,0.7648913904341226,-0.6441592666722685,2020-2021,0
2021-05-13,0.0,0.0,16.5,-1.0666666666666682,64.0,12.649999999999999,69.5,0.0,6.838467033613529,57.333333333333336,0.0,10.0,24.0,,,,,,0,0,17.85,65.0,10.774999999999999,62.5,0.0,5,0.753697664392914,-0.6572212950663319,2020-2021,0
2021-05-14,0.0,0.0,16.3,1.4166666666666679,82.0,2.1,5.0,0.0,3.0824617101964673,3.0,0.0,1.9000000000000001,15.0,,,,,,0,0,18.25,77.5,2.225,3.5,0.0,5,0.742280907086982,-0.6700888411055113,2020-2021,0
2021-05-15,0.0,0.0,15.4,2.0666666666666647,92.0,12.15,89.0,0.0,1.3066245837195805,74.0,0.0,15.133333333333333,24.0,,,,,,0,0,18.85,85.75,14.225,79.25,0.0,5,0.7306444969184916,-0.6827580970759147,2020-2021,0
2021-05-16,0.0,0.6000000000000001,16.8,2.766666666666662,87.0,26.450000000000003,100.0,7.1,2.1574861358417685,100.0,16.6,25.533333333333335,0.0,,,,,,0,3,15.75,87.5,25.85,100.0,4.625,5,0.7187918772884232,-0.6952253139408722,2020-2021,0
2021-05-17,0.8,0.4,19.3,0.08333333333333215,91.5,7.1,100.0,13.6,1.4221864944119353,100.0,11.8,7.8,0.0,,,,,,0,3,19.95,92.0,7.749999999999999,100.0,4.4,5,0.7067265555776158,-0.7074868024503348,2020-2021,0
2021-05-18,7.1,0.6,16.5,1.9666666666666686,98.0,2.7,90.5,0.0,0.31694081654476136,94.66666666666667,0.1,3.6666666666666665,4.0,,,,,,0,1,16.950000000000003,93.75,3.3,95.25,0.025,5,0.6944521021088763,-0.719538934232584,2020-2021,0
2021-05-19,2.2,0.0,16.7,1.3500000000000014,95.5,5.550000000000001,97.5,0.0,0.7273331349644963,100.0,0.0,4.8,8.0,,,,,,0,0,18.075000000000003,94.75,4.825,98.75,0.0,5,0.6819721490904629,-0.7313781428679254,2020-2021,0
2021-05-20,0.1,0.0,10.6,5.749999999999998,98.0,7.6,94.0,0.0,0.3041289085289307,100.0,0.0,7.433333333333334,10.0,,,,,,0,0,14.45,91.75,7.3500000000000005,97.0,0.0,5,0.6692903895412567,-0.7430009249440493,2020-2021,0
2021-05-21,22.200000000000003,4.5,20.2,-0.41666666666666785,90.5,9.65,100.0,16.8,1.6159037457712486,97.66666666666667,6.9,10.699999999999998,0.0,,,,,,0,3,21.325000000000003,90.75,10.375,98.25,4.675,5,0.6564105761979381,-0.7544038410927472,2020-2021,0
2021-05-22,1.3,0.30000000000000004,13.6,2.283333333333333,90.5,5.85,76.5,1.0,1.5375849043256107,98.33333333333333,2.8,8.0,0.0,,,,,,0,3,14.8,92.75,7.55,88.25,0.725,5,0.6433365204044917,-0.765583517007675,2020-2021,0
2021-05-23,0.30000000000000004,0.4,14.3,0.1999999999999993,98.0,7.95,100.0,1.1,0.31243874276907135,83.0,1.4000000000000001,7.3999999999999995,0.0,,,,,,0,3,14.875,97.0,7.625,87.25,0.45,5,0.6300720909843687,-0.7765366444428655,2020-2021,0
2021-05-24,0.0,0.0,13.5,2.216666666666667,81.0,6.75,86.0,0.0,3.2419019587793656,86.33333333333333,0.0,7.166666666666667,21.0,,,,,,0,0,18.5,76.25,6.8999999999999995,84.5,0.0,5,0.6166212130956382,-0.7872599821916922,2020-2021,0
2021-05-25,1.7,0.0,15.4,1.3166666666666682,98.5,8.95,100.0,0.8,0.23498790879104092,77.0,1.0,8.566666666666666,0.0,,,,,,0,3,15.725,93.75,8.6,82.75,0.325,5,0.6029878670694714,-0.7977503570459932,2020-2021,0
2021-05-26,2.7,0.0,10.8,5.533333333333331,82.5,5.65,98.0,0.0,2.8936869486028627,99.0,0.0,5.866666666666667,7.0,,,,,,0,0,13.350000000000001,78.0,6.199999999999999,99.0,0.0,5,0.5891760872322963,-0.8080046647350754,2020-2021,0
2021-05-27,0.0,0.0,13.7,1.0666666666666682,78.0,12.899999999999999,100.0,0.4,3.77011932760467,100.0,2.4,15.566666666666668,0.0,,,,,,0,3,13.55,80.25,15.1,100.0,0.65,5,0.5751899607119775,-0.8180198708443175,2020-2021,0
2021-05-28,4.0,1.9,15.2,1.1333333333333329,90.5,1.3499999999999999,93.5,0.1,1.5608775201747669,65.0,0.8,2.8666666666666667,1.0,,,,,,0,2,17.05,89.75,2.7249999999999996,73.75,0.225,5,0.5610336262283677,-0.8277930117131022,2020-2021,0
2021-05-29,0.0,0.0,16.7,1.7000000000000028,89.5,6.95,33.0,0.1,1.743459455282247,39.0,2.7,8.6,1.0,,,,,,0,2,17.65,88.5,8.2,36.25,0.7000000000000001,5,0.5467112728685939,-0.8373211953118121,2020-2021,0
2021-05-30,0.0,0.0,13.1,2.616666666666667,84.0,3.5999999999999996,8.0,0.0,2.645939228690109,5.333333333333333,0.0,1.9333333333333333,14.0,,,,,,0,0,14.774999999999999,79.5,2.525,6.25,0.0,5,0.5322271388474397,-0.8466016020976267,2020-2021,0
2021-05-31,0.0,0.0,10.2,3.716666666666665,83.5,6.3,0.0,0.0,2.6911630949712126,0.0,0.0,4.566666666666666,24.0,,,,,,0,0,14.375,75.5,4.5249999999999995,0.0,0.0,5,0.5175855102531889,-0.8556314858488706,2020-2021,0
2021-06-01,0.0,0.0,13.7,3.5833333333333357,79.0,4.949999999999999,0.0,0.0,3.5725965202412375,0.0,0.0,2.9,16.0,,,,,,0,0,16.15,66.0,3.375,0.0,0.0,6,0.5027907197793043,-0.8644081744776648,2020-2021,0
2021-06-02,0.0,0.0,17.7,0.8999999999999986,84.5,12.75,99.0,0.0,2.6529454782495208,99.66666666666667,0.0,13.433333333333332,24.0,,,,,,0,0,19.2,80.5,13.174999999999999,99.25,0.0,6,0.4878471454423119,-0.8729290708206411,2020-2021,0
2021-06-03,0.0,0.0,15.8,3.7166666666666686,86.5,9.1,5.0,0.0,2.2598561260607593,60.333333333333336,0.0,13.466666666666667,24.0,,,,,,0,0,18.675,78.5,11.975,45.5,0.0,6,0.47275920928627757,-0.881191653407483,2020-2021,0
2021-06-04,0.4,1.3,19.8,-0.7333333333333343,87.5,30.9,100.0,5.6,2.142550210059145,100.0,8.4,32.63333333333333,0.0,,,,,,0,3,20.400000000000002,87.75,31.924999999999997,100.0,2.775,6,0.4575313760742512,-0.8891934772070711,2020-2021,0
2021-06-05,0.2,0.0,12.6,3.1166666666666636,88.5,3.95,99.5,0.0,1.86262237494957,99.33333333333333,0.0,3.6666666666666665,11.0,,,,,,0,0,15.15,81.5,3.6500000000000004,99.25,0.0,6,0.44216815196707204,-0.8969321743510065,2020-2021,0
2021-06-06,0.0,0.0,16.3,2.466666666666665,85.5,9.8,100.0,0.0,2.4337354614666857,100.0,0.0,9.633333333333333,24.0,,,,,,0,0,17.299999999999997,83.0,9.7,100.0,0.0,6,0.42667408318992467,-0.9044054548343001,2020-2021,0
2021-06-07,0.0,0.0,17.3,2.150000000000002,88.5,6.9,97.5,0.0,1.9224232981831335,33.666666666666664,0.0,3.6333333333333333,24.0,,,,,,0,0,20.05,80.25,4.65,49.25,0.0,6,0.4110537546870351,-0.9116111071930239,2020-2021,0
2021-06-08,0.0,0.0,14.3,6.650000000000002,81.5,6.45,27.0,0.0,3.1544389778877218,71.0,0.0,3.4000000000000004,24.0,,,,,,0,0,19.25,71.5,4.55,56.5,0.0,6,0.3953117887649151,-0.9185469991587165,2020-2021,0
2021-06-09,0.0,0.0,13.8,4.300000000000001,87.5,4.15,0.0,0.0,2.0582754394512115,1.0,0.0,3.7000000000000006,24.0,,,,,,0,0,16.85,82.75,3.8,0.75,0.0,6,0.37945284372454435,-0.925211078289358,2020-2021,0
2021-06-10,0.0,0.0,15.9,4.083333333333334,83.5,10.5,0.0,0.0,2.805013353338216,0.0,0.0,9.066666666666666,24.0,,,,,,0,0,19.55,75.75,9.425,0.0,0.0,6,0.36348161248290634,-0.9316013725767187,2020-2021,0
2021-06-11,0.0,0.0,17.3,3.0333333333333314,84.0,9.25,100.0,0.0,2.762208239061092,99.0,0.0,12.1,24.0,,,,,,0,0,20.400000000000002,78.5,11.7,99.25,0.0,6,0.3474028211842774,-0.9377159910299093,2020-2021,0
2021-06-12,0.0,0.0,19.4,1.3999999999999986,80.5,15.600000000000001,83.5,0.0,3.4380475586741124,92.33333333333333,0.0,16.366666666666667,24.0,,,,,,0,0,20.2,76.5,16.05,88.0,0.0,6,0.3312212278016865,-0.9435531242349544,2020-2021,0
2021-06-13,0.0,0.0,19.3,1.9499999999999993,90.0,8.05,100.0,1.5,1.6774547693188744,99.66666666666667,2.5,10.066666666666666,0.0,,,,,,0,3,19.5,89.75,9.15,99.75,0.875,6,0.31494162072895193,-0.9491110448902284,2020-2021,0
2021-06-14,0.1,0.0,18.0,2.166666666666668,93.0,4.25,97.5,0.2,1.153746930835748,98.33333333333333,0.4,2.1666666666666665,0.0,,,,,,0,3,19.475,90.5,2.775,98.0,0.125,6,0.2985688173637202,-0.9543881083175908,2020-2021,0
2021-06-15,0.0,0.0,16.9,3.0500000000000007,93.5,8.0,22.0,0.0,1.068442000509311,15.333333333333334,0.0,5.6000000000000005,13.0,,,,,,0,0,20.425,87.25,6.1000000000000005,17.5,0.0,6,0.2821076626819194,-0.9593827529490743,2020-2021,0
2021-06-16,1.5000000000000002,0.1,19.2,1.2666666666666657,91.0,8.850000000000001,100.0,0.6000000000000001,1.506543935811699,99.66666666666667,0.6000000000000001,8.799999999999999,0.0,,,,,,0,2,20.1,89.25,8.925,99.75,0.2,6,0.26556302780405594,-0.9640935007889755,2020-2021,0
2021-06-17,3.9000000000000004,0.1,17.7,2.3166666666666664,92.5,4.35,15.0,0.0,1.235267803741607,24.0,0.0,4.033333333333333,6.0,,,,,,0,0,19.525,89.0,3.8,22.25,0.0,6,0.24893980855376657,-0.9685189578512204,2020-2021,0
2021-06-18,0.0,0.0,17.2,0.8666666666666671,90.0,8.95,97.0,0.0,1.669168043392915,94.66666666666667,0.0,9.533333333333333,14.0,,,,,,0,0,19.924999999999997,83.5,9.399999999999999,95.75,0.0,6,0.23224292400907015,-0.9726578145718654,2020-2021,0
2021-06-19,3.4,7.9,19.7,1.06666666666667,90.0,10.7,100.0,9.7,1.6883220187601289,100.0,16.0,13.266666666666666,0.0,,,,,,0,3,19.824999999999996,89.5,12.45,100.0,5.075,6,0.21547731504673012,-0.976508846196619,2020-2021,0
2021-06-20,7.4,0.0,18.4,1.0833333333333357,99.5,6.65,100.0,0.2,0.08023352741180645,93.33333333333333,0.1,5.366666666666667,0.0,,,,,,0,1,19.275000000000002,95.5,5.525,95.0,0.05,6,0.19864794288017112,-0.9800709131432666,2020-2021,0
2021-06-21,0.0,0.0,14.0,2.8166666666666664,86.0,5.95,40.0,0.0,2.317931604278961,46.0,0.0,4.133333333333334,16.0,,,,,,0,0,18.2,75.75,4.45,47.75,0.0,6,0.18175978759137534,-0.9833429613388902,2020-2021,0
2021-06-22,0.0,0.0,17.7,3.0,91.5,5.85,82.0,0.0,1.4108661958716766,97.66666666666667,0.0,3.6,24.0,,,,,,0,0,19.725,86.75,4.225,90.25,0.0,6,0.16481784665719793,-0.9863240225317866,2020-2021,0
2021-06-23,0.4,0.0,17.9,1.3666666666666671,96.0,1.5499999999999998,88.0,0.0,0.6467813713946349,81.33333333333333,0.0,2.4,4.0,,,,,,0,0,18.674999999999997,90.75,1.9999999999999998,81.75,0.0,6,0.14782713347053048,-0.9890132145779883,2020-2021,0
2021-06-24,0.0,0.0,15.8,2.5833333333333357,95.5,5.5,25.5,0.0,0.7212118280250515,6.333333333333333,0.0,2.766666666666667,3.0,,,,,,0,0,18.375,88.25,3.5999999999999996,15.25,0.0,6,0.13079267585675922,-0.9914097417023038,2020-2021,0
2021-06-25,0.4,0.0,18.4,1.966666666666665,91.0,7.7,97.5,0.0,1.5071166125033457,99.0,0.3,8.200000000000001,8.0,,,,,,0,1,20.5,87.0,8.0,98.5,0.075,6,0.11371951458594969,-0.9935128947338007,2020-2021,0
2021-06-26,4.800000000000001,0.0,18.8,2.1499999999999986,94.0,9.7,60.0,0.0,0.9907470435131316,68.66666666666667,0.0,9.533333333333333,7.0,,,,,,0,0,21.025000000000002,88.25,9.424999999999999,57.75,0.0,6,0.0966127018812031,-0.9953220513156602,2020-2021,0
2021-06-27,0.5,0.0,18.7,2.8333333333333357,89.0,7.199999999999999,100.0,0.0,1.8646798484112566,100.0,0.30000000000000004,5.3,9.0,,,,,,0,2,20.325000000000003,88.0,5.875,100.0,0.07500000000000001,6,0.07947729992362097,-0.9968366760893436,2020-2021,0
2021-06-28,0.4,0.0,17.2,4.0,93.5,4.949999999999999,81.0,0.0,1.0651823771199211,98.66666666666667,0.0,3.3666666666666667,11.0,,,,,,0,0,20.275,85.5,3.7249999999999996,89.75,0.0,6,0.062318379354325076,-0.998056320853012,2020-2021,0
2021-06-29,0.30000000000000004,0.8999999999999999,19.9,2.1999999999999993,91.5,2.75,100.0,0.0,1.4259699246219846,98.66666666666667,0.2,4.666666666666667,3.0,,,,,,0,1,20.325,90.75,4.125,99.0,0.05,6,0.04514101777397193,-0.9989806246941579,2020-2021,0
2021-06-30,0.0,0.0,17.6,2.9833333333333307,94.0,6.65,92.0,0.0,0.9790982989342325,94.66666666666667,0.0,5.333333333333333,14.0,,,,,,0,0,20.4,86.75,5.55,94.0,0.0,6,0.02795029824021032,-0.999609314096404,2020-2021,0
2021-07-01,0.6,1.4,20.8,2.3999999999999986,89.0,10.75,100.0,2.0,1.878850216264567,97.33333333333333,3.3,8.200000000000001,0.0,,,,,,0,3,20.825000000000003,90.5,9.8,98.0,1.0,7,0.01075130776352193,-0.9999422030204416,2020-2021,0
2021-07-02,0.1,0.0,22.8,0.6000000000000014,86.0,6.15,71.5,0.2,2.4716809505662987,47.333333333333336,0.1,6.466666666666666,0.0,,,,,,0,1,24.325,82.75,6.25,56.0,0.05,7,-0.00645086419810515,-0.9999791929590823,2020-2021,0
2021-07-03,28.5,0.6000000000000001,22.7,1.3000000000000007,99.0,1.25,100.0,0.0,0.16533435429658994,97.66666666666667,0.2,4.1000000000000005,2.0,,,,,,0,1,23.25,94.75,3.3499999999999996,98.25,0.05,7,-0.023651127245231586,-0.9997202729664083,2020-2021,0
2021-07-04,0.2,2.1,22.7,0.9833333333333378,92.5,9.0,100.0,0.1,1.2805040747321534,100.0,4.2,10.4,1.0,,,,,,0,2,23.349999999999998,92.25,9.8,100.0,1.075,7,-0.04084439154329611,-0.9991655196610109,2020-2021,0
2021-07-05,4.9,0.4,23.8,0.6666666666666643,89.5,7.0,100.0,7.6,1.8388301720934663,100.0,11.2,11.766666666666666,0.0,,,,,,0,3,23.925,93.0,10.75,100.0,3.4999999999999996,7,-0.05802556932878035,-0.9983150972033183,2020-2021,0
2021-07-06,12.3,4.8,22.5,0.8666666666666636,97.0,2.25,100.0,4.300000000000001,0.5000639107848386,98.33333333333333,6.2,1.6666666666666667,0.0,,,,,,0,3,22.799999999999997,95.75,1.9249999999999998,98.75,2.075,7,-0.07518957641475855,-0.9971692572470178,2020-2021,0
2021-07-07,4.6,15.399999999999999,21.9,2.4333333333333336,97.5,3.1,100.0,4.0,0.4139111257336445,100.0,11.2,6.833333333333333,0.0,,,,,,0,3,22.15,96.25,5.575,100.0,3.0,7,-0.09233133369539122,-0.9957283388645872,2020-2021,0
2021-07-08,5.199999999999999,0.2,21.3,1.1500000000000021,95.0,6.1,100.0,0.2,0.8350239651617528,99.0,0.6,5.966666666666666,0.0,,,,,,0,2,22.925,92.5,5.675000000000001,99.25,0.175,7,-0.10944576864891556,-0.993992768446958,2020-2021,0
2021-07-09,28.1,2.5,22.9,0.850000000000005,94.5,3.1500000000000004,98.0,1.0,0.9349335471514912,99.0,1.5,3.6,0.0,,,,,,0,3,24.0,93.75,3.4750000000000005,98.75,0.44999999999999996,7,-0.12652781683868314,-0.9919630595773397,2020-2021,0
2021-07-10,11.100000000000001,6.5,22.5,0.9333333333333336,94.5,1.4500000000000002,94.0,3.2,0.9293394865306475,71.0,1.2000000000000002,2.433333333333333,0.0,,,,,,0,3,23.55,91.75,2.275,77.0,0.8500000000000001,7,-0.1435724234118113,-0.9896398128792412,2020-2021,0
2021-07-11,1.7000000000000002,1.5,21.0,2.349999999999998,96.0,5.5,89.0,0.0,0.6654884014810811,68.66666666666667,0.2,4.466666666666667,2.0,,,,,,0,1,23.35,91.0,4.475,75.75,0.05,7,-0.16057454459499376,-0.9870237158387383,2020-2021,0
2021-07-12,0.5,0.0,20.2,2.366666666666667,96.5,8.15,82.5,0.7999999999999999,0.5768274156606346,88.33333333333333,2.9000000000000004,4.933333333333334,0.0,,,,,,0,2,22.099999999999998,94.0,5.675,90.75,0.75,7,-0.17752914918703497,-0.984115542601034,2020-2021,0
2021-07-13,1.2000000000000002,0.0,20.0,2.6999999999999993,97.5,3.4000000000000004,16.0,0.0,0.41157195813420344,18.666666666666668,0.0,2.5,10.0,,,,,,0,0,22.275,93.75,2.475,18.25,0.0,7,-0.19443122004766195,-0.9809161537413774,2020-2021,0
2021-07-14,0.0,0.0,18.5,4.766666666666666,92.5,7.5,91.5,0.0,1.2570705862367184,77.66666666666667,0.0,4.366666666666667,13.0,,,,,,0,0,22.775,86.0,5.275,80.75,0.0,7,-0.2112757555821793,-0.9774264960104055,2020-2021,0
2021-07-15,0.1,0.0,22.6,1.0166666666666622,89.5,7.25,98.0,0.5,1.8176458464653606,73.66666666666667,0.3,9.166666666666666,0.0,,,,,,0,1,23.650000000000002,87.25,8.25,80.25,0.125,7,-0.2280577712215198,-0.9736476020539838,2020-2021,0
2021-07-16,0.0,0.0,22.2,1.8500000000000014,86.5,7.6,86.0,0.0,2.3580044133745197,64.33333333333333,0.0,7.266666666666667,14.0,,,,,,0,0,23.799999999999997,81.5,7.2749999999999995,68.75,0.0,7,-0.24477230089725957,-0.9695805901076308,2020-2021,0
2021-07-17,0.0,0.0,21.0,3.2333333333333343,94.0,9.4,1.5,0.0,1.0043607366888878,1.0,0.0,7.900000000000001,24.0,,,,,,0,0,23.275,87.0,8.15,1.25,0.0,7,-0.2614143985111562,-0.965226663665613,2020-2021,0
2021-07-18,0.0,0.0,21.7,2.8666666666666636,93.0,8.75,2.0,0.0,1.1847631241999999,0.0,0.0,8.7,24.0,,,,,,0,0,23.975,85.0,8.625,1.0,0.0,7,-0.2779791393987801,-0.9605871111248129,2020-2021,0
2021-07-19,0.0,0.0,22.9,2.81666666666667,92.5,8.45,12.0,0.0,1.2814651181380547,45.666666666666664,0.0,6.5,14.0,,,,,,0,0,24.85,85.5,6.874999999999999,36.5,0.0,7,-0.2944616217868012,-0.9556633054034704,2020-2021,0
2021-07-20,0.0,0.0,22.5,4.099999999999998,91.5,4.75,44.5,0.0,1.4613404662317606,42.0,0.0,3.1,13.0,,,,,,0,0,25.15,82.5,3.5999999999999996,40.25,0.0,7,-0.3108569682435036,-0.9504567035349151,2020-2021,0
2021-07-21,0.0,0.0,22.5,3.833333333333332,91.0,9.05,8.0,0.0,1.54457266574423,5.666666666666667,0.0,5.466666666666668,13.0,,,,,,0,0,24.900000000000002,83.75,6.300000000000001,6.75,0.0,7,-0.3271603271220951,-0.9449688462364056,2020-2021,0
2021-07-22,0.0,0.0,22.6,3.9333333333333336,84.0,9.2,25.5,0.0,2.845706851322607,24.333333333333332,0.0,6.633333333333334,14.0,,,,,,0,0,24.875,79.0,7.2,24.25,0.0,7,-0.34336687399638804,-0.939201357453208,2020-2021,0
2021-07-23,0.0,0.0,22.5,3.0500000000000007,88.0,9.4,27.0,0.0,2.0931912112599207,28.666666666666668,0.0,5.733333333333333,14.0,,,,,,0,0,24.825000000000003,82.5,6.65,29.0,0.0,7,-0.3594718130884232,-0.9331559438780432,2020-2021,0
2021-07-24,0.30000000000000004,0.0,23.5,2.333333333333332,87.5,9.05,10.5,0.0,2.1988438166746214,10.333333333333334,0.0,8.2,9.0,,,,,,0,0,25.1,82.0,8.375,10.25,0.0,7,-0.3754703786876202,-0.9268343944460494,2020-2021,0
2021-07-25,0.0,0.0,23.2,2.866666666666667,84.5,8.75,18.5,0.0,2.759114243917434,21.0,0.0,5.5,13.0,,,,,,0,0,24.9,79.5,6.5,18.75,0.0,7,-0.3913578365610259,-0.9202385798054075,2020-2021,0
2021-07-26,0.1,0.0,22.3,3.616666666666667,84.0,6.0,32.5,0.0,2.8467716789299544,34.0,0.0,4.1000000000000005,12.0,,,,,,0,0,24.900000000000002,75.0,4.6,34.75,0.0,7,-0.4071294853542516,-0.9133704517637858,2020-2021,0
2021-07-27,0.0,0.0,23.4,1.8833333333333329,99.5,8.5,100.0,0.0,0.08320110206686948,92.33333333333333,0.0,10.233333333333333,24.0,,,,,,0,0,24.65,91.75,9.649999999999999,94.25,0.0,7,-0.4227806579826773,-0.9062320427107697,2020-2021,0
2021-07-28,2.2,0.0,22.1,1.7666666666666622,94.5,3.5999999999999996,86.0,0.0,0.9293394865306475,85.33333333333333,0.0,2.6,11.0,,,,,,0,0,23.575,89.5,2.925,84.75,0.0,7,-0.4383067230125192,-0.898825465016444,2020-2021,0
2021-07-29,0.6,0.1,22.6,1.4166666666666643,96.5,2.7,96.0,2.8,0.5878067680683188,82.66666666666667,3.5,1.9333333333333333,0.0,,,,,,0,3,23.525000000000002,94.5,2.075,87.0,1.05,7,-0.45370308603134424,-0.8911529104063088,2020-2021,0
2021-07-30,0.0,0.1,22.4,2.6833333333333336,93.5,6.55,28.5,0.2,1.1017249897751533,40.333333333333336,0.1,4.733333333333333,1.0,,,,,,0,1,24.025,88.5,5.075,36.5,0.07500000000000001,7,-0.46896519100763184,-0.8832166493127127,2020-2021,0
2021-07-31,0.0,0.0,23.2,1.9333333333333371,91.0,5.15,29.0,0.0,1.5567715387528018,22.0,0.0,3.5666666666666664,20.0,,,,,,0,0,25.075,85.0,3.8500000000000005,24.75,0.0,7,-0.48408852163897587,-0.8750190302029955,2020-2021,0
2021-08-01,0.0,0.0,23.7,1.8000000000000043,89.0,7.4,77.5,0.0,1.9274277884526931,68.33333333333333,0.0,6.533333333333334,21.0,,,,,,0,0,25.6,82.5,6.65,68.75,0.0,8,-0.4990686026885319,-0.8665624788845385,2020-2021,0
2021-08-02,0.0,0.0,24.0,2.3166666666666664,86.0,9.85,11.0,0.0,2.502273720866384,6.333333333333333,0.0,11.833333333333334,15.0,,,,,,0,0,26.075,80.0,11.15,7.25,0.0,8,-0.5139010013093103,-0.8578494977869301,2020-2021,0
2021-08-03,0.1,0.2,24.0,2.6166666666666636,93.5,5.85,89.0,2.4,1.112516193376841,97.0,4.8,6.8,0.0,,,,,,0,3,24.45,93.75,6.175000000000001,93.5,1.375,8,-0.5285813283559292,-0.8488826652214553,2020-2021,0
2021-08-04,0.5,0.0,25.3,1.0666666666666629,86.0,9.100000000000001,24.5,0.0,2.5097182214166303,33.0,0.0,8.799999999999999,9.0,,,,,,0,0,26.6,80.0,8.825000000000001,30.75,0.0,8,-0.5431052396834317,-0.8396646346181327,2020-2021,0
2021-08-05,0.0,0.0,24.0,3.5,91.0,4.449999999999999,17.5,0.0,1.5637637406799314,7.333333333333333,0.0,2.933333333333333,15.0,,,,,,0,0,26.375,82.75,3.2749999999999995,10.25,0.0,8,-0.5574684374327892,-0.8301981337405212,2020-2021,0
2021-08-06,0.0,0.0,24.5,3.7666666666666657,88.0,8.85,32.5,0.0,2.1175695901006293,34.666666666666664,0.0,6.266666666666667,15.0,,,,,,0,0,26.574999999999996,81.0,6.875,29.75,0.0,8,-0.5716666713027052,-0.8204859638785327,2020-2021,0
2021-08-07,0.0,0.0,24.3,3.299999999999997,93.0,7.550000000000001,13.0,0.0,1.2031199360756482,12.0,0.0,4.8,17.0,,,,,,0,0,26.199999999999996,83.25,5.4,12.0,0.0,8,-0.5856957398073508,-0.8105309990194823,2020-2021,0
2021-08-08,0.0,0.0,24.4,2.0166666666666693,96.0,7.65,4.0,0.0,0.6808996159732104,49.333333333333336,0.1,9.433333333333334,15.0,,,,,,0,1,25.700000000000003,92.75,8.925,38.0,0.025,8,-0.5995514915196489,-0.8003361849976323,2020-2021,0
2021-08-09,0.0,0.0,26.4,0.966666666666665,89.0,22.3,94.0,1.9,1.9497776997382061,69.66666666666667,1.3,21.933333333333334,0.0,,,,,,0,3,26.624999999999996,85.5,22.075,77.25,0.6249999999999999,8,-0.6132298262997502,-0.7899045386224707,2020-2021,0
2021-08-10,35.900000000000006,9.5,23.1,0.41666666666666785,99.0,19.15,100.0,8.5,0.16658157740279123,100.0,15.500000000000002,19.133333333333333,0.0,,,,,,0,3,23.675,98.0,19.4,100.0,4.9,8,-0.6267266965083301,-0.7792391467859886,2020-2021,0
2021-08-11,3.1999999999999997,0.4,21.4,1.3000000000000007,95.0,4.35,80.5,0.0,0.8337635891738557,94.33333333333333,0.0,3.833333333333334,5.0,,,,,,0,0,22.125,92.5,3.75,88.75,0.0,8,-0.6400381082043503,-0.7683431655492202,2020-2021,0
2021-08-12,0.4,0.0,22.1,2.633333333333333,93.5,6.85,57.5,0.3,1.0996557626717198,87.33333333333333,0.0,6.566666666666666,1.0,,,,,,0,0,23.575000000000003,89.75,6.45,78.75,0.075,8,-0.65316012232693,-0.7572198192083127,2020-2021,0
2021-08-13,0.5,0.7,22.6,0.8833333333333329,94.5,6.5,100.0,10.100000000000001,0.9262001782909302,100.0,18.2,6.533333333333334,0.0,,,,,,0,3,22.425,93.25,6.35,100.0,5.3500000000000005,8,-0.666088855860977,-0.7458723993404063,2020-2021,0
2021-08-14,13.2,3.0,22.5,-0.25,92.5,13.7,100.0,24.7,1.2809845515892206,100.0,22.4,14.9,0.0,,,,,,0,3,23.625,91.75,13.450000000000001,100.0,8.1,8,-0.6788204829862355,-0.734304263829602,2020-2021,0
2021-08-15,12.500000000000002,3.2,20.4,1.3833333333333329,96.5,5.8,99.5,3.3000000000000003,0.5755168338938788,94.66666666666667,0.7,5.533333333333334,0.0,,,,,,0,2,20.700000000000003,95.0,5.775,95.75,0.8500000000000001,8,-0.6913512362094071,-0.722518835873311,2020-2021,0
2021-08-16,0.1,0.0,21.4,0.8333333333333321,92.0,3.1,100.0,0.1,1.3624009319823287,100.0,0.9,1.5666666666666667,0.0,,,,,,0,3,22.75,90.75,2.175,100.0,0.225,8,-0.7036774074790128,-0.7105196029692745,2020-2021,0
2021-08-17,0.30000000000000004,0.0,22.0,0.3833333333333364,89.5,11.850000000000001,99.5,4.2,1.806080388180952,99.66666666666667,9.5,10.333333333333334,0.0,,,,,,0,3,22.099999999999998,89.75,11.200000000000001,99.75,3.125,8,-0.7157953492826642,-0.6983101158835584,2020-2021,0
2021-08-18,0.6,1.5,23.9,0.533333333333335,90.5,10.9,100.0,2.5,1.650236885778007,98.0,2.0,14.066666666666668,0.0,,,,,,0,2,24.525,89.25,13.0,98.5,0.7,8,-0.7277014757264236,-0.6858939875998223,2020-2021,0
2021-08-19,0.1,1.2,22.8,1.7333333333333307,90.5,14.3,72.5,0.0,1.6410053380906078,95.33333333333333,0.1,16.933333333333334,3.0,,,,,,0,1,23.925,87.75,15.875,86.25,0.025,8,-0.7393922635959241,-0.673274892250183,2020-2021,0
2021-08-20,0.1,0.0,23.5,0.4833333333333343,88.5,12.15,30.5,0.0,2.0108754352909095,23.333333333333332,0.0,13.733333333333334,2.0,,,,,,0,0,24.375,86.0,13.275,27.75,0.0,8,-0.7508642533989489,-0.6604565640279754,2020-2021,0
2021-08-21,0.2,0.0,23.1,1.2333333333333307,89.0,10.15,52.0,0.0,1.913076371246273,20.333333333333332,0.0,11.466666666666669,11.0,,,,,,0,0,24.1,85.75,11.100000000000001,36.25,0.0,8,-0.7621140503891487,-0.6474427960827475,2020-2021,0
2021-08-22,0.2,0.0,24.1,1.2499999999999964,84.0,16.8,95.5,0.0,2.8745263565855765,95.66666666666667,0.4,15.933333333333332,8.0,,,,,,0,1,24.749999999999996,83.25,15.899999999999999,96.75,0.1,8,-0.7731383255706026,-0.6342374393978054,2020-2021,0
2021-08-23,4.199999999999999,3.3,23.4,1.0166666666666693,96.0,4.2,100.0,5.5,0.6730456980471224,100.0,6.1,4.6000000000000005,0.0,,,,,,0,3,23.1,95.5,4.05,100.0,2.2,8,-0.7839338166829201,-0.620844401650647,2020-2021,0
2021-08-24,0.0,0.0,21.1,3.266666666666662,82.0,9.5,100.0,0.0,3.2149110253185853,100.0,0.0,9.933333333333332,17.0,,,,,,0,0,22.900000000000002,81.25,9.8,100.0,0.0,8,-0.7944973291665992,-0.6072676460566135,2020-2021,0
2021-08-25,3.6,0.2,24.4,0.4499999999999993,91.5,8.2,100.0,2.3,1.4750592638629243,99.33333333333333,2.9000000000000004,7.666666666666667,0.0,,,,,,0,3,24.775,91.25,7.85,99.5,1.0,8,-0.8048257371083452,-0.593511190196115,2020-2021,0
2021-08-26,2.6,0.1,23.7,1.2833333333333314,95.0,8.0,77.0,0.0,0.8473623586847054,63.333333333333336,0.0,6.566666666666666,3.0,,,,,,0,0,25.125,90.75,6.8500000000000005,67.25,0.0,8,-0.8149159841660791,-0.5795791048257612,2020-2021,0
2021-08-27,0.4,0.0,23.5,1.4166666666666679,99.0,2.75,91.5,0.0,0.1660821261143468,76.66666666666667,0.30000000000000004,3.8333333333333335,3.0,,,,,,0,2,23.725,95.75,3.7249999999999996,78.75,0.07500000000000001,8,-0.8247650844733614,-0.5654755126737576,2020-2021,0
2021-08-28,0.0,0.0,22.1,1.0666666666666664,83.5,3.2,9.5,0.0,2.9431711519856982,10.0,0.0,4.5,21.0,,,,,,0,0,24.625,79.25,4.225,11.0,0.0,8,-0.8343701235229537,-0.5512045872199277,2020-2021,0
2021-08-29,1.0,0.0,22.5,1.8833333333333364,99.5,2.4,100.0,0.1,0.08248521338752823,50.666666666666664,0.0,2.266666666666667,1.0,,,,,,0,0,22.95,94.5,2.45,63.0,0.025,8,-0.8437282590292712,-0.5367705514607103,2020-2021,0
2021-08-30,0.0,0.0,22.4,2.5666666666666664,86.0,3.75,100.0,0.2,2.4661386568732127,94.66666666666667,0.30000000000000004,5.166666666666667,0.0,,,,,,0,2,23.675,85.25,4.65,96.0,0.07500000000000001,8,-0.8528367217694595,-0.522177676659508,2020-2021,0
2021-08-31,0.2,0.1,21.1,2.9166666666666643,93.0,3.45,41.0,0.0,1.1727512148577404,48.0,0.0,3.3666666666666667,6.0,,,,,,0,0,21.799999999999997,86.25,3.625,43.25,0.0,8,-0.8616928164028521,-0.5074302810827518,2020-2021,0
2021-09-01,0.0,0.0,20.4,1.3000000000000043,78.5,2.6,99.0,0.0,3.9067452714637163,98.33333333333333,0.0,1.6333333333333335,24.0,,,,,,0,0,22.25,76.5,1.85,98.75,0.0,9,-0.8702939222685674,-0.49253272872205434,2021-2022,0
2021-09-02,11.4,14.0,21.8,1.2833333333333314,96.0,12.6,100.0,4.0,0.6697656440235349,99.33333333333333,2.4,7.5,0.0,,,,,,0,3,22.599999999999998,95.75,9.375,99.5,1.2999999999999998,9,-0.8786374941610001,-0.4774894280028391,2021-2022,0
2021-09-03,0.0,0.0,20.2,1.2000000000000028,95.0,2.75,95.0,0.0,0.8249675272374049,95.33333333333333,0.0,1.9666666666666666,3.0,,,,,,0,0,20.975,89.75,2.1,95.0,0.0,9,-0.886721063082993,-0.46230483047981086,2021-2022,0
2021-09-04,0.0,0.4,21.2,0.4333333333333371,93.5,7.85,91.5,5.5,1.0881038862661967,100.0,6.5,8.333333333333334,0.0,,,,,,0,3,21.175,92.75,7.9,95.75,2.45,9,-0.8945422369764496,-0.4469834295196741,2021-2022,0
2021-09-05,0.7,0.0,19.6,2.0499999999999936,89.0,3.0,59.5,0.0,1.8710499233646019,29.666666666666668,0.0,2.9000000000000004,9.0,,,,,,0,0,20.85,86.0,3.0,35.5,0.0,9,-0.9020987014301837,-0.43152975897147144,2021-2022,0
2021-09-06,0.0,0.0,16.9,4.866666666666667,96.5,4.55,24.0,0.0,0.5618455227824413,19.333333333333332,0.0,2.6666666666666665,24.0,,,,,,0,0,19.174999999999997,91.5,3.1999999999999997,21.5,0.0,9,-0.9093882203647925,-0.4159483918249421,2021-2022,0
2021-09-07,0.0,0.0,18.4,0.8500000000000014,89.0,5.8,96.5,0.0,1.8526769106935035,100.0,0.0,6.833333333333333,14.0,,,,,,0,0,20.0,84.5,6.575,98.25,0.0,9,-0.9164086366943458,-0.4002439388573056,2021-2022,0
2021-09-08,0.0,0.0,20.2,1.0,77.0,27.25,94.5,0.0,4.151845723268403,99.66666666666667,0.4,26.266666666666666,24.0,,,,,,0,1,20.075,77.25,26.45,97.25,0.1,9,-0.9231578729647039,-0.38442104726885545,2021-2022,0
2021-09-09,5.5,2.7,20.2,0.21666666666666856,95.5,5.7,100.0,4.300000000000001,0.7424675221033645,79.0,2.9,4.3999999999999995,0.0,,,,,,0,3,20.725,95.25,4.65,84.25,1.5250000000000004,9,-0.9296339319682695,-0.3684843993077793,2021-2022,0
2021-09-10,0.0,0.0,19.0,1.3499999999999979,100.0,3.5,100.0,0.0,-3.552713678800501e-15,92.33333333333333,0.0,3.0999999999999996,13.0,,,,,,0,0,19.325,96.25,3.05,94.25,0.0,9,-0.9358348973349941,-0.35243871088460327,2021-2022,0
2021-09-11,0.0,0.1,21.0,0.7000000000000028,94.5,1.95,98.5,1.6,0.9164672893498498,96.0,0.8999999999999999,2.6666666666666665,0.0,,,,,,0,2,21.3,92.75,2.725,96.25,0.47500000000000003,9,-0.9417589340994617,-0.33628873017668287,2021-2022,0
2021-09-12,0.0,0.0,16.5,5.116666666666664,97.0,6.9,97.0,0.0,0.47736501917814067,99.66666666666667,0.0,5.433333333333334,13.0,,,,,,0,0,18.65,91.75,5.8,98.25,0.0,9,-0.9474042892438845,-0.32003923622313857,2021-2022,0
2021-09-13,0.0,0.0,18.6,4.43333333333333,100.0,3.9,100.0,0.0,0.0,97.33333333333333,0.0,4.533333333333334,24.0,,,,,,0,0,19.825,96.5,4.325,98.0,0.0,9,-0.9527692922168511,-0.30369503751065885,2021-2022,0
2021-09-14,0.0,0.0,17.5,1.4333333333333336,87.0,4.4,100.0,0.0,2.193345323112144,100.0,0.0,3.5,24.0,,,,,,0,0,19.05,85.25,3.9000000000000004,100.0,0.0,9,-0.9578523554276669,-0.28726097055059635,2021-2022,0
2021-09-15,0.1,0.0,17.7,3.166666666666668,94.5,2.6,25.0,0.0,0.8892828327462929,32.0,0.0,3.1,12.0,,,,,,0,0,18.5,90.75,3.0,31.75,0.0,9,-0.9626519747161487,-0.2707418984477642,2021-2022,0
2021-09-16,0.0,0.0,16.4,2.4333333333333336,94.5,7.25,4.5,0.0,0.8845078791994894,20.333333333333332,0.0,6.533333333333334,24.0,,,,,,0,0,18.6,88.0,6.675,15.5,0.0,9,-0.9671667297977312,-0.2541427094613622,2021-2022,0
2021-09-17,0.0,0.0,20.9,1.1666666666666679,72.0,18.35,100.0,0.0,5.242397783714415,100.0,0.8,18.733333333333334,24.0,,,,,,0,2,21.125,74.75,18.675,100.0,0.2,9,-0.97139528468375,-0.23746831555846842,2021-2022,0
2021-09-18,10.7,5.2,22.1,-0.25000000000000355,92.0,8.85,100.0,13.2,1.3649637758885298,100.0,27.4,7.3999999999999995,0.0,,,,,,0,3,22.6,92.75,8.45,100.0,8.399999999999999,9,-0.9753363880767837,-0.2207236509605022,2021-2022,0
2021-09-19,0.4,0.0,19.1,2.533333333333335,99.0,4.0,54.0,0.1,0.16045361269759084,72.0,0.2,5.966666666666666,0.0,,,,,,0,2,19.199999999999996,96.0,5.525,66.75,0.05,9,-0.9789888737409319,-0.20391367068311472,2021-2022,0
2021-09-20,0.0,0.0,22.3,0.0,89.5,1.85,50.5,0.0,1.8074391275524384,27.0,0.0,1.9333333333333336,23.0,,,,,,0,0,22.424999999999997,88.75,1.65,34.0,0.0,9,-0.9823516608469237,-0.18704334906991657,2021-2022,0
2021-09-21,0.0,0.0,19.8,2.5,83.0,10.2,1.0,0.0,2.959893581554411,1.3333333333333333,0.0,12.6,14.0,,,,,,0,0,20.174999999999997,80.0,11.825,1.25,0.0,9,-0.9854237542919524,-0.17011767832049052,2021-2022,0
2021-09-22,0.0,0.0,22.8,-0.5000000000000036,82.0,14.65,80.0,0.6000000000000001,3.229394713213086,66.0,0.8,14.633333333333333,0.0,,,,,,0,3,23.0,83.25,14.674999999999999,70.75,0.30000000000000004,9,-0.9882042449941422,-0.15314166701312007,2021-2022,0
2021-09-23,2.0,0.0,16.4,4.933333333333334,95.5,5.25,5.0,0.0,0.722322874234802,19.666666666666668,0.0,5.333333333333333,9.0,,,,,,0,0,18.7,91.75,5.4,15.25,0.0,9,-0.9906923101615609,-0.13612033862266704,2021-2022,0
2021-09-24,0.0,0.0,20.1,1.4333333333333336,73.5,1.7,68.5,0.0,4.875283576180388,75.66666666666667,0.0,3.2999999999999994,24.0,,,,,,0,0,19.950000000000003,76.25,2.7249999999999996,75.5,0.0,9,-0.9928872135356962,-0.11905873003404988,2021-2022,0
2021-09-25,0.0,0.0,15.1,2.9333333333333353,97.5,6.85,23.5,0.0,0.39294470050398544,11.333333333333334,0.0,4.833333333333333,24.0,,,,,,0,0,17.65,89.75,5.3999999999999995,14.5,0.0,9,-0.994788305609327,-0.10196189005174576,2021-2022,0
2021-09-26,0.0,0.0,19.6,0.9000000000000021,97.0,3.0,97.0,1.2000000000000002,0.48734715728251743,98.66666666666667,2.8000000000000003,2.466666666666667,0.0,,,,,,0,3,19.3,96.5,2.425,98.5,0.7250000000000001,9,-0.9963950238187231,-0.08483487790576538,2021-2022,0
2021-09-27,0.0,0.0,16.2,2.3166666666666664,97.5,7.550000000000001,7.0,0.0,0.3940105733667778,3.3333333333333335,0.0,6.233333333333334,14.0,,,,,,0,0,17.224999999999998,91.5,6.4750000000000005,4.0,0.0,9,-0.9977068927101168,-0.06768276175455162,2021-2022,0
2021-09-28,0.1,0.0,16.4,3.283333333333335,86.0,7.9,61.5,0.0,2.36200626741649,67.33333333333333,0.0,7.3,12.0,,,,,,0,0,18.7,83.25,7.4,68.5,0.0,9,-0.9987235240803972,-0.050510617185222886,2021-2022,0
2021-09-29,0.0,0.0,18.8,1.4333333333333336,77.0,13.5,92.5,0.0,4.1628186461659595,87.66666666666667,0.0,14.466666666666667,24.0,,,,,,0,0,20.625,74.75,14.100000000000001,90.75,0.0,9,-0.9994446170919858,-0.033323525711631344,2021-2022,0
2021-09-30,0.0,0.0,21.2,0.45000000000000284,77.5,20.15,3.0,0.0,4.085845979059563,1.3333333333333333,0.0,17.833333333333332,24.0,,,,,,0,0,21.725,76.25,18.549999999999997,1.75,0.0,9,-0.9998699583618592,-0.016126573270657762,2021-2022,0
2021-10-01,0.0,0.0,19.9,1.7166666666666721,90.0,3.9499999999999997,100.0,0.5,1.6902433875381817,100.0,0.6,5.7,0.0,,,,,,0,2,20.125,92.5,5.225,100.0,0.15,10,-0.9999994220246925,0.001075151282798226,2021-2022,0
2021-10-02,0.4,2.0,18.7,0.6499999999999986,97.5,7.75,67.0,0.4,0.40335990427968227,40.666666666666664,0.1,7.6000000000000005,0.0,,,,,,0,1,18.9,94.5,7.85,50.5,0.1,10,-0.999832969770105,0.018276557681691223,2021-2022,0
2021-10-03,0.0,0.0,14.6,4.4833333333333325,93.5,4.95,0.5,0.0,1.0320572031813882,0.0,0.0,4.333333333333333,24.0,,,,,,0,0,15.974999999999998,88.0,4.5,0.25,0.0,10,-0.9993706508539969,0.03547255575312556,2021-2022,0
2021-10-04,0.0,0.0,18.5,0.15000000000000213,81.0,16.85,74.0,0.0,3.3728728070583855,31.666666666666668,0.0,16.433333333333334,24.0,,,,,,0,0,21.375,80.0,16.55,48.5,0.0,10,-0.9986126020839734,0.052658056924614005,2021-2022,0
2021-10-05,0.0,0.0,16.0,2.5166666666666657,95.0,10.25,53.0,0.0,0.8022535897902188,23.666666666666668,0.0,8.633333333333333,24.0,,,,,,0,0,18.075000000000003,89.75,9.125,30.75,0.0,10,-0.9975590477788613,0.06982797572987089,2021-2022,0
2021-10-06,0.0,0.0,19.3,3.0500000000000043,93.0,3.6500000000000004,100.0,0.7,1.1555082513002226,94.0,1.4,6.066666666666667,0.0,,,,,,0,3,19.075000000000003,95.0,5.2,95.5,0.375,10,-0.9962102997023297,0.0869772313136861,2021-2022,0
2021-10-07,0.0,0.0,15.0,1.9499999999999993,89.0,5.65,41.5,0.0,1.8364988949307097,46.666666666666664,0.2,6.0,22.0,,,,,,0,2,19.475,85.75,5.95,41.0,0.05,10,-0.9945667569706337,0.1041007489354256,2021-2022,0
2021-10-08,0.1,0.0,20.1,1.68333333333333,90.5,4.55,61.5,0.0,1.601299353010127,55.333333333333336,0.0,5.2,10.0,,,,,,0,0,20.85,86.25,5.1,56.75,0.0,10,-0.9926289059345095,0.121193461470736,2021-2022,0
2021-10-09,0.0,0.0,17.2,2.8333333333333357,96.0,8.2,30.5,0.0,0.642331269696232,24.666666666666668,0.0,7.333333333333333,13.0,,,,,,0,0,18.424999999999997,91.5,7.424999999999999,26.25,0.0,10,-0.9903973200352558,0.1382503109109819,2021-2022,0
2021-10-10,0.0,0.0,19.2,0.9833333333333343,87.0,6.7,1.0,0.0,2.2126461142337135,1.0,0.0,9.433333333333332,14.0,,,,,,0,0,20.45,81.5,8.7,1.0,0.0,10,-0.9878726596350429,0.15526624985999563,2021-2022,0
2021-10-11,0.0,0.0,20.5,1.1666666666666679,83.5,14.15,2.5,0.0,2.892750357427584,13.333333333333334,0.0,13.733333333333334,24.0,,,,,,0,0,21.3,80.75,14.0,10.5,0.0,10,-0.9850556718215013,0.172236243027682,2021-2022,0
2021-10-12,0.4,0.0,19.2,1.9500000000000028,98.5,4.75,90.0,1.4,0.24259919559859,95.0,1.0,4.5,0.0,,,,,,0,3,19.4,97.25,4.275,94.25,0.5,10,-0.981947190186646,0.18915526872004093,2021-2022,0
2021-10-13,0.9,0.4,18.9,0.9500000000000028,98.0,2.35,100.0,4.3,0.3236925310624379,98.66666666666667,5.3,2.8333333333333335,0.0,,,,,,0,3,19.25,97.0,2.775,99.0,1.775,10,-0.9785481345802031,0.20601832032517084,2021-2022,0
2021-10-14,0.0,0.0,15.4,2.5000000000000018,97.0,4.15,93.5,0.0,0.47259557594913915,60.333333333333336,0.0,4.5,18.0,,,,,,0,0,15.775,93.5,4.45,70.0,0.0,10,-0.9748595108374125,0.22282040779479959,2021-2022,0
2021-10-15,0.0,0.0,11.6,3.6999999999999993,99.0,3.95,96.5,0.0,0.15144706527270557,31.0,0.0,4.6,24.0,,,,,,0,0,13.425,90.25,4.525,48.25,0.0,10,-0.9708824104813836,0.23955655912092708,2021-2022,0
2021-10-16,0.0,0.0,14.4,2.083333333333334,90.5,7.95,0.5,0.0,1.5453297701708113,1.0,0.0,7.733333333333334,24.0,,,,,,0,0,17.025,84.75,7.875,1.0,0.0,10,-0.9666180104000972,0.2562218218071163,2021-2022,0
2021-10-17,8.8,2.8,14.2,3.7333333333333343,97.0,11.100000000000001,100.0,0.7,0.4665764733958966,99.66666666666667,0.8,14.1,0.0,,,,,,0,2,12.95,95.75,13.175,99.75,0.25,10,-0.9620675724981452,0.27281126433401914,2021-2022,0
2021-10-18,0.0,0.0,5.5,4.183333333333332,92.5,5.25,16.5,0.0,1.1178482489178938,10.333333333333334,0.0,6.5,23.0,,,,,,0,0,6.6,89.0,6.15,8.25,0.0,10,-0.957232443323312,0.28931997761869527,2021-2022,0
2021-10-19,0.0,0.0,10.5,-0.11666666666666714,77.0,4.25,99.0,0.0,3.91404871486721,72.0,0.0,4.533333333333333,24.0,,,,,,0,0,13.125,76.75,4.375,79.0,0.0,10,-0.9521140536681102,0.3057430764672831,2021-2022,0
2021-10-20,8.600000000000001,2.0,10.6,2.5666666666666664,96.5,13.65,90.5,1.6,0.533522406566119,90.66666666666667,5.1000000000000005,15.700000000000001,0.0,,,,,,0,3,10.225000000000001,93.25,15.100000000000001,88.25,1.475,10,-0.9467139181463862,0.3220757010206104,2021-2022,0
2021-10-21,0.8,0.2,7.4,2.366666666666667,85.5,7.6,32.0,0.0,2.2602777358305497,31.333333333333332,0.0,4.3999999999999995,5.0,,,,,,0,0,7.975,84.75,5.1499999999999995,32.25,0.0,10,-0.9410336347451197,0.3383130181923076,2021-2022,0
2021-10-22,0.0,0.0,5.4,3.3166666666666664,96.5,4.85,42.0,0.0,0.5108552424764552,21.0,0.0,5.366666666666667,24.0,,,,,,0,0,7.125,90.5,5.174999999999999,30.25,0.0,10,-0.9350748843515574,0.3544502230989869,2021-2022,0
2021-10-23,0.5,0.0,7.9,3.116666666666667,85.0,6.35,37.0,0.0,2.358142202688179,34.666666666666664,0.0,8.033333333333333,12.0,,,,,,0,0,8.725000000000001,80.75,7.625,35.75,0.0,10,-0.9288394302558068,0.3704825404820963,2021-2022,0
2021-10-24,0.0,0.0,4.1,5.949999999999999,91.5,6.25,5.5,0.0,1.2591400900933056,3.0,0.0,7.866666666666667,15.0,,,,,,0,0,6.05,86.5,7.175,2.75,0.0,10,-0.9223291176290545,0.3864052261209853,2021-2022,0
2021-10-25,0.0,0.0,11.5,-0.7999999999999989,85.0,6.050000000000001,100.0,0.0,2.4298851654504343,100.0,0.1,4.766666666666667,24.0,,,,,,0,1,12.524999999999999,82.75,5.175,100.0,0.025,10,-0.9155458729775467,0.40221356823680365,2021-2022,0
2021-10-26,11.6,0.8,12.0,0.5499999999999989,84.0,4.949999999999999,2.0,0.0,2.6060334899063093,10.666666666666666,0.0,5.7,4.0,,,,,,0,0,11.925,86.0,5.3,9.0,0.0,10,-0.9084917035725082,0.41790288888678667,2021-2022,0
2021-10-27,0.0,0.0,8.8,2.049999999999999,96.5,6.25,99.0,0.0,0.5272347660506398,100.0,0.0,6.2,24.0,,,,,,0,0,10.425,93.25,6.25,99.5,0.0,10,-0.9011686968561569,0.4334685453485363,2021-2022,1
2021-10-28,0.2,0.0,9.6,3.0,83.0,2.45,0.0,0.0,2.8081664383777056,27.333333333333332,0.0,4.733333333333333,10.0,,,,,,0,0,12.6,84.75,4.15,20.5,0.0,10,-0.8935790198239952,0.4489059314938798,2021-2022,1
2021-10-29,0.0,0.0,9.5,0.34999999999999964,77.0,5.9,4.5,0.0,3.826278932839643,4.0,0.0,5.033333333333334,20.0,,,,,,0,0,9.775,77.0,5.2250000000000005,4.5,0.0,10,-0.8857249183835637,0.4642104791518923,2021-2022,0
2021-10-30,0.0,0.0,5.1,2.783333333333333,90.5,8.45,12.0,0.0,1.4288921389606202,64.66666666666667,0.0,9.333333333333334,24.0,,,,,,0,0,7.025,86.25,9.05,52.0,0.0,10,-0.8776087166898392,0.4793776594606945,2021-2022,0
2021-10-31,0.0,0.0,11.5,0.21666666666666679,85.5,9.15,100.0,0.0,2.3558588684514064,100.0,0.0,8.133333333333335,24.0,,,,,,0,0,12.8,84.5,8.475000000000001,100.0,0.0,10,-0.8692328164574792,0.49440298420761813,2021-2022,0
2021-11-01,0.0,0.0,8.4,3.1499999999999986,97.5,6.25,100.0,0.0,0.3751940895137409,100.0,0.0,4.2,18.0,,,,,,0,0,10.3,95.0,4.75,100.0,0.0,11,-0.8605996962501181,0.5092820071573356,2021-2022,0
2021-11-02,0.1,0.0,10.4,3.3999999999999986,99.5,5.9,99.5,0.0,0.07499210984986604,93.66666666666667,0.0,4.966666666666667,11.0,,,,,,0,0,11.100000000000001,97.0,5.200000000000001,95.0,0.0,11,-0.8517119107469189,0.5240103253675756,2021-2022,0
2021-11-03,0.0,0.0,10.2,2.2500000000000018,95.0,5.05,77.0,0.0,0.7553733833705216,81.0,0.0,4.3,24.0,,,,,,0,0,9.649999999999999,94.25,4.3500000000000005,81.25,0.0,11,-0.8425720899866032,0.5385835804920232,2021-2022,0
2021-11-04,0.0,0.0,5.8,3.45,95.0,4.3,33.0,0.0,0.7374892722371325,13.0,0.0,4.666666666666666,24.0,,,,,,0,0,7.075,90.75,4.574999999999999,21.25,0.0,11,-0.8331829385891785,0.5529974600700271,2021-2022,1
2021-11-05,0.2,0.0,12.2,0.033333333333333215,78.5,2.3,32.5,0.0,3.585597805430978,35.333333333333336,0.0,2.6333333333333333,12.0,,,,,,0,0,10.549999999999999,81.5,2.425,36.0,0.0,11,-0.8235472349556007,0.5672476988027229,2021-2022,1
2021-11-06,0.0,0.0,3.4,6.083333333333332,100.0,7.5,100.0,0.0,-8.881784197001252e-16,34.333333333333336,0.0,8.666666666666666,15.0,,,,,,0,0,5.15,93.25,8.275,50.75,0.0,11,-0.8136678304455991,0.5813300798152042,2021-2022,0
2021-11-07,0.0,0.0,6.9,2.366666666666667,95.0,7.15,3.5,0.0,0.7437244123326403,2.0,0.0,7.933333333333334,24.0,,,,,,0,0,8.2,88.75,7.675,2.0,0.0,11,-0.8035476485339116,0.5952404359043674,2021-2022,0
2021-11-08,0.0,0.0,9.1,0.8500000000000014,82.5,7.55,3.5,0.0,2.847659639316233,41.666666666666664,0.0,6.933333333333334,24.0,,,,,,0,0,11.7,78.0,7.225,32.0,0.0,11,-0.7931896839451843,0.6089746507720486,2021-2022,0
2021-11-09,0.0,0.0,14.6,2.0166666666666675,94.0,7.75,100.0,5.3,0.9556365045994095,100.0,25.700000000000003,11.533333333333333,0.0,,,,,,0,3,14.149999999999999,96.75,9.725,100.0,6.8500000000000005,11,-0.7825970017677834,0.6225286602431057,2021-2022,0
2021-11-10,0.9999999999999999,0.4,9.6,1.466666666666665,87.5,6.2,41.5,0.0,1.9655687040048555,37.666666666666664,0.0,7.3,2.0,,,,,,0,0,9.425,83.5,7.0249999999999995,34.25,0.0,11,-0.7717727365467837,0.6358984534680745,2021-2022,0
2021-11-11,0.4,0.30000000000000004,9.4,-0.8000000000000007,82.5,7.3,78.0,0.2,2.816436024559737,45.666666666666664,0.2,8.5,0.0,,,,,,0,1,9.225000000000001,82.75,8.25,57.0,0.05,11,-0.7607200913564104,0.6490800741100398,2021-2022,0
2021-11-12,1.0999999999999999,0.0,5.4,3.5166666666666657,83.0,7.8,100.0,0.2,2.7127894059072197,93.0,1.3,7.400000000000001,0.0,,,,,,0,3,8.100000000000001,84.5,7.6,94.75,0.325,11,-0.7494423368521953,0.6620696215153815,2021-2022,0
2021-11-13,4.0,1.2,6.7,0.7333333333333325,89.5,3.15,99.5,0.1,1.6150787109363511,87.66666666666667,0.2,4.566666666666666,0.0,,,,,,0,2,7.725,89.5,3.8749999999999996,90.5,0.05,11,-0.7379428103031386,0.6748632518680403,2021-2022,0
2021-11-14,0.0,0.0,4.9,0.9666666666666659,83.0,9.75,55.0,0.0,2.6667775897958372,60.0,0.0,9.566666666666668,22.0,,,,,,0,0,6.7250000000000005,81.75,9.7,55.0,0.0,11,-0.7262249146041543,0.6874571793269664,2021-2022,0
2021-11-15,0.30000000000000004,0.0,8.1,1.4833333333333343,88.5,2.8499999999999996,89.0,0.0,1.8016238303759629,87.33333333333333,0.0,1.8999999999999997,8.0,,,,,,0,0,9.625,89.25,2.275,90.25,0.0,11,-0.7142921172691032,0.699847677146407,2021-2022,0
2021-11-16,0.0,0.0,7.9,3.9333333333333336,86.5,5.85,31.5,0.0,2.1047773244991275,80.0,0.0,4.566666666666666,15.0,,,,,,0,0,8.8,82.25,4.625,61.0,0.0,11,-0.7021479494046978,0.7120310787787131,2021-2022,0
2021-11-17,0.0,0.0,6.2,3.8,86.5,6.1,17.0,0.0,2.07225725595368,22.666666666666668,0.0,4.933333333333334,24.0,,,,,,0,0,6.45,86.0,5.1000000000000005,19.25,0.0,11,-0.6897960046655887,0.7240037789593305,2021-2022,0
2021-11-18,0.0,0.0,5.6,2.666666666666666,81.5,9.75,89.5,0.0,2.94344715172266,93.33333333333333,0.0,10.233333333333334,16.0,,,,,,0,0,7.275,79.75,10.075,94.75,0.0,11,-0.6772399381909491,0.7357622347736527,2021-2022,0
2021-11-19,0.0,0.0,6.0,0.916666666666667,92.0,8.35,37.0,0.0,1.18608670154285,15.333333333333334,0.0,8.866666666666665,24.0,,,,,,0,0,5.325,89.5,8.649999999999999,21.0,0.0,11,-0.6644834655228552,0.7473029667054297,2021-2022,0
2021-11-20,0.0,0.0,6.2,6.05,100.0,8.6,100.0,0.0,0.0,74.33333333333333,0.0,9.366666666666665,24.0,,,,,,0,0,5.0,99.0,8.9,80.75,0.0,11,-0.6515303615068021,0.75862255966641,2021-2022,0
2021-11-21,0.0,0.0,4.0,3.0,93.5,10.2,4.0,0.0,0.9573067251378351,12.666666666666666,0.0,10.366666666666667,24.0,,,,,,0,0,5.6000000000000005,90.0,10.325,10.75,0.0,11,-0.6383844591746642,0.769717664006921,2021-2022,0
2021-11-22,0.0,0.0,13.2,0.38333333333333464,83.0,15.05,100.0,0.4,2.850956915007206,100.0,1.1,15.133333333333335,0.0,,,,,,0,3,14.45,85.0,15.125,100.0,0.275,11,-0.6250496486104377,0.7805849965070866,2021-2022,0
2021-11-23,10.499999999999998,1.6,6.5,2.866666666666667,80.0,9.05,52.5,0.1,3.188191774734937,86.0,0.1,7.2,1.0,,,,,,0,1,5.875,80.25,7.9,74.75,0.05,11,-0.6115298757991053,0.7912213413483807,2021-2022,0
2021-11-24,3.5,1.1,4.5,0.5666666666666673,98.0,11.75,100.0,1.3,0.2891264438070511,99.0,2.1,10.799999999999999,0.0,,,,,,0,2,4.699999999999999,98.0,10.850000000000001,99.25,0.625,11,-0.5978291414589552,0.801623551065242,2021-2022,0
2021-11-25,3.1,0.2,6.9,0.11666666666666625,87.5,3.9,95.0,1.6,1.9377072676334786,96.66666666666667,1.6,4.866666666666666,0.0,,,,,,0,3,7.525,87.5,4.725,97.5,0.55,11,-0.5839514998576998,0.8117885474764613,2021-2022,0
2021-11-26,8.2,0.4,7.9,0.7666666666666675,79.0,3.65,95.0,0.4,3.4437938432869393,83.0,0.0,3.8000000000000003,1.0,,,,,,0,0,8.675,81.75,3.875,84.75,0.1,11,-0.5699010576127624,0.821713322596059,2021-2022,0
2021-11-27,3.8,2.6,4.0,2.116666666666667,97.0,5.75,71.5,0.8,0.43127054643430673,72.33333333333333,1.4,6.166666666666667,0.0,,,,,,0,1,3.35,95.75,6.55,74.75,0.5,11,-0.5556819724760489,0.8313949395234058,2021-2022,0
2021-11-28,0.6,0.0,2.1,0.6166666666666667,86.5,7.25,9.5,0.0,2.025179598385945,6.0,0.0,5.0,12.0,,,,,,0,0,3.8,82.25,5.6499999999999995,7.25,0.0,11,-0.5412984521036173,0.8408305333122887,2021-2022,1
2021-11-29,0.0,0.0,-2.6,5.1,65.0,9.7,100.0,0.0,5.803272342446348,100.0,0.0,9.933333333333334,24.0,,,,,,0,0,1.025,64.75,9.875,100.0,0.0,11,-0.5267547528105542,0.8500173118187018,2021-2022,0
2021-11-30,0.0,0.0,1.9,0.5666666666666669,71.0,13.05,8.0,0.0,4.718089398457899,3.0,0.0,13.533333333333333,24.0,,,,,,0,0,3.425,70.25,13.4,6.25,0.0,11,-0.5120551783114646,0.8589525565270845,2021-2022,0
2021-12-01,1.9000000000000001,13.2,11.7,1.8499999999999996,95.0,19.7,100.0,4.4,0.7604793834389216,87.66666666666667,3.9,16.966666666666665,0.0,,,,,,0,3,8.8,90.5,17.95,90.75,1.45,12,-0.4972040784469378,0.8676336233547726,2021-2022,0
2021-12-02,4.8,1.6,2.0,0.7666666666666662,87.0,3.4,94.5,0.1,1.9421765782129992,89.0,0.0,2.5,1.0,,,,,,0,0,2.9,84.5,3.0,89.75,0.025,12,-0.4822058478963526,0.8760579434344281,2021-2022,0
2021-12-03,0.0,0.0,1.1,2.183333333333333,82.0,9.45,7.5,0.0,2.7371607421889435,8.666666666666666,0.0,10.433333333333334,16.0,,,,,,0,0,2.375,80.0,10.05,8.0,0.0,12,-0.46706492487743034,0.8842230238742036,2021-2022,0
2021-12-04,4.4,1.4,5.8,1.3166666666666664,95.5,6.25,100.0,1.7999999999999998,0.661151791661112,100.0,1.5,6.6000000000000005,0.0,,,,,,0,3,5.2,95.75,6.175,100.0,0.6749999999999999,12,-0.451785789832884,0.8921264484954345,2021-2022,0
2021-12-05,1.9,0.1,1.4,2.0000000000000004,89.5,4.6,93.0,0.0,1.5294903976962781,76.0,0.0,4.033333333333333,5.0,,,,,,0,0,1.125,87.25,4.1499999999999995,80.75,0.0,12,-0.4363729641045924,0.8997658785476209,2021-2022,0
2021-12-06,0.0,0.0,6.3,-0.4666666666666668,89.0,1.85,99.0,0.4,1.6866586013382818,96.66666666666667,0.7999999999999999,1.2666666666666666,0.0,,,,,,0,3,6.975,88.0,1.5,97.5,0.225,12,-0.42083100859565564,0.9071390534005044,2021-2022,0
2021-12-07,3.4000000000000004,2.7,9.1,0.5166666666666675,91.0,3.25,100.0,9.899999999999999,1.3941838566211509,100.0,8.299999999999999,3.266666666666666,0.0,,,,,,0,3,9.4,91.75,3.225,100.0,3.3499999999999996,12,-0.4051645224207563,0.9142437912130223,2021-2022,0
2021-12-08,3.4,0.1,9.2,-0.14999999999999858,95.0,14.35,99.5,0.30000000000000004,0.7574737773187881,92.66666666666667,0.2,13.033333333333333,0.0,,,,,,0,1,8.75,94.0,13.425,94.5,0.07500000000000001,12,-0.3893781415452015,0.9210779895789526,2021-2022,0
2021-12-09,0.1,0.0,4.5,2.833333333333333,89.0,5.45,66.0,0.0,1.6625235735156014,45.0,0.0,6.766666666666667,12.0,,,,,,0,0,5.05,90.0,6.25,52.0,0.0,12,-0.37347653741307074,0.9276396261490467,2021-2022,0
2021-12-10,0.0,0.0,5.1,-0.04999999999999982,89.0,7.550000000000001,99.0,0.0,1.6651967120872206,100.0,0.0,7.833333333333333,24.0,,,,,,0,0,5.35,88.25,7.800000000000001,99.5,0.0,12,-0.3574644155648614,0.9339267592294762,2021-2022,0
2021-12-11,0.0,0.0,5.5,0.666666666666667,81.0,1.7999999999999998,100.0,0.2,3.0405761129953826,81.33333333333333,0.1,1.1333333333333333,0.0,,,,,,0,1,8.0,82.0,1.4249999999999998,86.0,0.05,12,-0.34134651424503615,0.9399375283564133,2021-2022,0
2021-12-12,0.0,0.0,7.4,-0.9666666666666668,81.5,8.45,100.0,0.0,2.9739881703108733,98.0,0.0,8.733333333333334,16.0,,,,,,0,0,8.425,81.5,8.675,98.5,0.0,12,-0.3251276029999093,0.9456701548465688,2021-2022,0
2021-12-13,5.999999999999999,0.9,4.0,4.566666666666666,95.0,11.25,100.0,0.5,0.7259791555946444,76.66666666666667,0.7,10.866666666666667,0.0,,,,,,0,2,3.4499999999999997,92.5,10.925,82.5,0.25,12,-0.30881248126625377,0.9511229423235357,2021-2022,0
2021-12-14,0.0,0.0,-2.0,4.516666666666667,87.5,3.5,0.0,0.0,1.793188692832035,0.0,0.0,4.266666666666667,15.0,,,,,,0,0,-1.2999999999999998,85.0,4.05,0.0,0.0,12,-0.29240597695107734,0.9562942772197719,2021-2022,0
2021-12-15,0.0,0.0,2.4,-1.4,82.5,4.1,100.0,0.2,2.707403233394466,98.0,1.7000000000000002,2.9333333333333336,0.0,,,,,,0,3,4.75,83.25,3.4749999999999996,98.5,0.42500000000000004,12,-0.27591294500296043,0.9611826292540837,2021-2022,0
2021-12-16,1.1,0.2,4.6,2.5166666666666675,96.0,9.3,99.5,0.0,0.5788239018419281,99.66666666666667,0.0,10.966666666666667,5.0,,,,,,0,0,4.050000000000001,94.5,10.375,99.75,0.0,12,-0.2593382659754056,0.9657865518844574,2021-2022,0
2021-12-17,1.7000000000000002,3.3,8.5,0.23333333333333428,92.5,4.45,100.0,5.1,1.1472245091340971,100.0,7.1000000000000005,6.333333333333333,0.0,,,,,,0,3,8.625,94.0,6.199999999999999,100.0,2.4749999999999996,12,-0.2426868445825954,0.9701046827361175,2021-2022,0
2021-12-18,11.1,1.6,-1.3,2.3833333333333333,84.0,8.55,99.5,0.8,2.3534802970719504,81.66666666666667,0.8999999999999999,7.733333333333334,0.0,,,,,,0,0,-1.4749999999999999,83.75,8.075000000000001,86.25,0.35000000000000003,12,-0.22596360824801906,0.974135744004672,2021-2022,0
2021-12-19,0.3,2.5,-0.3,-3.2166666666666672,91.5,6.9,100.0,1.5,1.2273140552207047,100.0,3.0999999999999996,6.833333333333333,0.0,,,,,,0,0,0.8500000000000001,90.0,6.9,100.0,0.975,12,-0.20917350564635637,0.9778785428342386,2021-2022,0
2021-12-20,3.8999999999999995,2.0,2.1,-0.11666666666666692,88.5,3.9000000000000004,85.5,1.5,1.7088956780424285,81.0,1.4,4.6000000000000005,0.0,,,,,,0,1,2.4749999999999996,90.5,4.3500000000000005,85.75,0.5,12,-0.19232150523909483,0.9813319716704275,2021-2022,0
2021-12-21,0.5,0.0,2.5,0.5333333333333332,86.0,7.050000000000001,100.0,0.0,2.121687938797269,99.33333333333333,0.0,6.066666666666666,2.0,,,,,,0,0,3.55,86.25,6.3500000000000005,99.5,0.0,12,-0.17541259380427843,0.9844950085880858,2021-2022,0
2021-12-22,0.30000000000000004,0.2,5.3,2.7333333333333334,96.0,6.699999999999999,100.0,0.0,0.5868179062322945,99.66666666666667,0.0,5.8,4.0,,,,,,0,0,5.075,96.0,5.75,99.75,0.0,12,-0.15845177496083632,0.9873667175937016,2021-2022,1
2021-12-23,0.0,0.0,-1.8,3.05,69.5,6.199999999999999,6.5,0.0,4.832003727818817,3.3333333333333335,0.0,7.0,24.0,,,,,,0,0,-1.6,68.5,6.95,3.5,0.0,12,-0.14144406768794202,0.9899462489023779,2021-2022,0
2021-12-24,0.1,0.0,6.2,-1.3500000000000005,91.5,4.199999999999999,89.0,0.8,1.2831472828582706,99.0,0.5,5.433333333333333,0.0,,,,,,0,2,6.2749999999999995,91.75,5.1,93.75,0.25,12,-0.12439450483979998,0.9922328391893008,2021-2022,0
2021-12-25,1.2,0.1,6.5,1.083333333333333,95.0,5.6,88.5,1.1,0.7452128265290847,77.33333333333333,0.8,4.1000000000000005,0.0,,,,,,0,2,6.775,94.75,5.074999999999999,83.0,0.35000000000000003,12,-0.10730813165636247,0.9942258118156161,2021-2022,0
2021-12-26,2.5999999999999996,2.0999999999999996,-2.4,1.6666666666666665,86.0,11.25,100.0,1.9000000000000001,2.0175892787073586,100.0,2.4,12.233333333333333,0.0,,,,,,0,0,-2.625,85.5,11.025,100.0,0.8,12,-0.09019000427034513,0.9959245770286599,2021-2022,0
2021-12-27,1.5,1.1,-4.1,0.9999999999999996,86.0,4.35,88.5,0.8,1.9959171177451744,86.0,0.7,5.266666666666667,0.0,,,,,,0,0,-4.05,86.75,4.625,86.0,0.25,12,-0.07304518821104743,0.9973286321364752,2021-2022,0
2021-12-28,4.1000000000000005,1.3,-0.4,1.0666666666666667,85.0,6.800000000000001,95.5,0.2,2.212401566046413,69.0,0.1,6.2,0.0,,,,,,0,0,-1.4,86.25,6.575,76.75,0.05,12,-0.05587875690537313,0.9984375616565666,2021-2022,0
2021-12-29,0.0,0.0,0.7,-1.1166666666666667,80.5,9.850000000000001,29.5,0.0,2.9270303330151886,52.333333333333336,0.0,10.9,17.0,,,,,,0,0,-0.85,79.5,10.525,49.0,0.0,12,-0.03869579017652689,0.9992510374388481,2021-2022,0
2021-12-30,0.7,6.5,3.7,-0.1166666666666667,95.0,11.0,100.0,2.1,0.7265672222847184,100.0,4.7,9.833333333333334,0.0,,,,,,0,0,3.125,96.25,9.700000000000001,100.0,1.475,12,-0.021501372740813793,0.999768818762748,2021-2022,0
2021-12-31,9.1,1.7000000000000002,-0.6,1.3333333333333333,90.5,9.3,88.0,1.2000000000000002,1.3513670565749354,95.33333333333333,2.0999999999999996,5.133333333333334,0.0,,,,,,0,0,-1.85,89.25,6.4,90.5,0.7250000000000001,12,-0.004300592702981974,0.9999907524084426,2021-2022,0
2022-01-01,1.2000000000000002,0.5,-3.3,0.9499999999999997,86.0,7.949999999999999,99.5,0.5,2.0192611744726756,95.0,1.0,11.666666666666666,0.0,,,,,,0,0,-2.025,84.25,10.3,96.25,0.3,1,0.017201575418260506,0.9998520419557735,2021-2022,0
2022-01-02,0.0,0.0,-9.6,7.383333333333333,85.5,4.199999999999999,33.5,0.0,1.9760264737331479,24.333333333333332,0.0,4.733333333333333,13.0,,,,,,0,0,-8.8,82.25,4.625,21.75,0.0,1,0.03439806061360801,0.9994082116062598,2021-2022,0
2022-01-03,4.8,0.2,0.1,2.15,92.5,5.3,51.0,0.0,1.0611086066944606,74.66666666666667,0.0,5.366666666666667,6.0,,,,,,0,0,-0.925,91.25,5.15,68.25,0.0,1,0.051584366869408364,0.9986686402879997,2021-2022,1
2022-01-04,2.7,3.1,1.8,0.6833333333333329,95.0,6.6499999999999995,99.0,0.7999999999999999,0.7145593023103358,100.0,0.9,9.866666666666667,0.0,,,,,,0,1,1.875,94.75,8.674999999999999,99.5,0.4,1,0.06875540848113941,0.9976335468520451,2021-2022,0
2022-01-05,0.2,0.0,-3.8,4.333333333333333,84.5,7.4,62.5,0.0,2.2293840849067488,47.333333333333336,0.0,6.666666666666667,11.0,,,,,,0,0,-3.575,84.5,6.925000000000001,52.0,0.0,1,0.08590610426133272,0.9963032375991965,2021-2022,0
2022-01-06,0.0,0.0,-4.8,2.8166666666666664,70.5,4.800000000000001,95.0,0.0,4.560393031906118,73.33333333333333,0.0,4.800000000000001,24.0,,,,,,0,0,-5.1,69.0,4.7,80.0,0.0,1,0.10303137904317879,0.9946781061893646,2021-2022,0
2022-01-07,1.6,1.8,0.6,-1.7833333333333332,84.0,9.5,56.0,0.1,2.37679845150805,65.0,0.1,8.033333333333333,1.0,,,,,,0,0,-0.6,83.25,8.725,61.25,0.05,1,0.1201261651823505,0.9927586335250793,2021-2022,0
2022-01-08,0.0,0.0,-2.5,2.433333333333333,86.5,4.050000000000001,86.0,0.0,1.947103689268931,38.333333333333336,0.0,5.033333333333333,14.0,,,,,,0,0,-3.0749999999999997,85.25,4.875,53.25,0.0,1,0.13718540405660057,0.9905453876091833,2021-2022,0
2022-01-09,0.0,0.0,-1.8,0.5499999999999998,79.0,4.949999999999999,48.5,0.0,3.1709882194367482,80.0,0.0,3.4666666666666663,24.0,,,,,,0,0,-0.025000000000000078,78.25,4.0,74.25,0.0,1,0.1542040475626894,0.988039023376751,2021-2022,0
2022-01-10,0.0,0.0,0.4,3.05,94.0,5.75,49.0,0.0,0.8408431208695886,36.333333333333336,0.0,5.066666666666667,16.0,,,,,,0,0,-1.75,90.75,5.275,37.5,0.0,1,0.17117705961019986,0.985240282501282,2021-2022,1
2022-01-11,0.0,0.0,1.9,-2.6333333333333333,85.5,15.399999999999999,100.0,0.0,2.236016763648824,100.0,5.9,15.533333333333331,24.0,,,,,,0,2,5.775,84.0,15.25,100.0,1.475,1,0.18809941761179758,0.9821499931752291,2021-2022,0
2022-01-12,4.4,2.1,-0.9,2.7666666666666666,79.5,13.55,85.0,0.7,3.0859309184629753,95.33333333333333,0.8,13.333333333333334,0.0,,,,,,0,0,-1.5499999999999998,81.5,13.524999999999999,91.25,0.3,1,0.20496611396949532,0.9787690698649216,2021-2022,0
2022-01-13,0.7,0.0,-0.2,-1.05,94.5,3.25,100.0,1.9,0.7759849651185757,100.0,3.6,5.566666666666666,0.0,,,,,,0,0,0.0,94.75,4.95,100.0,1.15,1,0.22177215755648186,0.975098513039961,2021-2022,0
2022-01-14,7.5,1.1,-2.2,1.0833333333333337,84.5,9.3,99.5,0.6,2.262898623767814,99.66666666666667,0.7,12.133333333333333,0.0,,,,,,0,0,-1.8,84.0,11.2,99.5,0.3,1,0.23851257519407648,0.9711394088771653,2021-2022,0
2022-01-15,0.2,0.30000000000000004,-0.8,-1.1102230246251565e-16,81.0,6.1,97.5,0.0,2.8690599375758636,98.66666666666667,0.0,6.133333333333334,5.0,,,,,,0,0,-0.35000000000000003,81.5,6.3,98.0,0.0,1,0.2551824131233728,0.9668929289391521,2021-2022,0
2022-01-16,0.0,0.0,-4.6,4.6,85.0,7.55,16.0,0.0,2.126100149212273,39.666666666666664,0.0,8.966666666666667,24.0,,,,,,0,0,-4.675,83.75,8.475,31.5,0.0,1,0.2717767384711357,0.9623603298276545,2021-2022,1
2022-01-17,3.5,1.2,2.0,1.4666666666666668,91.0,3.5999999999999996,91.0,0.9,1.3132904981098117,100.0,1.0,3.8333333333333335,0.0,,,,,,0,1,1.8000000000000003,91.25,3.65,95.5,0.275,1,0.2882906407095177,0.9575429528116719,2021-2022,0
2022-01-18,4.7,1.1,-1.5,2.4,91.5,7.05,96.0,0.7,1.2018470121089972,95.33333333333333,1.2000000000000002,10.633333333333333,0.0,,,,,,0,0,-1.825,91.75,9.45,96.5,0.375,1,0.3047192331091634,0.9524422234305676,2021-2022,0
2022-01-19,0.5,0.0,-0.8,-0.7333333333333332,72.0,3.45,57.0,0.0,4.443396755995616,57.666666666666664,0.0,4.733333333333333,9.0,,,,,,0,0,-0.225,73.25,4.275,60.25,0.0,1,0.321057654185271,0.9470596510722283,2021-2022,0
2022-01-20,1.7999999999999998,1.1,0.1,-0.5,93.5,5.050000000000001,100.0,4.199999999999999,0.9255310127106,96.66666666666667,3.5,8.700000000000001,0.0,,,,,,0,0,0.5,92.5,7.575000000000001,97.5,1.4499999999999997,1,0.3373010691361842,0.9413968285264122,2021-2022,0
2022-01-21,2.8,1.0,-1.8,-4.440892098500626e-16,86.0,14.15,83.5,0.7,2.032661057636465,83.66666666666667,1.8,15.200000000000001,0.0,,,,,,0,0,-1.75,83.75,15.375,80.75,0.525,1,0.3534446712740877,0.9354554315134164,2021-2022,0
2022-01-22,0.1,0.0,-1.7,-0.18333333333333313,78.0,2.4000000000000004,69.5,0.0,3.360608940582726,91.33333333333333,0.0,1.9666666666666666,12.0,,,,,,0,0,-1.25,80.75,2.4000000000000004,82.75,0.0,1,0.3694836834473831,0.9292372181882051,2021-2022,0
2022-01-23,0.0,0.0,-4.4,3.0666666666666673,78.5,5.1,100.0,0.0,3.219219691063442,100.0,0.0,3.933333333333333,24.0,,,,,,0,0,-2.525,79.75,4.475,100.0,0.0,1,0.38541335945432564,0.9227440286201427,2021-2022,0
2022-01-24,1.2000000000000002,0.0,1.8,-0.6666666666666667,89.5,4.55,100.0,0.0,1.5351242539778651,100.0,0.0,6.133333333333333,9.0,,,,,,0,0,0.875,88.25,5.675,100.0,0.0,1,0.4012289854475009,0.9159777842484877,2021-2022,0
2022-01-25,0.0,0.0,-5.9,2.816666666666667,84.0,3.3,1.0,0.0,2.2490097420912267,65.0,0.0,3.3333333333333335,24.0,,,,,,0,0,-6.0,84.5,3.4499999999999997,49.0,0.0,1,0.4169258813287287,0.908940487313808,2021-2022,0
2022-01-26,0.0,0.0,-1.0,1.4833333333333332,88.5,4.55,70.0,0.0,1.6559278171320182,22.0,0.0,4.133333333333333,24.0,,,,,,0,0,-1.7750000000000001,89.5,4.3,40.5,0.0,1,0.4324994021339788,0.901634220265486,2021-2022,0
2022-01-27,1.5999999999999999,0.0,0.6,2.433333333333333,80.0,8.15,91.5,0.0,3.0684588836880726,98.0,0.0,8.733333333333334,8.0,,,,,,0,0,1.3499999999999999,79.75,8.525,95.75,0.0,1,0.44794493940789115,0.8940611451454876,2021-2022,0
2022-01-28,0.0,0.0,-3.5,2.05,80.5,3.05,97.0,0.0,2.9090166156502746,99.33333333333333,0.0,3.1666666666666665,24.0,,,,,,0,0,-1.35,78.5,3.2749999999999995,98.5,0.0,1,0.4632579225674917,0.88622350294858,2021-2022,0
2022-01-29,0.0,0.0,-1.2,1.2666666666666666,86.5,8.7,100.0,0.0,1.9616269687074706,100.0,0.0,7.733333333333334,24.0,,,,,,0,0,-0.625,84.0,7.85,100.0,0.0,1,0.4784338202547012,0.8781236129591848,2021-2022,0
2022-01-30,0.8,0.4,-0.2,1.75,95.5,1.1,100.0,0.0,0.6384837941047181,100.0,0.0,3.233333333333333,5.0,,,,,,0,0,0.075,95.25,2.875,100.0,0.0,1,0.49346814167723735,0.8697638720650646,2021-2022,0
2022-01-31,0.0,0.0,-6.5,4.35,78.0,9.55,11.0,0.0,3.1879944995332448,12.666666666666666,0.0,8.433333333333334,24.0,,,,,,0,0,-6.625,78.0,8.6,11.5,0.0,1,0.5083564379375122,0.8611467540480452,2021-2022,0
2022-02-01,0.5,0.0,-2.0,2.1333333333333333,89.5,5.75,49.0,0.0,1.5058164758327561,60.0,0.0,7.533333333333334,11.0,,,,,,0,0,-0.95,88.25,6.9,51.5,0.0,2,0.5230943033491326,0.8522748088519838,2021-2022,0
2022-02-02,2.3,1.2000000000000002,0.5,0.6666666666666667,87.0,8.600000000000001,30.5,0.2,1.9084250028205896,64.0,0.0,6.099999999999999,1.0,,,,,,0,0,-0.02499999999999998,87.0,7.275,54.75,0.05,2,0.5376773767406141,0.8431506618282,2021-2022,0
2022-02-03,3.499999999999999,0.5,1.1,0.3833333333333333,86.5,5.3,100.0,0.7,2.0022502239173687,100.0,0.5,4.566666666666666,0.0,,,,,,0,0,0.9,88.75,5.0,100.0,0.24999999999999997,2,0.5521013427459208,0.8337770129585915,2021-2022,0
2022-02-04,0.4,0.1,-0.4,0.2666666666666667,94.5,3.65,98.5,0.5,0.7721604640770805,99.0,1.0,3.5666666666666664,0.0,,,,,,0,0,-0.5750000000000001,93.75,3.55,99.25,0.30000000000000004,2,0.5663619330814524,0.8241566360566663,2021-2022,0
2022-02-05,3.0,0.9,-1.2,1.8833333333333333,95.0,8.85,100.0,1.2000000000000002,0.6957268158675545,100.0,1.7,7.766666666666667,0.0,,,,,,0,0,-1.5499999999999998,91.75,8.225,100.0,0.625,2,0.580454927809098,0.8142923779467267,2021-2022,0
2022-02-06,3.3000000000000003,1.4,-2.2,0.3333333333333337,88.5,4.95,98.5,0.2,1.6450254288303023,98.33333333333333,0.4,4.3999999999999995,1.0,,,,,,0,0,-2.3,90.0,4.775,98.25,0.15,2,0.5943761565849831,0.804187157621448,2021-2022,0
2022-02-07,2.3,0.1,-2.5,0.5666666666666667,82.0,6.699999999999999,78.5,0.0,2.6433225318180154,59.0,0.0,8.333333333333334,6.0,,,,,,0,0,-3.125,80.25,7.549999999999999,65.0,0.0,2,0.6081214998935418,0.7938439653781019,2021-2022,0
2022-02-08,0.0,0.0,-0.9,0.46666666666666673,88.5,3.4000000000000004,99.5,0.0,1.6716626507057089,100.0,0.0,3.9333333333333336,24.0,,,,,,0,0,0.35,87.25,3.475,99.75,0.0,2,0.6216868902665479,0.7832658619336791,2021-2022,0
2022-02-09,0.1,0.0,-3.7,4.066666666666666,96.5,4.85,90.5,0.0,0.4725176726843605,47.333333333333336,0.0,6.233333333333333,11.0,,,,,,0,0,-4.4750000000000005,94.5,5.975,60.5,0.0,2,0.6350683134867438,0.7724559775191742,2021-2022,0
2022-02-10,0.0,0.0,0.0,-1.1833333333333333,69.0,3.55,100.0,0.0,5.101462925890461,100.0,0.1,4.266666666666667,24.0,,,,,,0,0,1.975,69.75,4.075,100.0,0.025,2,0.6482618097757122,0.7614175109532997,2021-2022,0
2022-02-11,0.0,0.0,-2.5,1.5,88.5,5.6,8.5,0.0,1.6341588036259656,11.0,0.0,6.2,16.0,,,,,,0,0,-2.6750000000000003,89.75,6.0,9.25,0.0,2,0.6612634749656386,0.7501537286959042,2021-2022,0
2022-02-12,0.0,0.0,-3.1,2.5166666666666666,72.0,7.15,100.0,0.0,4.328153778063926,100.0,0.0,7.300000000000001,24.0,,,,,,0,0,-2.25,68.0,6.95,100.0,0.0,2,0.6740694616546161,0.7386679638813748,2021-2022,0
2022-02-13,0.0,0.0,-4.0,5.283333333333333,94.5,5.1,99.0,0.0,0.7462784447961157,100.0,0.0,4.833333333333333,24.0,,,,,,0,0,-3.675,90.25,4.975,99.5,0.0,2,0.6866759803451553,0.726963615332308,2021-2022,0
2022-02-14,1.2000000000000002,0.0,-0.9,3.0166666666666666,91.5,4.699999999999999,100.0,0.0,1.207317432926517,99.66666666666667,0.0,4.133333333333333,8.0,,,,,,0,0,-0.825,90.5,4.175,99.75,0.0,2,0.6990793005655562,0.7150441465537444,2021-2022,0
2022-02-15,0.0,0.0,-0.0,-0.39999999999999997,85.5,9.3,24.5,0.0,2.1534443283124514,73.66666666666667,0.0,10.4,24.0,,,,,,0,0,1.625,83.5,10.125,61.0,0.0,2,0.7112757519738152,0.7029130847082615,2021-2022,0
2022-02-16,6.199999999999999,1.4,-0.4,2.233333333333333,90.5,11.95,100.0,1.2,1.3681595027626203,100.0,2.2,13.266666666666666,0.0,,,,,,0,0,-0.1,90.5,12.299999999999999,100.0,0.625,2,0.7232617254437388,0.6905740195722294,2021-2022,0
2022-02-17,5.5,2.8,-2.9,1.6499999999999997,90.0,9.649999999999999,100.0,0.9,1.4048112264647905,100.0,1.7000000000000002,9.266666666666666,0.0,,,,,,0,0,-3.225,86.75,8.975,100.0,0.525,2,0.7350336741329412,0.6780306024735382,2021-2022,0
2022-02-18,1.7999999999999998,1.3,-1.0,-0.5166666666666666,88.5,7.4,96.0,0.8999999999999999,1.6661812841597459,77.0,0.5,6.566666666666667,0.0,,,,,,0,0,-0.32499999999999996,89.25,6.699999999999999,82.75,0.27499999999999997,2,0.746588114532413,0.6652865452111116,2021-2022,0
2022-02-19,0.0,0.0,-3.3,2.483333333333333,83.5,8.2,100.0,0.0,2.4092691838186466,100.0,0.0,7.6000000000000005,17.0,,,,,,0,0,-1.9,79.25,7.824999999999999,100.0,0.0,2,0.7579216274973472,0.6523456189565257,2021-2022,1
2022-02-20,6.7,0.2,2.5,-0.8499999999999999,97.0,7.55,100.0,1.1,0.425868379079237,100.0,1.1,9.433333333333332,0.0,,,,,,0,0,1.9,97.5,8.549999999999999,100.0,0.45,2,0.7690308592589181,0.6392116531380588,2021-2022,0
2022-02-21,4.1,0.1,-2.8,1.7833333333333332,85.0,10.1,98.0,0.9,2.166342100740808,89.66666666666667,1.1,9.833333333333334,0.0,,,,,,0,0,-2.5,83.5,9.5,92.0,0.4,2,0.7799125224167177,0.6258885343075018,2021-2022,0
2022-02-22,2.8,0.4,-1.6,0.65,87.0,11.0,100.0,1.5,1.903738816588004,99.0,2.2,10.533333333333333,0.0,,,,,,0,0,0.05,87.25,10.925,99.25,0.7,2,0.7905633969115482,0.612380204990065,2021-2022,0
2022-02-23,3.7,1.3,-2.0,0.23333333333333317,91.5,5.65,99.0,0.7,1.1924272154706337,99.66666666666667,0.5,5.433333333333334,0.0,,,,,,0,0,-2.125,90.75,5.750000000000001,99.25,0.275,2,0.8009803309782905,0.5986906625177214,2021-2022,0
2022-02-24,0.0,0.0,-3.5,1.9000000000000001,90.0,4.8,84.0,0.0,1.4130043529982088,66.33333333333333,0.1,4.533333333333333,13.0,,,,,,0,0,-2.375,88.5,4.675,74.0,0.025,2,0.8111602420785621,0.5848239578463322,2021-2022,0
2022-02-25,0.0,0.0,1.0,-1.9500000000000002,76.0,5.5,73.5,0.2,3.7126449042631906,88.66666666666667,0.5,4.433333333333334,0.0,,,,,,0,0,-0.5,80.5,4.45,84.25,0.15000000000000002,2,0.8211001178128892,0.5707841943569036,2021-2022,0
2022-02-26,0.30000000000000004,0.1,1.1,2.633333333333333,91.5,4.0,49.5,0.4,1.228820389565727,23.666666666666668,0.0,3.4,1.0,,,,,,0,0,1.375,90.75,3.525,32.5,0.1,2,0.8307970168121247,0.5565755266413303,2021-2022,1
2022-02-27,0.0,0.0,1.4,-0.5666666666666665,75.0,10.3,92.5,0.0,3.981729297056094,96.33333333333333,0.30000000000000004,12.666666666666666,24.0,,,,,,0,2,3.475,76.0,12.175,93.5,0.07500000000000001,2,0.8402480696078469,0.5422021592729844,2021-2022,0
2022-02-28,0.5,0.0,1.7,0.7333333333333332,71.5,4.35,59.0,0.0,4.686931782717864,65.66666666666667,0.0,2.4666666666666663,3.0,,,,,,0,0,4.425,70.0,3.3999999999999995,73.5,0.0,2,0.8494504794814806,0.527668345562516,2021-2022,0
2022-03-01,0.0,0.0,-0.4,2.8666666666666663,86.5,11.55,7.5,0.0,1.9949075646020735,54.666666666666664,0.0,10.866666666666665,24.0,,,,,,0,0,1.7,83.5,11.0,41.0,0.0,3,0.8584015232918917,0.512978386299228,2021-2022,0
2022-03-02,1.7000000000000002,1.1,2.8,0.6833333333333331,93.5,5.65,50.5,0.0,0.9526796106954887,32.333333333333336,0.0,4.466666666666667,4.0,,,,,,0,0,3.8999999999999995,90.75,4.825,36.25,0.0,3,0.8670985522812081,0.4981366284784055,2021-2022,0
2022-03-03,0.0,0.0,2.2,4.233333333333333,91.5,5.65,69.5,0.4,1.2550762228501662,51.0,0.2,5.7,0.0,,,,,,0,2,3.375,91.75,5.825,61.0,0.125,3,0.8755389928586302,0.4831474640149687,2021-2022,0
2022-03-04,0.0,0.0,2.1,0.3666666666666667,58.0,2.2,0.0,0.0,7.40193286726493,1.6666666666666667,0.0,2.5,15.0,,,,,,0,0,1.525,61.5,2.775,1.25,0.0,3,0.8837203473619977,0.4680153284438345,2021-2022,1
2022-03-05,0.0,0.0,0.5,0.7,83.0,12.100000000000001,35.0,0.0,2.5571030648607964,10.0,0.0,11.933333333333332,24.0,,,,,,0,0,1.9749999999999999,79.25,11.900000000000002,22.0,0.0,3,0.8916401947968874,0.45274469960737107,2021-2022,0
2022-03-06,1.5,1.7999999999999998,-0.3,2.483333333333333,84.0,7.3,66.0,4.3,2.381670726626079,69.33333333333333,3.7,8.700000000000001,0.0,,,,,,0,0,0.35,81.75,8.524999999999999,69.25,1.625,3,0.8992961915530253,0.4373400963303323,2021-2022,0
2022-03-07,3.5,1.5,0.5,0.21666666666666667,83.5,7.9,72.5,0.0,2.4623972332919286,74.66666666666667,0.0,7.266666666666667,2.0,,,,,,0,0,0.2,81.75,7.675,74.25,0.0,3,0.9066860720977985,0.4218060770826634,2021-2022,0
2022-03-08,0.0,0.0,-1.8,1.9666666666666668,73.5,7.449999999999999,0.0,0.0,4.131934139522102,21.666666666666668,0.0,6.866666666666666,24.0,,,,,,0,0,-1.45,75.5,6.975,16.25,0.0,3,0.9138076496466615,0.40614723863057883,2021-2022,1
2022-03-09,0.0,0.0,0.3,0.016666666666666663,47.0,5.199999999999999,78.0,0.0,10.193973819435891,97.0,0.0,4.533333333333332,24.0,,,,,,0,0,2.725,46.5,4.55,87.25,0.0,3,0.9206588168102428,0.3903682146763026,2021-2022,0
2022-03-10,0.0,0.0,-1.8,6.35,90.0,3.95,14.5,0.0,1.4318204252800364,72.0,0.0,3.9,24.0,,,,,,0,0,-0.17500000000000004,86.5,4.125,57.25,0.0,3,0.9272375462179537,0.374473674486883,2021-2022,0
2022-03-11,0.0,0.0,-1.0,4.033333333333333,84.0,11.2,0.0,0.0,2.381670726626079,0.0,0.0,10.033333333333333,24.0,,,,,,0,0,1.475,80.25,10.35,0.0,0.0,3,0.9335418911179212,0.35846832151248087,2021-2022,0
2022-03-12,0.0,0.0,3.4,-0.21666666666666634,87.0,4.3,42.5,0.0,1.9643121238786156,38.0,0.0,3.266666666666667,24.0,,,,,,0,0,5.324999999999999,83.25,3.625,39.0,0.0,3,0.9395699859530622,0.342356891994542,2021-2022,0
2022-03-13,0.0,0.0,4.5,1.583333333333333,87.5,11.149999999999999,100.0,0.0,1.913107217507096,100.0,0.30000000000000004,10.299999999999999,24.0,,,,,,0,2,6.425000000000001,85.25,10.5,100.0,0.07500000000000001,3,0.945320046913132,0.3261441535642696,2021-2022,0
2022-03-14,2.5,3.6,6.4,1.7833333333333332,93.5,4.0,100.0,1.3,0.9911872218455855,100.0,0.30000000000000004,3.3333333333333335,0.0,,,,,,0,2,9.725000000000001,94.25,3.8499999999999996,100.0,0.35000000000000003,3,0.9507903724625832,0.3098349038318025,2021-2022,0
2022-03-15,0.0,0.0,7.5,-0.9333333333333327,100.0,9.55,96.0,0.7,0.0,82.66666666666667,0.1,8.966666666666667,0.0,,,,,,0,1,6.525,99.5,9.25,87.0,0.175,3,0.9559793438440766,0.2934339689665273,2021-2022,0
2022-03-16,0.0,0.0,-0.3,4.35,85.0,8.6,0.0,0.0,2.221489127956911,0.0,0.0,7.566666666666666,19.0,,,,,,0,0,1.725,82.0,7.975,0.0,0.0,3,0.9608854255574977,0.27694620226893646,2021-2022,1
2022-03-17,0.0,0.0,0.1,7.933333333333335,92.0,7.5,65.0,0.0,1.1561508531925226,93.33333333333333,0.0,6.333333333333333,24.0,,,,,,0,0,2.65,91.5,6.75,82.25,0.0,3,0.9655071658143364,0.2603764827344581,2021-2022,0
2022-03-18,0.0,0.0,3.4,1.6333333333333333,95.5,3.05,100.0,0.0,0.6487145992823131,100.0,0.7,4.0,2.0,,,,,,0,2,3.9749999999999996,92.25,3.525,100.0,0.175,3,0.969843196967294,0.24372971360968387,2021-2022,0
2022-03-19,11.899999999999999,0.8999999999999999,5.8,1.7500000000000009,99.0,12.75,100.0,0.2,0.14426615870150084,100.0,0.1,11.033333333333331,0.0,,,,,,0,1,4.875,98.0,11.399999999999999,100.0,0.05,3,0.9738922359149924,0.22701082094141847,2021-2022,0
2022-03-20,0.30000000000000004,0.30000000000000004,2.6,0.7333333333333325,97.5,7.75,98.0,0.0,0.3550992335664682,98.33333333333333,0.1,7.5,4.0,,,,,,0,1,2.5999999999999996,96.75,7.5,97.75,0.025,3,0.9776530844816641,0.2102247521189836,2021-2022,0
2022-03-21,0.0,0.0,1.8,1.1166666666666665,73.5,3.75,100.0,0.0,4.251346185876337,100.0,0.0,2.6666666666666665,16.0,,,,,,0,0,3.075,75.0,2.9000000000000004,100.0,0.0,3,0.981124629771712,0.19337647441020586,2021-2022,0
2022-03-22,0.0,0.1,2.9,1.316666666666666,95.5,5.699999999999999,100.0,0.9,0.6481879697004755,100.0,2.9,4.066666666666666,0.0,,,,,,0,0,2.8,96.75,4.625,100.0,0.825,3,0.984305844499033,0.17647097349152166,2021-2022,0
2022-03-23,0.0,0.0,-3.3,4.183333333333333,93.5,7.85,73.5,0.0,0.8946628165612518,98.0,0.0,7.633333333333333,17.0,,,,,,0,0,-0.975,84.5,7.7,86.75,0.0,3,0.9871957872910085,0.15951325197263655,2021-2022,0
2022-03-24,2.6,0.1,4.1,1.083333333333334,89.5,1.35,76.0,0.0,1.5818372360014616,30.333333333333332,0.0,1.3666666666666665,6.0,,,,,,0,0,5.225,88.0,1.375,47.75,0.0,3,0.9897936029670716,0.14250832791617088,2021-2022,0
2022-03-25,0.0,0.0,0.3,5.550000000000001,94.5,7.25,3.5,0.0,0.7769425618992403,15.0,0.0,6.933333333333333,16.0,,,,,,0,0,2.5500000000000003,89.5,7.050000000000001,13.0,0.0,3,0.992098522791769,0.12546123335273648,2021-2022,1
2022-03-26,0.0,0.0,11.5,-1.0833333333333304,69.5,32.900000000000006,100.0,0.0,5.380511822747767,100.0,0.2,30.8,24.0,,,,,,0,1,11.725000000000001,71.25,30.375000000000004,100.0,0.05,3,0.9941098647022418,0.10837701279187609,2021-2022,0
2022-03-27,30.900000000000002,1.0,9.7,4.7333333333333325,99.5,14.4,100.0,1.0,0.07431252206806604,100.0,0.8999999999999999,11.866666666666667,0.0,,,,,,0,3,8.8,97.75,12.850000000000001,100.0,0.35,3,0.9958270335100595,0.09126072172931188,2021-2022,0
2022-03-28,0.0,0.0,5.9,0.2333333333333325,76.0,8.8,100.0,0.0,3.937634644896988,100.0,0.0,7.8,2.0,,,,,,0,0,7.0,75.0,8.15,100.0,0.0,3,0.9972495210773451,0.07411742515094437,2021-2022,0
2022-03-29,0.0,0.0,1.1,3.516666666666666,73.5,4.949999999999999,100.0,0.0,4.358506624037437,100.0,0.0,4.333333333333333,24.0,,,,,,0,0,7.199999999999999,74.75,4.449999999999999,100.0,0.0,3,0.998376906467142,0.056952196034039754,2021-2022,0
2022-03-30,0.0,0.0,9.6,0.8166666666666664,91.5,12.850000000000001,99.5,0.0,1.3156808931116277,83.66666666666667,0.0,13.166666666666666,24.0,,,,,,0,0,10.875,87.0,13.100000000000001,87.75,0.0,3,0.9992088560679753,0.03977011384605572,2021-2022,0
2022-03-31,0.0,0.0,11.8,0.21666666666666679,88.0,7.25,92.0,1.1,1.9144431803704265,100.0,3.9000000000000004,6.666666666666667,0.0,,,,,,0,3,11.6,91.0,6.6499999999999995,96.0,1.0,3,0.9997451236925734,0.022576263041545485,2021-2022,0
2022-04-01,0.7,0.30000000000000004,3.1,4.033333333333333,87.0,6.95,100.0,0.0,1.940600229333783,100.0,0.0,8.799999999999999,5.0,,,,,,0,0,3.275,79.25,8.35,100.0,0.0,4,0.9999855506507186,0.005375731557583884,2021-2022,0
2022-04-02,0.0,0.0,-2.6,4.966666666666667,83.0,4.25,2.5,0.0,2.497959775792896,35.333333333333336,0.0,3.1999999999999997,24.0,,,,,,0,0,0.6,75.0,3.625,27.75,0.0,4,0.9999300657962057,-0.011826390691832589,2021-2022,0
2022-04-03,1.1,0.0,4.8,1.583333333333333,89.0,5.05,100.0,0.0,1.6732289249275576,99.66666666666667,0.1,4.766666666666667,7.0,,,,,,0,1,6.9750000000000005,87.25,4.95,99.75,0.025,4,0.9995786855478958,-0.029025013321975237,2021-2022,0
2022-04-04,1.2000000000000002,0.2,8.1,1.3500000000000014,87.0,3.3499999999999996,100.0,0.0,2.0379191508413204,72.0,0.0,2.8666666666666667,6.0,,,,,,0,0,8.875,85.0,2.8499999999999996,79.0,0.0,4,0.9989315138848577,-0.046215046983708354,2021-2022,0
2022-04-05,0.0,0.0,5.4,2.3666666666666663,99.0,3.9,100.0,0.0,0.14449883455881718,100.0,0.0,3.466666666666667,17.0,,,,,,0,0,5.825,97.0,3.625,100.0,0.0,4,0.9979887423155984,-0.06339140486951038,2021-2022,0
2022-04-06,0.0,0.0,8.2,1.549999999999999,85.5,10.25,100.0,0.0,2.274715818705559,99.33333333333333,0.0,8.166666666666666,24.0,,,,,,0,0,9.525,80.75,8.85,99.5,0.0,4,0.9967506498213929,-0.08054900421874167,2021-2022,0
2022-04-07,0.0,0.0,5.5,4.283333333333333,92.5,5.6,0.0,0.0,1.1075444234600211,3.0,0.0,5.533333333333332,24.0,,,,,,0,0,7.475,83.75,5.299999999999999,2.25,0.0,4,0.9952176027737294,-0.09768276782171598,2021-2022,0
2022-04-08,5.300000000000001,0.4,7.8,3.033333333333334,94.0,4.1,95.5,0.0,0.8948159180678061,51.666666666666664,0.0,4.0,3.0,,,,,,0,0,7.550000000000001,88.75,4.125,61.5,0.0,4,0.9933900548258936,-0.11478762552212701,2021-2022,0
2022-04-09,0.0,0.0,5.7,0.18333333333333268,67.5,13.15,0.0,0.0,5.574685939479357,0.0,0.0,12.5,24.0,,,,,,0,0,9.425,64.75,12.625,0.0,0.0,4,0.9912685467787256,-0.13185851571739118,2021-2022,0
2022-04-10,0.0,0.0,7.9,4.833333333333334,82.0,11.65,0.0,0.0,2.8940997872451772,0.0,0.0,9.733333333333334,24.0,,,,,,0,0,11.649999999999999,76.75,10.175,0.0,0.0,4,0.9888537064205885,-0.1488903868564548,2021-2022,0
2022-04-11,0.0,0.0,11.6,3.416666666666666,72.0,12.5,100.0,0.0,4.900185606297207,99.33333333333333,0.0,12.033333333333333,24.0,,,,,,0,0,14.325,69.0,12.15,99.5,0.0,4,0.986146248341595,-0.16587819893463143,2021-2022,0
2022-04-12,0.0,0.0,13.6,1.549999999999999,88.0,12.2,28.5,0.0,1.9483485653757722,28.0,0.0,11.633333333333333,24.0,,,,,,0,0,15.1,81.0,11.700000000000001,22.0,0.0,4,0.9831469737221499,-0.1828169249850199,2021-2022,0
2022-04-13,0.0,0.0,12.4,4.033333333333333,94.5,10.7,98.5,0.0,0.8601533314765781,76.0,0.0,7.099999999999999,24.0,,,,,,0,0,15.55,86.0,7.999999999999999,82.0,0.0,4,0.9798567700958665,-0.1997015525660636,2021-2022,0
2022-04-14,0.0,0.0,13.0,2.4833333333333343,92.0,3.6,100.0,0.0,1.2747066459374707,100.0,0.5,3.1,15.0,,,,,,0,2,14.025,91.0,3.2,100.0,0.125,4,0.9762766110869321,-0.21652708524481437,2021-2022,0
2022-04-15,9.4,1.7,12.7,1.8000000000000007,98.0,4.699999999999999,100.0,0.6,0.3068864236354738,100.0,1.1,4.6000000000000005,0.0,,,,,,0,3,12.125,98.25,4.725,100.0,0.35,4,0.9724075561219968,-0.23328854407545518,2021-2022,0
2022-04-16,0.6,0.4,8.4,2.0166666666666657,97.0,15.950000000000001,100.0,0.6000000000000001,0.4473248404760337,100.0,0.9000000000000001,14.300000000000002,0.0,,,,,,0,3,8.1,95.0,14.675,100.0,0.275,4,0.9682507501166718,-0.2499809690726521,2021-2022,0
2022-04-17,0.0,0.0,2.2,3.55,82.0,4.85,57.5,0.0,2.7427310341640005,10.333333333333334,0.0,3.5666666666666664,18.0,,,,,,0,0,5.75,74.25,3.75,32.75,0.0,4,0.9638074231367307,-0.26659942067929354,2021-2022,0
2022-04-18,0.1,0.0,10.0,0.5499999999999989,89.0,10.05,100.0,0.0,1.7381775678690161,100.0,0.0,10.933333333333332,8.0,,,,,,0,0,12.45,83.0,10.725,100.0,0.0,4,0.9590788900341131,-0.28313898122818354,2021-2022,0
2022-04-19,0.0,0.0,6.3,5.6833333333333345,84.5,5.199999999999999,51.0,0.0,2.424507037422776,18.666666666666668,0.0,4.699999999999999,16.0,,,,,,0,0,8.5,83.25,5.05,34.25,0.0,4,0.9540665500578387,-0.2995947563972602,2021-2022,0
2022-04-20,0.0,0.0,5.4,3.383333333333333,76.0,8.2,0.5,0.0,3.886211003330355,0.6666666666666666,0.0,7.300000000000001,24.0,,,,,,0,0,9.475,70.0,7.249999999999999,0.5,0.0,4,0.9487718864399473,-0.31596187665790293,2021-2022,0
2022-04-21,0.0,0.0,11.8,0.5166666666666675,87.0,11.4,100.0,0.0,2.0980991493542653,100.0,0.0,12.1,24.0,,,,,,0,0,13.775,81.75,11.925,100.0,0.0,4,0.9431964659565866,-0.33223549871590435,2021-2022,0
2022-04-22,11.499999999999998,2.0999999999999996,13.1,1.3500000000000014,93.5,2.8000000000000003,100.0,0.0,1.0308551882240806,100.0,0.5,8.0,5.0,,,,,,0,2,13.925,95.75,6.1,100.0,0.125,4,0.9373419384643772,-0.3484108069446808,2021-2022,0
2022-04-23,0.0,0.0,9.7,2.333333333333334,81.0,3.8,99.0,0.0,3.1478122289347485,100.0,0.0,2.766666666666667,18.0,,,,,,0,0,14.35,76.0,3.0,99.5,0.0,4,0.9312100364121947,-0.3644830148102912,2021-2022,0
2022-04-24,0.0,0.0,10.3,3.516666666666664,65.5,9.45,100.0,0.0,6.269547902570328,100.0,0.0,9.4,15.0,,,,,,0,0,13.675,68.25,9.475,100.0,0.0,4,0.9248025743285089,-0.38044736628785164,2021-2022,0
2022-04-25,0.0,0.0,9.6,4.416666666666666,92.0,3.8499999999999996,30.0,0.0,1.2534823567710216,13.0,0.0,2.6,24.0,,,,,,0,0,14.55,86.5,2.9749999999999996,17.25,0.0,4,0.9181214482844365,-0.39629913726891813,2021-2022,0
2022-04-26,0.0,0.0,16.0,1.533333333333335,79.5,21.3,100.0,0.0,3.600486917872084,100.0,0.1,20.333333333333332,24.0,,,,,,0,1,18.6,79.75,20.400000000000002,100.0,0.025,4,0.9111686353326631,-0.41203363695942635,2021-2022,0
2022-04-27,20.099999999999998,6.9,19.3,1.5333333333333314,96.5,4.75,100.0,10.9,0.5679014165205061,100.0,19.400000000000002,8.700000000000001,0.0,,,,,,0,3,18.275,98.0,7.5249999999999995,100.0,5.125,4,0.9039461929224011,-0.42764620926777464,2021-2022,0
2022-04-28,0.0,0.0,7.1,3.6333333333333346,83.5,4.7,100.0,0.0,2.618983424594144,91.33333333333333,0.0,4.166666666666667,20.0,,,,,,0,0,9.95,74.75,4.3,93.5,0.0,4,0.8964562582905575,-0.44313223418263453,2021-2022,0
2022-04-29,0.0,0.0,13.1,1.25,79.0,12.05,100.0,0.0,3.5878215601345786,100.0,0.2,14.066666666666668,24.0,,,,,,0,2,15.55,76.5,13.375,100.0,0.05,4,0.8887010478292915,-0.45848712914008766,2021-2022,0
2022-04-30,2.9000000000000004,0.0,7.0,1.1833333333333336,90.5,13.5,100.0,0.1,1.4519326296870005,93.33333333333333,0.0,12.299999999999999,1.0,,,,,,0,0,8.175,84.5,12.600000000000001,95.0,0.025,4,0.8806828564301475,-0.47370635037968,2021-2022,0
2022-05-01,0.0,0.0,11.7,1.8833333333333346,87.0,10.4,100.0,1.2000000000000002,2.0890985200313814,100.0,1.0,8.433333333333335,0.0,,,,,,0,3,11.825,84.5,8.700000000000001,100.0,0.45000000000000007,5,0.8724040568049612,-0.48878539428899265,2021-2022,0
2022-05-02,0.2,0.0,6.3,3.2333333333333316,93.0,4.5,16.5,0.0,1.046738295489802,12.333333333333334,0.0,3.1,9.0,,,,,,0,0,8.15,82.75,3.325,13.5,0.0,5,0.8638670987837349,-0.503719798736334,2021-2022,0
2022-05-03,0.4,0.0,7.8,1.0166666666666666,81.5,2.5,38.5,0.0,2.971633331355906,36.0,0.0,3.933333333333333,9.0,,,,,,0,0,8.85,77.25,4.0,37.0,0.0,5,0.8550745085896932,-0.518505144391157,2021-2022,0
2022-05-04,0.0,0.0,6.4,2.633333333333333,74.5,11.45,0.0,0.0,4.240612943097798,0.0,0.0,9.333333333333334,24.0,,,,,,0,0,11.2,69.5,9.85,0.0,0.0,5,0.8460288880917339,-0.533137056031809,2021-2022,0
2022-05-05,0.0,0.0,9.2,4.7666666666666675,78.0,11.25,0.0,0.0,3.648700855743784,0.0,0.0,8.2,24.0,,,,,,0,0,13.475000000000001,72.75,8.9,0.0,0.0,5,0.8367329140344921,-0.5476112038402312,2021-2022,0
2022-05-06,0.0,0.0,11.0,4.816666666666668,81.5,10.95,95.5,0.0,3.058181923310592,100.0,0.0,10.633333333333333,24.0,,,,,,0,0,14.575,75.0,10.549999999999999,97.75,0.0,5,0.8271893372462497,-0.5619233046832195,2021-2022,0
2022-05-07,0.0,0.0,14.4,1.7500000000000018,80.0,12.649999999999999,28.5,0.0,3.388399796209953,14.333333333333334,0.0,9.133333333333333,24.0,,,,,,0,0,15.575,74.5,10.149999999999999,16.25,0.0,5,0.8174009818249189,-0.5760691233798758,2021-2022,0
2022-05-08,3.3000000000000003,0.1,10.0,6.25,94.5,7.75,100.0,0.0,0.8394528939551353,72.33333333333333,0.0,7.633333333333333,6.0,,,,,,0,0,10.425,88.5,7.800000000000001,79.25,0.0,5,0.8073707443023492,-0.5900444739548627,2021-2022,0
2022-05-09,0.0,0.0,6.4,3.5,82.5,1.2000000000000002,100.0,0.0,2.83648881168184,100.0,0.2,1.8333333333333333,24.0,,,,,,0,1,10.6,82.0,1.5750000000000002,100.0,0.05,5,0.7971015927871943,-0.6038452208771035,2021-2022,0
2022-05-10,0.0,0.0,4.8,6.1000000000000005,98.0,7.15,96.0,0.0,0.2904108779454857,73.0,0.0,5.0,14.0,,,,,,0,0,9.375,87.0,5.3500000000000005,79.75,0.0,5,0.7865965660866021,-0.6174672802835514,2021-2022,0
2022-05-11,0.0,0.0,14.0,1.1000000000000014,81.5,13.15,100.0,0.0,3.120581418066047,100.0,0.0,13.4,24.0,,,,,,0,0,15.399999999999999,76.25,13.275,100.0,0.0,5,0.7758587728069828,-0.6309066211876704,2021-2022,0
2022-05-12,0.0,0.0,15.0,2.333333333333332,79.5,13.05,100.0,0.0,3.529619564906005,100.0,0.0,15.0,19.0,,,,,,0,0,17.325,74.5,14.4,100.0,0.0,5,0.7648913904341226,-0.6441592666722685,2021-2022,0
2022-05-13,3.6,0.2,17.1,0.5166666666666622,83.0,14.7,100.0,0.1,2.935262627357062,100.0,0.2,12.766666666666667,0.0,,,,,,0,2,19.15,81.75,13.475,100.0,0.05,5,0.753697664392914,-0.6572212950663319,2021-2022,0
2022-05-14,8.5,6.8,18.2,0.8666666666666671,99.0,9.2,100.0,6.5,0.15947400734594552,100.0,6.9,10.733333333333333,0.0,,,,,,0,3,17.0,99.5,9.225,100.0,2.7,5,0.742280907086982,-0.6700888411055113,2021-2022,0
2022-05-15,0.0,0.0,12.4,-0.4499999999999993,61.0,5.550000000000001,100.0,0.0,7.274323515965952,95.66666666666667,0.0,4.8999999999999995,16.0,,,,,,0,0,13.099999999999998,53.5,5.525,96.75,0.0,5,0.7306444969184916,-0.6827580970759147,2021-2022,0
2022-05-16,0.0,0.0,9.7,2.1999999999999993,75.0,4.699999999999999,100.0,0.0,4.24322725247937,100.0,0.0,4.2,24.0,,,,,,0,0,12.45,73.5,4.3,100.0,0.0,5,0.7187918772884232,-0.6952253139408722,2021-2022,0
2022-05-17,0.0,0.0,11.7,1.8000000000000007,85.5,2.55,100.0,0.0,2.358618572119612,100.0,0.0,1.9666666666666668,24.0,,,,,,0,0,13.7,83.25,1.9749999999999999,100.0,0.0,5,0.7067265555776158,-0.7074868024503348,2021-2022,0
2022-05-18,0.0,0.0,7.2,7.233333333333335,79.5,6.9,32.5,0.0,3.352846717014118,50.666666666666664,0.0,4.3,24.0,,,,,,0,0,13.175,71.75,4.95,46.5,0.0,5,0.6944521021088763,-0.719538934232584,2021-2022,0
2022-05-19,0.0,0.0,10.4,5.6,90.5,12.5,0.0,0.0,1.4962142548634194,0.0,0.0,9.666666666666666,24.0,,,,,,0,0,14.950000000000001,80.0,10.325000000000001,0.0,0.0,5,0.6819721490904629,-0.7313781428679254,2021-2022,0
2022-05-20,0.0,0.0,11.7,5.5,72.0,8.6,100.0,0.0,4.907794123266571,100.0,0.0,7.6000000000000005,24.0,,,,,,0,0,15.674999999999999,71.0,7.75,100.0,0.0,5,0.6692903895412567,-0.7430009249440493,2021-2022,0
2022-05-21,0.0,0.3,15.1,2.983333333333336,85.5,7.65,100.0,0.0,2.4104267866358047,100.0,0.0,6.599999999999999,3.0,,,,,,0,0,15.7,84.75,7.050000000000001,100.0,0.0,5,0.6564105761979381,-0.7544038410927472,2021-2022,0
2022-05-22,3.2,3.0,14.4,1.799999999999999,97.0,2.3,39.5,0.0,0.47095018375506115,22.0,0.0,3.033333333333333,3.0,,,,,,0,0,15.75,90.75,2.825,23.25,0.0,5,0.6433365204044917,-0.765583517007675,2021-2022,0
2022-05-23,10.5,0.1,14.9,1.9666666666666632,97.5,7.800000000000001,100.0,0.30000000000000004,0.3924883391083611,57.333333333333336,0.1,7.266666666666666,0.0,,,,,,0,1,15.425,92.75,7.65,68.0,0.07500000000000001,5,0.6300720909843687,-0.7765366444428655,2021-2022,0
2022-05-24,0.0,0.0,9.6,5.199999999999999,88.5,10.7,44.0,0.0,1.8381019765776756,78.66666666666667,0.0,9.3,24.0,,,,,,0,0,15.225,83.0,9.75,63.75,0.0,5,0.6166212130956382,-0.7872599821916922,2021-2022,0
2022-05-25,0.0,0.0,17.4,1.6500000000000021,87.5,12.9,73.0,0.0,2.105423400957374,25.666666666666668,0.0,13.166666666666666,24.0,,,,,,0,0,19.349999999999998,80.75,12.975000000000001,40.25,0.0,5,0.6029878670694714,-0.7977503570459932,2021-2022,0
2022-05-26,0.0,0.0,17.3,1.75,80.0,16.65,100.0,0.0,3.5007446760263115,100.0,0.0,18.233333333333334,24.0,,,,,,0,0,18.875,77.25,17.725,100.0,0.0,5,0.5891760872322963,-0.8080046647350754,2021-2022,0
2022-05-27,11.299999999999999,7.699999999999999,16.6,2.5333333333333314,95.5,5.35,100.0,8.4,0.7231567185140442,100.0,1.0,3.533333333333333,0.0,,,,,,0,1,17.325,93.75,3.825,100.0,2.1,5,0.5751899607119775,-0.8180198708443175,2021-2022,0
2022-05-28,0.0,0.0,13.4,5.383333333333335,86.0,7.65,77.5,0.4,2.3072005158188755,45.0,0.2,5.633333333333333,0.0,,,,,,0,1,15.475,82.25,6.075,55.5,0.1,5,0.5610336262283677,-0.8277930117131022,2021-2022,0
2022-05-29,0.0,0.0,13.1,3.683333333333332,66.0,3.7,0.0,0.0,6.3155988202459294,0.0,0.0,2.4999999999999996,24.0,,,,,,0,0,18.45,62.5,3.125,0.0,0.0,5,0.5467112728685939,-0.8373211953118121,2021-2022,0
2022-05-30,0.0,0.0,11.9,7.783333333333333,81.5,13.600000000000001,54.5,0.0,3.110940975917611,31.666666666666668,0.0,10.066666666666668,24.0,,,,,,0,0,17.924999999999997,76.25,11.000000000000002,48.5,0.0,5,0.5322271388474397,-0.8466016020976267,2021-2022,0
2022-05-31,0.0,0.6,17.0,2.833333333333332,91.0,12.65,100.0,2.8,1.4831573542485081,100.0,5.1000000000000005,7.8,0.0,,,,,,0,3,17.725,91.5,9.325000000000001,100.0,1.45,5,0.5175855102531889,-0.8556314858488706,2021-2022,0
2022-06-01,0.7,0.0,12.0,3.4000000000000004,95.0,4.5,93.5,0.0,0.7783332271543237,97.66666666666667,0.0,3.4000000000000004,9.0,,,,,,0,0,14.45,83.25,3.5749999999999997,96.75,0.0,6,0.5027907197793043,-0.8644081744776648,2021-2022,0
2022-06-02,0.0,0.0,15.7,1.9666666666666686,89.5,10.399999999999999,19.0,0.0,1.731466036193245,3.6666666666666665,0.0,9.333333333333332,24.0,,,,,,0,0,18.5,82.5,9.65,9.75,0.0,6,0.4878471454423119,-0.8729290708206411,2021-2022,0
2022-06-03,0.0,0.0,15.8,2.1999999999999957,93.0,6.65,22.0,0.0,1.139267071106154,57.333333333333336,0.0,4.466666666666667,24.0,,,,,,0,0,18.75,84.75,4.95,49.0,0.0,6,0.47275920928627757,-0.881191653407483,2021-2022,0
2022-06-04,0.0,0.0,13.8,1.9999999999999982,96.5,5.85,100.0,0.0,0.5472732129900049,81.0,0.0,5.333333333333333,19.0,,,,,,0,0,14.9,90.5,5.35,85.75,0.0,6,0.4575313760742512,-0.8891934772070711,2021-2022,0
2022-06-05,0.0,0.0,14.2,1.4999999999999982,92.0,6.25,81.5,0.0,1.3016115203807619,73.66666666666667,0.0,6.133333333333333,24.0,,,,,,0,0,18.35,83.75,5.949999999999999,80.25,0.0,6,0.44216815196707204,-0.8969321743510065,2021-2022,0
2022-06-06,1.1,2.8,17.3,2.6833333333333336,85.5,9.05,100.0,4.4,2.458094332113344,100.0,4.9,9.4,0.0,,,,,,0,3,17.5,85.25,9.600000000000001,100.0,1.875,6,0.42667408318992467,-0.9044054548343001,2021-2022,0
2022-06-07,25.7,2.2,14.6,1.9666666666666668,96.0,14.1,100.0,1.9000000000000001,0.6307838069092799,100.0,1.6,13.266666666666666,0.0,,,,,,0,3,14.825,96.5,13.625,100.0,0.675,6,0.4110537546870351,-0.9116111071930239,2021-2022,0
2022-06-08,1.4000000000000001,0.1,13.4,0.9833333333333325,94.5,1.8,89.0,0.0,0.8702598810367288,92.0,0.0,1.7333333333333334,6.0,,,,,,0,0,14.775,91.25,1.75,93.25,0.0,6,0.3953117887649151,-0.9185469991587165,2021-2022,0
2022-06-09,0.0,0.0,9.8,5.300000000000001,95.0,8.1,29.0,0.0,0.7755964105431943,14.0,0.0,4.1,14.0,,,,,,0,0,15.125,87.0,5.25,18.25,0.0,6,0.37945284372454435,-0.925211078289358,2021-2022,0
2022-06-10,2.2,0.2,16.4,2.1999999999999993,93.5,6.8,100.0,4.2,1.0542177641795085,55.666666666666664,4.1,9.833333333333334,0.0,,,,,,0,3,18.075,89.5,8.774999999999999,66.75,1.0999999999999999,6,0.36348161248290634,-0.9316013725767187,2021-2022,0
2022-06-11,0.4,0.0,18.0,1.4166666666666679,90.5,9.25,100.0,0.0,1.5837402947921468,100.0,0.0,9.9,2.0,,,,,,0,0,19.15,88.25,9.524999999999999,100.0,0.0,6,0.3474028211842774,-0.9377159910299093,2021-2022,0
2022-06-12,0.30000000000000004,0.0,16.1,2.68333333333333,99.0,6.3,100.0,0.0,0.15728085563404015,100.0,0.0,7.8,10.0,,,,,,0,0,16.8,95.0,7.225,100.0,0.0,6,0.3312212278016865,-0.9435531242349544,2021-2022,0
2022-06-13,0.0,0.0,12.4,3.1833333333333336,85.5,7.2,100.0,0.0,2.3724410969141765,100.0,0.0,5.466666666666666,24.0,,,,,,0,0,15.325,78.25,5.95,100.0,0.0,6,0.31494162072895193,-0.9491110448902284,2021-2022,0
2022-06-14,0.0,0.0,18.9,0.6333333333333364,80.0,6.25,100.0,0.0,3.5301166164792566,100.0,0.0,4.666666666666667,24.0,,,,,,0,0,19.675,78.5,5.25,100.0,0.0,6,0.2985688173637202,-0.9543881083175908,2021-2022,0
2022-06-15,2.9,0.6000000000000001,17.0,0.75,80.5,20.65,100.0,0.2,3.4016816361471314,100.0,0.5,20.8,0.0,,,,,,0,3,18.3,79.75,20.825,100.0,0.125,6,0.2821076626819194,-0.9593827529490743,2021-2022,0
2022-06-16,1.5,0.30000000000000004,17.4,1.8000000000000007,94.0,9.5,100.0,0.0,0.9802225974955014,100.0,0.0,9.100000000000001,4.0,,,,,,0,0,19.375,91.25,8.975,100.0,0.0,6,0.26556302780405594,-0.9640935007889755,2021-2022,0
2022-06-17,8.0,0.0,18.6,1.3666666666666671,97.0,2.05,100.0,0.30000000000000004,0.48697560994403943,100.0,0.30000000000000004,2.733333333333334,0.0,,,,,,0,2,19.725,93.5,2.425,100.0,0.1,6,0.24893980855376657,-0.9685189578512204,2021-2022,0
2022-06-18,0.0,0.0,18.3,2.283333333333335,89.0,10.8,95.5,0.0,1.858320558466822,97.0,0.0,9.333333333333334,18.0,,,,,,0,0,21.725,83.75,9.75,97.75,0.0,6,0.23224292400907015,-0.9726578145718654,2021-2022,0
2022-06-19,0.0,0.0,18.0,3.1333333333333364,96.5,5.3,77.5,0.4,0.5696376213548824,64.33333333333333,0.8,6.066666666666666,0.0,,,,,,0,3,20.5,92.25,5.75,72.5,0.225,6,0.21547731504673012,-0.976508846196619,2021-2022,0
2022-06-20,2.3,0.0,19.0,3.7666666666666657,96.0,7.45,50.0,0.0,0.6572245340678364,41.333333333333336,0.0,3.8666666666666667,7.0,,,,,,0,0,22.025,89.25,4.875,44.25,0.0,6,0.19864794288017112,-0.9800709131432666,2021-2022,0
2022-06-21,0.0,0.0,18.3,4.983333333333331,95.5,6.95,100.0,0.0,0.7376862321212379,100.0,0.0,4.133333333333334,14.0,,,,,,0,0,21.925,87.75,4.9,100.0,0.0,6,0.18175978759137534,-0.9833429613388902,2021-2022,0
2022-06-22,0.30000000000000004,0.0,20.6,2.099999999999998,93.0,7.45,100.0,0.0,1.1745269122739899,100.0,0.0,6.7,2.0,,,,,,0,0,22.3,88.75,6.775,100.0,0.0,6,0.16481784665719793,-0.9863240225317866,2021-2022,0
2022-06-23,0.0,0.0,19.8,2.816666666666663,92.5,9.3,92.5,0.0,1.261835439489829,90.0,0.0,8.499999999999998,13.0,,,,,,0,0,22.6,88.25,8.625,92.25,0.0,6,0.14782713347053048,-0.9890132145779883,2021-2022,0
2022-06-24,0.2,0.0,24.4,0.4499999999999993,83.0,19.4,100.0,0.0,3.0811401119846913,100.0,0.0,19.5,3.0,,,,,,0,0,25.299999999999997,83.0,19.474999999999998,100.0,0.0,6,0.13079267585675922,-0.9914097417023038,2021-2022,0
2022-06-25,0.7999999999999999,18.2,22.4,4.0000000000000036,91.5,8.95,18.5,0.0,1.462983356383976,60.666666666666664,0.0,9.299999999999999,2.0,,,,,,0,0,24.7,87.5,8.95,47.25,0.0,6,0.11371951458594969,-0.9935128947338007,2021-2022,0
2022-06-26,0.0,0.0,21.4,3.4833333333333307,84.5,11.4,91.0,0.0,2.7529330924395587,94.0,0.0,11.633333333333333,13.0,,,,,,0,0,24.549999999999997,77.75,11.424999999999999,95.5,0.0,6,0.0966127018812031,-0.9953220513156602,2021-2022,0
2022-06-27,0.8,0.0,21.5,3.5500000000000007,93.0,9.0,100.0,7.8999999999999995,1.1825340996796925,100.0,16.1,9.799999999999999,0.0,,,,,,0,3,22.375,92.25,9.675,100.0,4.05,6,0.07947729992362097,-0.9968366760893436,2021-2022,0
2022-06-28,0.1,0.0,21.8,3.9999999999999964,86.0,10.75,100.0,0.0,2.467061944507808,70.66666666666667,0.0,8.6,8.0,,,,,,0,0,25.174999999999997,80.5,9.125,78.0,0.0,6,0.062318379354325076,-0.998056320853012,2021-2022,0
2022-06-29,0.0,0.0,22.3,3.866666666666667,87.5,10.05,100.0,0.0,2.1840887319390596,100.0,0.0,9.333333333333334,24.0,,,,,,0,0,24.799999999999997,82.0,9.35,100.0,0.0,6,0.04514101777397193,-0.9989806246941579,2021-2022,0
2022-06-30,0.0,0.0,22.4,4.550000000000001,89.5,5.050000000000001,16.0,0.0,1.8196906151631573,33.666666666666664,0.0,3.3000000000000003,24.0,,,,,,0,0,25.5,80.5,3.5750000000000006,28.75,0.0,6,0.02795029824021032,-0.999609314096404,2021-2022,0
2022-07-01,0.0,0.0,25.1,1.1333333333333293,75.0,1.8,1.0,0.0,4.720504484415066,0.3333333333333333,0.0,1.9666666666666668,24.0,,,,,,0,0,25.900000000000002,71.0,1.925,0.5,0.0,7,0.01075130776352193,-0.9999422030204416,2021-2022,0
2022-07-02,0.0,0.0,21.3,4.600000000000001,90.5,9.55,0.0,0.0,1.6299614499032984,0.0,0.0,5.8999999999999995,24.0,,,,,,0,0,25.325000000000003,81.25,6.775,0.0,0.0,7,-0.00645086419810515,-0.9999791929590823,2021-2022,0
2022-07-03,0.0,0.0,22.9,3.216666666666665,83.0,8.45,100.0,0.4,3.0537353410247405,100.0,0.0,7.566666666666667,1.0,,,,,,0,0,23.9,83.25,7.674999999999999,100.0,0.1,7,-0.023651127245231586,-0.9997202729664083,2021-2022,0
2022-07-04,4.2,15.3,22.0,1.3499999999999979,96.0,8.2,100.0,16.1,0.6672479638410351,100.0,20.400000000000002,7.599999999999999,0.0,,,,,,0,3,22.25,95.25,7.7749999999999995,100.0,6.525,7,-0.04084439154329611,-0.9991655196610109,2021-2022,0
2022-07-05,0.2,0.1,22.6,1.68333333333333,92.0,11.55,100.0,5.699999999999999,1.3613764652625235,100.0,8.1,11.966666666666667,0.0,,,,,,0,3,22.475,92.0,11.950000000000001,100.0,2.975,7,-0.05802556932878035,-0.9983150972033183,2021-2022,0
2022-07-06,0.1,0.0,21.3,3.0,93.5,2.9499999999999997,65.0,0.0,1.1013109894000195,62.0,0.1,6.0,12.0,,,,,,0,1,23.7,90.75,4.949999999999999,69.0,0.025,7,-0.07518957641475855,-0.9971692572470178,2021-2022,0
2022-07-07,0.3,0.0,20.3,4.116666666666667,97.0,5.1,65.0,0.0,0.493498105913698,38.333333333333336,0.0,2.566666666666667,12.0,,,,,,0,0,22.299999999999997,92.0,3.3999999999999995,53.75,0.0,7,-0.09233133369539122,-0.9957283388645872,2021-2022,0
2022-07-08,0.0,0.1,22.7,1.4833333333333343,91.0,6.55,100.0,0.0,1.5468925827593694,100.0,0.0,6.866666666666667,5.0,,,,,,0,0,24.174999999999997,86.0,6.525,100.0,0.0,7,-0.10944576864891556,-0.993992768446958,2021-2022,0
2022-07-09,0.0,0.0,22.4,1.9833333333333378,91.0,8.75,100.0,0.0,1.5521187241533312,99.66666666666667,0.0,8.166666666666666,24.0,,,,,,0,0,24.675,85.0,8.2,99.75,0.0,7,-0.12652781683868314,-0.9919630595773397,2021-2022,0
2022-07-10,6.2,0.2,22.8,1.3500000000000014,92.5,7.65,84.5,0.2,1.2824265203100822,99.0,2.0,8.066666666666668,0.0,,,,,,0,3,23.525,91.5,7.775,92.25,0.5,7,-0.1435724234118113,-0.9896398128792412,2021-2022,0
2022-07-11,0.2,0.0,22.3,2.2333333333333307,92.5,7.949999999999999,98.0,0.0,1.2814651181380547,90.66666666666667,0.0,6.8999999999999995,12.0,,,,,,0,0,24.525,87.25,7.1,93.0,0.0,7,-0.16057454459499376,-0.9870237158387383,2021-2022,0
2022-07-12,0.0,0.0,23.7,2.3000000000000007,93.0,2.25,100.0,9.7,1.1986297112230915,100.0,5.8,4.1,0.0,,,,,,0,3,24.0,92.75,3.4499999999999997,100.0,2.675,7,-0.17752914918703497,-0.984115542601034,2021-2022,0
2022-07-13,2.0,0.0,22.5,0.9166666666666679,95.0,1.7,100.0,0.1,0.844190068913246,100.0,1.7,2.0,0.0,,,,,,0,3,23.075,93.75,1.975,100.0,0.425,7,-0.19443122004766195,-0.9809161537413774,2021-2022,0
2022-07-14,0.2,0.0,21.1,2.283333333333328,91.0,7.1499999999999995,100.0,0.6,1.54457266574423,100.0,0.6,8.366666666666665,0.0,,,,,,0,1,23.299999999999997,89.0,7.675,100.0,0.15,7,-0.2112757555821793,-0.9774264960104055,2021-2022,0
2022-07-15,27.0,16.6,23.3,0.5166666666666622,91.5,7.75,100.0,1.6,1.4591513738863284,100.0,7.8,5.733333333333333,0.0,,,,,,0,3,23.225,91.5,6.025,100.0,1.9749999999999999,7,-0.2280577712215198,-0.9736476020539838,2021-2022,0
2022-07-16,0.0,0.0,21.3,2.5333333333333314,92.5,8.95,97.5,0.0,1.2675651039732827,100.0,0.0,10.933333333333332,13.0,,,,,,0,0,22.900000000000002,88.75,10.175,98.75,0.0,7,-0.24477230089725957,-0.9695805901076308,2021-2022,0
2022-07-17,16.3,0.0,22.0,0.7166666666666686,88.0,5.5,71.5,0.0,2.0884889893341523,42.666666666666664,0.0,3.1666666666666665,9.0,,,,,,0,0,23.724999999999998,84.25,3.725,57.0,0.0,7,-0.2614143985111562,-0.965226663665613,2021-2022,0
2022-07-18,0.0,0.0,20.3,3.116666666666667,89.5,4.4,100.0,2.4,1.7931976722922016,72.33333333333333,2.0,2.8333333333333335,0.0,,,,,,0,3,22.25,88.5,2.95,79.25,0.675,7,-0.2779791393987801,-0.9605871111248129,2021-2022,0
2022-07-19,0.5,0.2,23.5,1.6833333333333336,90.5,13.9,100.0,4.7,1.6471568439616462,100.0,17.5,13.633333333333333,0.0,,,,,,0,3,23.85,91.25,13.95,100.0,5.175,7,-0.2944616217868012,-0.9556633054034704,2021-2022,0
2022-07-20,10.700000000000001,1.5,22.5,1.3833333333333364,98.0,8.25,100.0,1.1,0.33176345767215665,98.0,1.8,7.566666666666666,0.0,,,,,,0,3,22.450000000000003,96.5,7.65,98.5,0.625,7,-0.3108569682435036,-0.9504567035349151,2021-2022,0
2022-07-21,0.0,0.0,22.5,2.0,86.5,4.6,69.0,0.0,2.3500410953679953,96.0,0.0,2.533333333333333,20.0,,,,,,0,0,23.3,84.0,3.175,84.25,0.0,7,-0.3271603271220951,-0.9449688462364056,2021-2022,0
2022-07-22,16.599999999999998,2.7,23.0,1.0166666666666657,92.5,8.95,26.0,0.0,1.2809845515892206,75.0,1.9,7.266666666666666,3.0,,,,,,0,2,23.925,91.5,7.5,61.25,0.475,7,-0.34336687399638804,-0.939201357453208,2021-2022,0
2022-07-23,6.6000000000000005,2.5999999999999996,20.2,1.9499999999999957,98.0,9.45,100.0,0.5,0.3265370498796365,83.66666666666667,1.4,9.333333333333334,0.0,,,,,,0,3,20.8,95.5,9.5,87.75,0.4,7,-0.3594718130884232,-0.9331559438780432,2021-2022,0
2022-07-24,0.5,0.0,18.2,3.3333333333333357,95.5,7.15,39.0,0.0,0.7348809030743411,23.333333333333332,0.0,4.666666666666667,10.0,,,,,,0,0,20.974999999999998,90.0,4.949999999999999,29.25,0.0,7,-0.3754703786876202,-0.9268343944460494,2021-2022,0
2022-07-25,0.0,0.0,23.8,1.4499999999999993,85.5,12.8,79.0,0.0,2.583615416380521,42.666666666666664,0.0,13.033333333333331,24.0,,,,,,0,0,25.05,82.0,13.075,52.25,0.0,7,-0.3913578365610259,-0.9202385798054075,2021-2022,0
2022-07-26,0.0,0.0,21.8,4.449999999999999,91.5,7.15,15.5,0.0,1.4482303903982547,11.333333333333334,0.0,4.433333333333334,16.0,,,,,,0,0,24.075000000000003,86.25,5.050000000000001,13.0,0.0,7,-0.4071294853542516,-0.9133704517637858,2021-2022,0
2022-07-27,0.4,0.0,22.9,2.81666666666667,95.0,4.35,65.5,0.0,0.8432395383978495,64.33333333333333,0.0,2.9333333333333336,12.0,,,,,,0,0,24.625,88.75,3.175,70.75,0.0,7,-0.4227806579826773,-0.9062320427107697,2021-2022,0
2022-07-28,5.5,0.5,24.8,0.5499999999999972,91.5,7.050000000000001,98.5,0.0,1.4816669269957856,74.0,0.0,8.200000000000001,3.0,,,,,,0,0,25.9,88.5,7.7,80.5,0.0,7,-0.4383067230125192,-0.898825465016444,2021-2022,0
2022-07-29,0.0,0.0,24.8,2.0,84.0,12.350000000000001,32.0,0.0,2.8948928463941535,15.333333333333334,0.0,12.966666666666667,14.0,,,,,,0,0,26.099999999999998,80.5,12.825000000000001,20.25,0.0,7,-0.45370308603134424,-0.8911529104063088,2021-2022,0
2022-07-30,0.0,0.0,25.0,1.9999999999999964,83.5,10.4,15.0,0.0,2.991802807999491,47.0,0.0,11.233333333333334,15.0,,,,,,0,0,26.225,79.75,11.05,37.0,0.0,7,-0.46896519100763184,-0.8832166493127127,2021-2022,0
2022-07-31,0.0,0.0,25.2,1.8833333333333329,85.5,9.95,70.5,0.0,2.6106389968543198,38.333333333333336,0.0,10.133333333333333,24.0,,,,,,0,0,26.625,82.0,10.125,47.75,0.0,7,-0.48408852163897587,-0.8750190302029955,2021-2022,0
2022-08-01,0.0,0.0,24.0,3.4499999999999993,89.5,9.85,71.0,0.0,1.839515566819955,77.33333333333333,0.0,9.200000000000001,16.0,,,,,,0,0,26.400000000000002,84.5,9.275,83.0,0.0,8,-0.4990686026885319,-0.8665624788845385,2021-2022,0
2022-08-02,0.0,0.0,23.9,4.316666666666666,92.5,8.95,95.5,0.0,1.292060273738631,100.0,0.0,5.733333333333333,13.0,,,,,,0,0,26.225,85.0,6.3999999999999995,97.75,0.0,8,-0.5139010013093103,-0.8578494977869301,2021-2022,0
2022-08-03,0.0,0.0,24.0,4.099999999999998,79.0,1.25,3.0,0.0,3.901909023399792,14.666666666666666,0.0,2.6666666666666665,24.0,,,,,,0,0,26.6,75.25,2.525,11.0,0.0,8,-0.5285813283559292,-0.8488826652214553,2021-2022,0
2022-08-04,3.4,1.2000000000000002,23.6,1.3666666666666671,96.0,1.95,100.0,7.7,0.6755742547387058,100.0,3.8,2.8333333333333335,0.0,,,,,,0,3,23.825000000000003,93.5,2.85,100.0,2.775,8,-0.5431052396834317,-0.8396646346181327,2021-2022,0
2022-08-05,3.3000000000000003,0.30000000000000004,22.6,1.5166666666666693,96.0,2.15,99.5,0.30000000000000004,0.6717831930245559,100.0,0.7000000000000001,3.3666666666666667,0.0,,,,,,0,3,23.025,95.75,2.9749999999999996,99.75,0.2,8,-0.5574684374327892,-0.8301981337405212,2021-2022,0
2022-08-06,0.4,0.0,24.0,0.9833333333333343,89.0,8.899999999999999,100.0,0.0,1.929585093116497,99.33333333333333,0.0,11.0,9.0,,,,,,0,0,25.224999999999998,85.25,10.399999999999999,99.5,0.0,8,-0.5716666713027052,-0.8204859638785327,2021-2022,0
2022-08-07,0.0,0.0,24.8,1.0500000000000043,83.5,13.45,97.0,0.0,2.990693167131557,90.0,0.0,13.266666666666667,17.0,,,,,,0,0,25.6,82.75,13.35,91.0,0.0,8,-0.5856957398073508,-0.8105309990194823,2021-2022,0
2022-08-08,0.0,0.0,25.4,1.2333333333333378,86.0,13.0,100.0,0.0,2.517173675718162,94.33333333333333,0.0,12.733333333333334,14.0,,,,,,0,0,26.300000000000004,84.25,12.675,95.75,0.0,8,-0.5995514915196489,-0.8003361849976323,2021-2022,0
2022-08-09,0.1,0.0,25.6,1.5500000000000007,86.5,11.15,91.0,0.0,2.424884471189671,72.33333333333333,0.0,11.566666666666668,11.0,,,,,,0,0,26.775,82.75,11.375,78.75,0.0,8,-0.6132298262997502,-0.7899045386224707,2021-2022,0
2022-08-10,5.8,0.0,24.8,1.0833333333333286,88.0,10.25,99.0,0.0,2.1278344516380834,93.66666666666667,0.0,10.933333333333332,9.0,,,,,,0,0,26.349999999999998,83.5,10.7,95.25,0.0,8,-0.6267266965083301,-0.7792391467859886,2021-2022,0
2022-08-11,0.0,0.0,25.1,2.4999999999999964,83.5,12.1,100.0,0.2,2.9951329516815584,100.0,0.1,12.766666666666666,0.0,,,,,,0,1,26.025,82.5,12.475,100.0,0.05,8,-0.6400381082043503,-0.7683431655492202,2021-2022,0
2022-08-12,0.0,0.0,26.0,1.0499999999999972,85.0,11.9,100.0,0.0,2.7094026784554757,100.0,0.0,12.233333333333334,24.0,,,,,,0,0,25.875,83.25,12.175,100.0,0.0,8,-0.65316012232693,-0.7572198192083127,2021-2022,0
2022-08-13,0.1,0.0,26.0,0.7666666666666657,80.0,11.899999999999999,94.5,0.0,3.7239836352010656,83.33333333333333,0.3,7.833333333333333,8.0,,,,,,0,1,26.875,78.75,9.174999999999999,87.25,0.075,8,-0.666088855860977,-0.7458723993404063,2021-2022,0
2022-08-14,0.0,0.0,23.1,1.9499999999999957,94.5,6.65,100.0,3.8,0.9335334638345891,100.0,3.3,5.3,0.0,,,,,,0,3,23.625,95.25,5.7,100.0,1.4,8,-0.6788204829862355,-0.734304263829602,2021-2022,0
2022-08-15,3.5000000000000004,0.5,23.4,1.4166666666666679,93.0,6.1,100.0,9.899999999999999,1.1986297112230915,85.33333333333333,4.6,6.133333333333333,0.0,,,,,,0,1,24.625,92.0,6.55,89.0,2.4749999999999996,8,-0.6913512362094071,-0.722518835873311,2021-2022,0
2022-08-16,0.30000000000000004,0.1,25.7,0.3000000000000007,89.5,8.0,95.0,0.0,1.8573803459919098,82.33333333333333,0.0,7.966666666666666,4.0,,,,,,0,0,26.65,87.5,8.0,86.75,0.0,8,-0.7036774074790128,-0.7105196029692745,2021-2022,0
2022-08-17,14.7,1.9,23.2,0.38333333333333286,95.0,5.2,100.0,4.6,0.8448240524418509,100.0,10.3,3.8000000000000003,0.0,,,,,,0,3,22.975,93.75,4.1000000000000005,100.0,3.1,8,-0.7157953492826642,-0.6983101158835584,2021-2022,0
2022-08-18,0.0,0.2,23.6,0.8999999999999986,92.5,6.75,100.0,13.899999999999999,1.2877206451136942,100.0,11.0,7.833333333333333,0.0,,,,,,0,3,23.375,94.25,7.925000000000001,100.0,4.6499999999999995,8,-0.7277014757264236,-0.6858939875998223,2021-2022,0
2022-08-19,0.0,0.0,18.8,3.366666666666667,95.0,5.05,10.5,0.0,0.8212120206984963,2.6666666666666665,0.0,3.366666666666667,13.0,,,,,,0,0,21.125,89.75,3.975,5.5,0.0,8,-0.7393922635959241,-0.673274892250183,2021-2022,0
2022-08-20,0.0,0.0,22.2,1.6833333333333371,82.5,7.8999999999999995,94.5,0.3,3.1480651228998475,96.33333333333333,1.7000000000000002,8.966666666666667,1.0,,,,,,0,2,23.849999999999998,84.5,8.625,97.25,0.5,8,-0.7508642533989489,-0.6604565640279754,2021-2022,0
2022-08-21,14.299999999999997,5.6,23.1,0.7333333333333307,96.5,2.0,100.0,0.1,0.5900150320000215,96.0,0.0,1.3666666666666665,1.0,,,,,,0,0,24.0,95.0,1.625,97.0,0.025,8,-0.7621140503891487,-0.6474427960827475,2021-2022,0
2022-08-22,0.0,0.0,23.7,1.5166666666666657,91.5,9.3,15.0,0.0,1.462435624344046,19.666666666666668,0.0,9.633333333333333,13.0,,,,,,0,0,24.825000000000003,86.25,9.55,17.75,0.0,8,-0.7731383255706026,-0.6342374393978054,2021-2022,0
2022-08-23,0.0,0.0,25.9,0.31666666666666643,84.0,8.2,99.0,0.4,2.9099452394674508,60.666666666666664,0.1,8.866666666666667,0.0,,,,,,0,1,26.5,83.75,8.799999999999999,70.5,0.1,8,-0.7839338166829201,-0.620844401650647,2021-2022,0
2022-08-24,1.5,0.0,23.6,2.31666666666667,98.5,2.9,100.0,0.2,0.2508013592608016,100.0,0.1,2.6333333333333333,0.0,,,,,,0,1,24.475,94.0,2.6,100.0,0.05,8,-0.7944973291665992,-0.6072676460566135,2021-2022,0
2022-08-25,0.0,0.4,22.9,1.31666666666667,94.5,3.0,99.5,2.1,0.9412468591221277,100.0,0.7,2.9333333333333336,1.0,,,,,,0,2,24.9,93.25,2.475,99.75,0.7000000000000001,8,-0.8048257371083452,-0.593511190196115,2021-2022,0
2022-08-26,5.4,0.6,23.6,0.7999999999999936,98.5,2.4,69.0,0.0,0.24967486046493192,77.0,0.0,2.1666666666666665,3.0,,,,,,0,0,23.525,95.5,2.2,67.25,0.0,8,-0.8149159841660791,-0.5795791048257612,2021-2022,0
2022-08-27,0.0,0.0,21.2,2.366666666666667,94.5,5.1,79.0,0.1,0.9282924623746212,97.66666666666667,0.0,4.166666666666667,1.0,,,,,,0,0,23.45,90.75,3.9499999999999997,87.75,0.025,8,-0.8247650844733614,-0.5654755126737576,2021-2022,0
2022-08-28,0.30000000000000004,0.0,21.6,1.5999999999999979,97.0,6.5,99.0,0.0,0.4955569779085707,80.66666666666667,0.1,8.233333333333333,11.0,,,,,,0,1,21.6,94.5,7.95,85.5,0.025,8,-0.8343701235229537,-0.5512045872199277,2021-2022,0
2022-08-29,0.0,0.0,16.0,2.7166666666666686,89.5,9.15,92.0,0.0,1.739457080356619,94.0,0.0,7.2,21.0,,,,,,0,0,19.475,85.5,7.625,95.5,0.0,8,-0.8437282590292712,-0.5367705514607103,2021-2022,0
2022-08-30,0.0,0.0,22.8,0.36666666666666714,89.0,6.4,100.0,0.1,1.9102124770227782,100.0,0.7,4.733333333333333,0.0,,,,,,0,2,23.775,88.0,5.05,100.0,0.175,8,-0.8528367217694595,-0.522177676659508,2021-2022,0
2022-08-31,2.1,0.1,24.2,0.8166666666666664,88.5,14.5,100.0,0.0,2.0259351292955827,100.0,0.0,14.366666666666667,4.0,,,,,,0,0,25.200000000000003,87.0,14.299999999999999,100.0,0.0,8,-0.8616928164028521,-0.5074302810827518,2021-2022,0
2022-09-01,2.0,0.0,25.0,0.8833333333333364,86.5,7.75,100.0,2.7,2.405170260924148,100.0,16.200000000000003,5.333333333333333,0.0,,,,,,0,3,24.5,89.0,6.5249999999999995,100.0,4.075,9,-0.8702939222685674,-0.49253272872205434,2022-2023,0
2022-09-02,2.2,0.0,22.2,1.7666666666666693,97.0,5.15,98.0,0.8,0.4991232871561557,100.0,2.1,3.8333333333333335,0.0,,,,,,0,3,22.775,95.5,3.8750000000000004,99.0,0.525,9,-0.8786374941610001,-0.4774894280028391,2022-2023,0
2022-09-03,0.4,0.0,22.5,1.4500000000000028,92.5,1.55,96.5,0.1,1.2785830642265452,100.0,0.2,5.266666666666667,0.0,,,,,,0,2,23.35,89.0,4.324999999999999,98.25,0.05,9,-0.886721063082993,-0.46230483047981086,2022-2023,0
2022-09-04,0.5,0.0,23.8,0.3999999999999986,87.0,7.65,51.0,0.0,2.2932548916882354,13.333333333333334,0.0,8.799999999999999,11.0,,,,,,0,0,24.75,84.0,8.5,30.5,0.0,9,-0.8945422369764496,-0.4469834295196741,2022-2023,0
2022-09-05,0.0,0.0,24.4,0.9000000000000021,83.5,12.600000000000001,36.5,0.0,2.9630182911652554,24.333333333333332,0.0,14.433333333333332,24.0,,,,,,0,0,24.674999999999997,80.5,13.900000000000002,29.75,0.0,9,-0.9020987014301837,-0.43152975897147144,2022-2023,0
2022-09-06,0.0,0.2,24.7,0.93333333333333,80.5,26.75,100.0,0.2,3.5814316158889383,100.0,0.30000000000000004,28.8,0.0,,,,,,0,3,24.9,80.25,28.0,100.0,0.1,9,-0.9093882203647925,-0.4159483918249421,2022-2023,0
2022-09-07,14.799999999999999,0.5,21.3,2.2333333333333307,94.5,4.95,100.0,0.1,0.9206322544120482,100.0,0.7,4.7,0.0,,,,,,0,3,21.525000000000002,93.75,4.775,100.0,0.175,9,-0.9164086366943458,-0.4002439388573056,2022-2023,0
2022-09-08,0.0,0.0,21.9,0.8333333333333357,94.0,2.65,83.5,0.0,1.0115830501289906,64.33333333333333,0.0,1.9666666666666668,14.0,,,,,,0,0,22.9,91.5,2.3,68.5,0.0,9,-0.9231578729647039,-0.38442104726885545,2022-2023,0
2022-09-09,2.7,0.4,21.7,1.8499999999999979,96.5,2.55,64.5,0.0,0.581426164116376,68.66666666666667,0.0,3.4333333333333336,2.0,,,,,,0,0,22.65,93.0,3.1500000000000004,67.0,0.0,9,-0.9296339319682695,-0.3684843993077793,2022-2023,0
2022-09-10,0.0,0.0,20.2,2.8833333333333293,100.0,4.6,31.0,0.0,0.0,33.333333333333336,0.0,2.866666666666667,14.0,,,,,,0,0,21.775,95.0,3.35,37.75,0.0,9,-0.9358348973349941,-0.35243871088460327,2022-2023,0
2022-09-11,0.1,0.0,21.9,1.7333333333333378,98.0,5.5,58.0,0.0,0.3293939969904258,81.33333333333333,0.0,3.5666666666666664,4.0,,,,,,0,0,22.925,93.0,4.025,69.5,0.0,9,-0.9417589340994617,-0.33628873017668287,2022-2023,0
2022-09-12,0.1,0.2,21.7,2.7333333333333343,90.5,8.399999999999999,100.0,0.0,1.6165136920463574,100.0,0.0,6.0,5.0,,,,,,0,0,22.95,85.75,6.5249999999999995,100.0,0.0,9,-0.9474042892438845,-0.32003923622313857,2022-2023,0
2022-09-13,0.2,0.0,20.4,4.216666666666665,99.0,5.199999999999999,97.0,0.0,0.1626069502527372,96.66666666666667,0.0,4.3999999999999995,9.0,,,,,,0,0,22.525,92.25,4.375,96.5,0.0,9,-0.9527692922168511,-0.30369503751065885,2022-2023,0
2022-09-14,0.0,0.0,21.8,2.9833333333333343,97.5,3.15,100.0,0.0,0.41188346476467785,100.0,0.0,1.8,13.0,,,,,,0,0,22.699999999999996,93.25,2.3,100.0,0.0,9,-0.9578523554276669,-0.28726097055059635,2022-2023,0
2022-09-15,0.1,0.2,24.0,0.6333333333333364,91.5,4.949999999999999,29.5,0.0,1.464627164435143,47.666666666666664,0.0,4.366666666666666,4.0,,,,,,0,0,24.5,85.25,4.675,47.0,0.0,9,-0.9626519747161487,-0.2707418984477642,2022-2023,0
2022-09-16,0.1,0.0,21.9,2.6666666666666643,82.0,12.15,40.5,0.0,3.205273098338818,14.0,0.0,11.566666666666668,12.0,,,,,,0,0,22.475,79.5,11.774999999999999,26.75,0.0,9,-0.9671667297977312,-0.2541427094613622,2022-2023,0
2022-09-17,0.0,0.0,19.6,3.633333333333333,86.0,9.25,98.0,0.0,2.4192780111587737,94.33333333333333,0.0,11.4,24.0,,,,,,0,0,22.65,76.75,10.8,95.25,0.0,9,-0.97139528468375,-0.23746831555846842,2022-2023,0
2022-09-18,0.0,0.0,25.1,-0.18333333333333357,79.5,9.1,100.0,0.2,3.803172312223097,100.0,0.1,9.200000000000001,0.0,,,,,,0,1,26.075,78.5,9.025,100.0,0.05,9,-0.9753363880767837,-0.2207236509605022,2022-2023,0
2022-09-19,0.6000000000000001,0.30000000000000004,25.3,0.8666666666666671,85.0,25.450000000000003,100.0,1.6,2.695369437500581,100.0,3.4000000000000004,26.400000000000002,0.0,,,,,,0,3,25.0,86.5,26.325000000000003,100.0,1.05,9,-0.9789888737409319,-0.20391367068311472,2022-2023,0
2022-09-20,5.5,7.0,21.6,3.9833333333333307,95.0,14.3,100.0,0.8,0.8205869332964717,100.0,0.5,14.133333333333333,0.0,,,,,,0,1,18.974999999999998,92.75,14.175,100.0,0.2,9,-0.9823516608469237,-0.18704334906991657,2022-2023,0
2022-09-21,0.0,0.0,15.3,0.3333333333333339,83.5,4.1,45.5,0.0,2.76858373088721,58.0,0.0,4.266666666666667,16.0,,,,,,0,0,15.525,82.0,4.225,53.5,0.0,9,-0.9854237542919524,-0.17011767832049052,2022-2023,0
2022-09-22,0.0,0.0,16.6,-0.8333333333333339,86.5,4.6,90.0,0.0,2.2885599272759,95.0,0.0,4.2,19.0,,,,,,0,0,19.1,85.25,4.199999999999999,93.25,0.0,9,-0.9882042449941422,-0.15314166701312007,2022-2023,0
2022-09-23,0.0,0.4,22.6,-0.36666666666666714,89.5,5.1,100.0,2.6,1.806080388180952,100.0,6.3,7.166666666666667,0.0,,,,,,0,3,22.125,88.75,6.75,100.0,1.975,9,-0.9906923101615609,-0.13612033862266704,2022-2023,0
2022-09-24,40.4,0.4,21.1,0.48333333333333073,99.0,11.850000000000001,100.0,1.9,0.1632248242030343,75.33333333333333,1.0,9.1,0.0,,,,,,0,2,20.950000000000003,94.75,9.925,81.5,0.5,9,-0.9928872135356962,-0.11905873003404988,2022-2023,0
2022-09-25,0.0,0.0,12.9,3.2333333333333325,94.5,3.95,81.5,0.0,0.8564623367878994,52.666666666666664,0.0,3.566666666666667,16.0,,,,,,0,0,14.15,88.75,3.8000000000000003,57.5,0.0,9,-0.994788305609327,-0.10196189005174576,2022-2023,0
2022-09-26,0.0,0.0,19.2,-0.41666666666666785,92.5,6.6,5.5,0.0,1.2485164559431254,47.333333333333336,0.0,6.933333333333334,24.0,,,,,,0,0,20.825000000000003,88.75,6.8,35.75,0.0,9,-0.9963950238187231,-0.08483487790576538,2022-2023,0
2022-09-27,0.0,0.0,18.6,1.7833333333333314,93.5,3.75,32.0,0.0,1.0729320805202,72.0,0.0,4.166666666666667,24.0,,,,,,0,0,20.05,89.75,3.95,60.5,0.0,9,-0.9977068927101168,-0.06768276175455162,2022-2023,0
2022-09-28,22.299999999999997,0.0,18.8,1.5499999999999972,97.0,1.7000000000000002,75.0,0.1,0.48586181646234294,73.0,0.0,3.033333333333333,1.0,,,,,,0,0,19.525,93.5,2.6,79.75,0.025,9,-0.9987235240803972,-0.050510617185222886,2022-2023,0
2022-09-29,0.0,0.0,17.4,1.8833333333333364,97.0,4.1,33.0,0.0,0.4769972903418047,17.0,0.0,4.233333333333333,13.0,,,,,,0,0,17.35,92.0,4.05,18.5,0.0,9,-0.9994446170919858,-0.033323525711631344,2022-2023,0
2022-09-30,0.0,0.0,15.8,3.216666666666665,100.0,7.4,100.0,0.0,-1.7763568394002505e-15,36.0,0.0,5.0,24.0,,,,,,0,0,17.075,95.0,5.675,52.0,0.0,9,-0.9998699583618592,-0.016126573270657762,2022-2023,0
2022-10-01,0.0,0.0,16.3,2.5333333333333314,96.5,7.949999999999999,29.5,0.0,0.5545354856869782,12.666666666666666,0.0,6.333333333333333,24.0,,,,,,0,0,17.724999999999998,89.5,6.8,15.25,0.0,10,-0.9999994220246925,0.001075151282798226,2022-2023,0
2022-10-02,0.0,0.0,13.3,4.666666666666668,100.0,7.550000000000001,43.0,0.0,0.0,13.0,0.0,6.733333333333333,24.0,,,,,,0,0,15.1,92.25,6.9,29.25,0.0,10,-0.999832969770105,0.018276557681691223,2022-2023,0
2022-10-03,0.0,0.0,19.9,0.14999999999999858,90.0,6.3,66.0,0.0,1.6634430226340058,92.66666666666667,0.0,7.833333333333333,24.0,,,,,,0,0,18.900000000000002,86.0,7.65,78.0,0.0,10,-0.9993706508539969,0.03547255575312556,2022-2023,0
2022-10-04,0.0,0.0,21.3,0.43333333333333357,81.5,14.3,100.0,0.0,3.2916732231818706,97.0,0.0,14.266666666666666,24.0,,,,,,0,0,21.675,81.0,14.275,97.75,0.0,10,-0.9986126020839734,0.052658056924614005,2022-2023,0
2022-10-05,12.2,12.5,17.0,5.566666666666663,96.5,7.45,99.0,0.0,0.5590448687272573,100.0,0.0,7.300000000000001,4.0,,,,,,0,0,16.4,95.0,7.4750000000000005,99.5,0.0,10,-0.9975590477788613,0.06982797572987089,2022-2023,0
2022-10-06,0.0,0.0,10.9,2.1333333333333364,81.0,6.65,100.0,0.0,3.153960292243763,100.0,0.0,7.333333333333333,24.0,,,,,,0,0,12.3,81.0,7.199999999999999,100.0,0.0,10,-0.9962102997023297,0.0869772313136861,2022-2023,0
2022-10-07,0.0,0.0,14.4,-1.4833333333333343,89.0,10.0,100.0,3.3,1.7939331822025384,100.0,12.3,10.1,0.0,,,,,,0,3,14.899999999999999,88.75,9.875,100.0,3.425,10,-0.9945667569706337,0.1041007489354256,2022-2023,0
2022-10-08,2.3,0.8,13.9,2.1333333333333346,95.5,7.95,100.0,0.0,0.7060214204269055,99.66666666666667,0.0,7.566666666666666,6.0,,,,,,0,0,13.875,93.25,7.8,99.75,0.0,10,-0.9926289059345095,0.121193461470736,2022-2023,0
2022-10-09,0.0,0.0,10.8,1.0666666666666647,89.5,6.4,100.0,0.0,1.6819360856894328,100.0,0.0,5.833333333333333,24.0,,,,,,0,0,14.225000000000001,86.25,5.975,100.0,0.0,10,-0.9903973200352558,0.1382503109109819,2022-2023,0
2022-10-10,7.1000000000000005,4.4,17.1,-0.8333333333333321,88.0,21.55,100.0,11.8,2.0155058228136635,99.66666666666667,10.2,17.26666666666667,0.0,,,,,,0,3,18.525,87.5,18.099999999999998,99.75,3.8000000000000003,10,-0.9878726596350429,0.15526624985999563,2022-2023,0
2022-10-11,0.6000000000000001,0.2,11.6,4.183333333333332,78.5,8.5,84.0,0.0,3.596833584971196,57.0,0.0,6.8,3.0,,,,,,0,0,12.625000000000002,76.0,7.25,67.0,0.0,10,-0.9850556718215013,0.172236243027682,2022-2023,0
2022-10-12,0.0,0.0,11.3,2.1166666666666654,91.0,4.75,100.0,0.0,1.4201992979795062,100.0,0.0,6.6000000000000005,16.0,,,,,,0,0,12.549999999999999,88.25,6.025,100.0,0.0,10,-0.981947190186646,0.18915526872004093,2022-2023,0
2022-10-13,0.0,0.0,11.4,2.5666666666666664,87.0,2.95,65.0,0.0,2.0915513341576766,97.33333333333333,0.0,3.3666666666666667,24.0,,,,,,0,0,13.5,83.75,3.1,80.5,0.0,10,-0.9785481345802031,0.20601832032517084,2022-2023,0
2022-10-14,0.0,0.0,12.5,2.366666666666667,97.0,5.6,14.5,0.0,0.4634907513833575,6.333333333333333,0.0,4.766666666666667,24.0,,,,,,0,0,14.100000000000001,93.5,4.9750000000000005,11.0,0.0,10,-0.9748595108374125,0.22282040779479959,2022-2023,1
2022-10-15,0.0,0.0,14.7,1.3999999999999986,97.0,4.5,96.0,0.0,0.469307655623588,68.33333333333333,0.0,3.5666666666666664,24.0,,,,,,0,0,15.275,92.75,4.025,76.25,0.0,10,-0.9708824104813836,0.23955655912092708,2022-2023,0
2022-10-16,0.0,0.0,13.8,3.066666666666663,98.0,9.5,85.5,0.0,0.3105018622454754,48.333333333333336,0.0,9.2,15.0,,,,,,0,0,15.350000000000001,93.75,9.200000000000001,56.75,0.0,10,-0.9666180104000972,0.2562218218071163,2022-2023,1
2022-10-17,1.2,0.1,17.0,1.7666666666666693,92.5,4.55,100.0,1.2,1.2343241628333246,96.0,0.5,6.533333333333334,0.0,,,,,,0,1,18.675,91.5,5.925,97.0,0.3,10,-0.9620675724981452,0.27281126433401914,2022-2023,0
2022-10-18,0.7999999999999999,0.4,12.3,4.416666666666668,95.5,6.75,31.0,0.0,0.6969845699738784,49.333333333333336,0.0,4.466666666666667,5.0,,,,,,0,0,12.274999999999999,93.75,5.1499999999999995,44.5,0.0,10,-0.957232443323312,0.28931997761869527,2022-2023,0
2022-10-19,0.0,0.0,5.8,4.1000000000000005,92.5,7.2,0.0,0.0,1.1151557156848568,0.3333333333333333,0.0,6.966666666666666,24.0,,,,,,0,0,6.95,84.5,6.9750000000000005,0.25,0.0,10,-0.9521140536681102,0.3057430764672831,2022-2023,0
2022-10-20,0.0,0.0,5.9,2.9499999999999993,72.0,7.949999999999999,0.0,0.0,4.667193981758531,0.0,0.0,5.6000000000000005,24.0,,,,,,0,0,8.1,69.75,6.225,0.0,0.0,10,-0.9467139181463862,0.3220757010206104,2022-2023,0
2022-10-21,0.0,0.0,7.3,2.916666666666667,93.5,11.15,8.5,0.0,0.9770965296711616,32.333333333333336,0.0,11.066666666666668,24.0,,,,,,0,0,9.05,88.25,11.0,26.25,0.0,10,-0.9410336347451197,0.3383130181923076,2022-2023,0
2022-10-22,0.0,0.0,14.4,-1.1500000000000004,80.5,10.5,100.0,0.0,3.315437925389821,100.0,0.0,10.4,24.0,,,,,,0,0,15.175,80.75,10.5,100.0,0.0,10,-0.9350748843515574,0.3544502230989869,2022-2023,0
2022-10-23,0.1,2.3,16.0,-1.1333333333333329,96.5,3.2,100.0,0.6,0.5568952709725465,69.0,0.2,3.6666666666666665,1.0,,,,,,0,2,16.15,95.25,3.725,76.75,0.19999999999999998,10,-0.9288394302558068,0.3704825404820963,2022-2023,0
2022-10-24,0.1,0.0,11.3,1.883333333333331,94.5,4.45,98.5,0.0,0.8501056125191795,46.333333333333336,0.0,4.866666666666666,3.0,,,,,,0,0,11.475,92.5,4.9,59.5,0.0,10,-0.9223291176290545,0.3864052261209853,2022-2023,0
2022-10-25,1.3,0.0,6.8,2.466666666666666,90.0,4.75,3.5,0.0,1.5210616147652463,0.0,0.0,6.033333333333332,7.0,,,,,,0,0,7.7,84.5,5.575,1.75,0.0,10,-0.9155458729775467,0.40221356823680365,2022-2023,0
2022-10-26,0.0,0.0,3.2,4.766666666666666,95.5,7.4,1.5,0.0,0.6460835842113903,0.6666666666666666,0.0,7.066666666666667,24.0,,,,,,0,0,4.574999999999999,89.5,7.15,0.75,0.0,10,-0.9084917035725082,0.41790288888678667,2022-2023,0
2022-10-27,0.0,0.0,5.6,2.4000000000000004,91.0,9.3,100.0,0.0,1.3542511278175864,57.333333333333336,0.0,8.866666666666667,24.0,,,,,,0,0,7.199999999999999,86.75,8.950000000000001,68.0,0.0,10,-0.9011686968561569,0.4334685453485363,2022-2023,0
2022-10-28,0.0,0.0,6.1,3.1333333333333346,98.5,7.800000000000001,65.5,0.0,0.2174077966742054,31.0,0.0,6.3,24.0,,,,,,0,0,7.275,93.25,6.700000000000001,35.25,0.0,10,-0.8935790198239952,0.4489059314938798,2022-2023,0
2022-10-29,0.0,0.0,9.2,2.3166666666666664,100.0,4.7,23.5,0.0,0.0,10.0,0.0,4.633333333333334,24.0,,,,,,0,0,9.774999999999999,97.25,4.65,14.25,0.0,10,-0.8857249183835637,0.4642104791518923,2022-2023,0
2022-10-30,0.0,0.0,6.2,4.333333333333333,99.0,5.15,94.5,0.0,0.1451396593033376,94.0,0.0,5.566666666666666,14.0,,,,,,0,0,6.625,95.0,5.6,94.5,0.0,10,-0.8776087166898392,0.4793776594606945,2022-2023,0
2022-10-31,0.0,0.0,3.8,4.466666666666668,99.0,7.65,1.0,0.0,0.1424692739235831,0.0,0.0,7.800000000000001,24.0,,,,,,0,0,5.65,91.75,7.7,0.5,0.0,10,-0.8692328164574792,0.49440298420761813,2022-2023,0
2022-11-01,0.4,0.0,13.9,0.6333333333333329,71.0,10.25,100.0,0.2,5.188130529880688,100.0,2.3,6.733333333333333,1.0,,,,,,0,2,14.025,76.75,7.55,100.0,0.625,11,-0.8605996962501181,0.5092820071573356,2022-2023,0
2022-11-02,3.6,0.0,13.3,-0.21666666666666679,76.5,2.8499999999999996,11.5,0.0,4.093108984288415,29.0,0.0,2.8333333333333335,8.0,,,,,,0,0,14.549999999999999,80.5,2.7249999999999996,22.25,0.0,11,-0.8517119107469189,0.5240103253675756,2022-2023,0
2022-11-03,0.0,0.0,6.8,5.150000000000001,95.5,8.2,7.5,0.0,0.6694195065115638,4.0,0.0,7.3999999999999995,24.0,,,,,,0,0,8.875,90.5,7.6,3.75,0.0,11,-0.8425720899866032,0.5385835804920232,2022-2023,1
2022-11-04,1.1,0.2,12.7,1.5999999999999996,94.5,2.35,100.0,0.1,0.8588102364380443,100.0,0.2,3.5,1.0,,,,,,0,2,12.55,93.5,3.4,100.0,0.07500000000000001,11,-0.8331829385891785,0.5529974600700271,2022-2023,0
2022-11-05,0.0,0.0,5.4,2.9999999999999982,84.5,5.4,10.5,0.0,2.404244852576642,14.0,0.0,4.0,14.0,,,,,,0,0,6.975,80.75,4.1,11.0,0.0,11,-0.8235472349556007,0.5672476988027229,2022-2023,0
2022-11-06,0.0,0.0,4.5,5.85,85.0,3.05,0.5,0.0,2.305960456401059,6.333333333333333,0.0,2.766666666666667,24.0,,,,,,0,0,6.425000000000001,81.25,2.6999999999999997,5.0,0.0,11,-0.8136678304455991,0.5813300798152042,2022-2023,1
2022-11-07,0.0,0.0,2.7,6.05,99.0,6.35,94.5,0.0,0.14102837092330356,96.33333333333333,0.0,7.333333333333333,24.0,,,,,,0,0,4.1,92.25,7.0249999999999995,94.75,0.0,11,-0.8035476485339116,0.5952404359043674,2022-2023,0
2022-11-08,0.0,0.0,7.0,1.4499999999999993,85.0,2.0,49.5,0.1,2.3788003934005415,44.666666666666664,0.0,1.5666666666666667,1.0,,,,,,0,0,9.625,84.25,1.65,46.75,0.025,11,-0.7931896839451843,0.6089746507720486,2022-2023,0
2022-11-09,0.0,0.0,4.3,4.583333333333335,93.0,4.4,0.0,0.0,1.027121610970256,0.0,0.0,3.7000000000000006,16.0,,,,,,0,0,5.45,90.5,3.8,0.0,0.0,11,-0.7825970017677834,0.6225286602431057,2022-2023,0
2022-11-10,0.0,0.0,5.9,1.9999999999999982,84.0,11.0,4.0,0.0,2.4881173148827607,39.0,0.0,11.1,24.0,,,,,,0,0,6.825,80.5,11.05,31.25,0.0,11,-0.7717727365467837,0.6358984534680745,2022-2023,1
2022-11-11,0.0,0.0,7.4,1.9333333333333336,88.0,5.9,4.0,0.0,1.8578514833239748,5.333333333333333,0.0,5.133333333333334,24.0,,,,,,0,0,8.975000000000001,87.5,5.325,4.75,0.0,11,-0.7607200913564104,0.6490800741100398,2022-2023,0
2022-11-12,0.0,0.0,9.1,0.5499999999999989,87.5,11.25,0.0,0.0,1.9624632444586467,0.0,0.0,11.9,24.0,,,,,,0,0,10.100000000000001,83.0,11.725,0.0,0.0,11,-0.7494423368521953,0.6620696215153815,2022-2023,0
2022-11-13,0.0,0.0,15.4,-1.2000000000000028,83.5,18.549999999999997,100.0,0.0,2.803938532042217,100.0,0.0,19.499999999999996,24.0,,,,,,0,0,16.7,83.0,19.099999999999998,100.0,0.0,11,-0.7379428103031386,0.6748632518680403,2022-2023,0
2022-11-14,4.2,0.4,9.9,4.300000000000001,84.5,10.05,71.5,0.0,2.4760192871852906,77.0,0.0,11.333333333333334,3.0,,,,,,0,0,9.05,83.0,11.125,73.75,0.0,11,-0.7262249146041543,0.6874571793269664,2022-2023,0
2022-11-15,0.0,0.0,8.5,0.5666666666666664,81.0,4.7,79.0,0.0,3.052669587164904,40.666666666666664,0.0,3.5666666666666664,24.0,,,,,,0,0,8.45,80.0,3.8499999999999996,50.75,0.0,11,-0.7142921172691032,0.699847677146407,2022-2023,0
2022-11-16,3.8000000000000003,2.0,8.0,2.0166666666666675,94.5,5.300000000000001,83.0,0.3,0.8275486051954148,60.0,0.1,5.5,1.0,,,,,,0,1,7.55,94.5,5.050000000000001,63.25,0.1,11,-0.7021479494046978,0.7120310787787131,2022-2023,0
2022-11-17,0.9000000000000001,0.0,6.7,1.7000000000000002,95.5,5.35,95.0,0.0,0.6664799365781482,96.66666666666667,0.0,5.6000000000000005,8.0,,,,,,0,0,6.9,94.5,5.6000000000000005,95.0,0.0,11,-0.6897960046655887,0.7240037789593305,2022-2023,0
2022-11-18,0.0,0.0,4.5,4.233333333333334,87.0,3.2,0.5,0.0,1.974631636794045,0.0,0.0,3.9,24.0,,,,,,0,0,5.575,85.5,3.6999999999999997,0.25,0.0,11,-0.6772399381909491,0.7357622347736527,2022-2023,1
2022-11-19,0.0,0.0,7.5,3.716666666666667,77.5,5.35,13.0,0.0,3.7432112045083423,6.333333333333333,0.0,5.066666666666666,24.0,,,,,,0,0,8.9,82.25,5.199999999999999,8.0,0.0,11,-0.6644834655228552,0.7473029667054297,2022-2023,1
2022-11-20,0.0,0.0,9.0,-1.5666666666666664,80.0,4.85,100.0,0.1,3.2946516478169894,100.0,2.5,3.9666666666666663,0.0,,,,,,0,3,10.350000000000001,84.25,4.375,100.0,0.625,11,-0.6515303615068021,0.75862255966641,2022-2023,0
2022-11-21,17.900000000000002,1.2,11.1,0.41666666666666785,95.0,4.699999999999999,100.0,0.0,0.7698344676909823,60.666666666666664,0.0,4.499999999999999,3.0,,,,,,0,0,11.225000000000001,95.75,4.7749999999999995,70.5,0.0,11,-0.6383844591746642,0.769717664006921,2022-2023,0
2022-11-22,0.1,0.2,11.3,2.1333333333333346,100.0,0.75,100.0,0.0,1.7763568394002505e-15,98.0,0.0,1.8999999999999997,4.0,,,,,,0,0,9.95,96.25,1.5499999999999998,98.5,0.0,11,-0.6250496486104377,0.7805849965070866,2022-2023,0
2022-11-23,0.0,0.0,8.9,1.9999999999999982,79.5,7.85,100.0,0.0,3.466164193889661,100.0,0.1,6.633333333333333,24.0,,,,,,0,1,13.225000000000001,80.5,7.124999999999999,100.0,0.025,11,-0.6115298757991053,0.7912213413483807,2022-2023,0
2022-11-24,8.7,1.7000000000000002,11.4,1.3499999999999996,96.0,10.600000000000001,78.0,0.7,0.6108873446060841,92.33333333333333,0.4,10.833333333333334,0.0,,,,,,0,2,10.649999999999999,94.5,11.075000000000001,83.25,0.19999999999999998,11,-0.5978291414589552,0.801623551065242,2022-2023,0
2022-11-25,0.0,0.0,6.1,3.666666666666666,97.0,5.550000000000001,19.5,0.0,0.43917287980864117,27.0,0.0,6.233333333333334,19.0,,,,,,0,0,5.949999999999999,94.5,5.975,23.25,0.0,11,-0.5839514998576998,0.8117885474764613,2022-2023,0
2022-11-26,0.0,0.0,12.6,-0.6499999999999986,79.0,8.0,100.0,1.1,3.5532653643558216,99.33333333333333,0.5,10.1,0.0,,,,,,0,2,12.875,80.75,9.4,99.5,0.325,11,-0.5699010576127624,0.821713322596059,2022-2023,0
2022-11-27,5.1,0.30000000000000004,7.3,5.6000000000000005,94.0,4.5,54.0,0.0,0.903793991575732,90.33333333333333,0.0,6.466666666666666,5.0,,,,,,0,0,8.1,91.5,5.3,71.25,0.0,11,-0.5556819724760489,0.8313949395234058,2022-2023,0
2022-11-28,0.0,0.0,4.2,1.5,56.0,10.75,100.0,0.0,8.256556989310122,100.0,0.0,11.133333333333333,24.0,,,,,,0,0,10.225000000000001,59.0,11.1,100.0,0.0,11,-0.5412984521036173,0.8408305333122887,2022-2023,0
2022-11-29,0.0,0.0,16.8,-0.46666666666666856,83.0,20.9,100.0,0.30000000000000004,2.911846186818007,100.0,0.30000000000000004,26.0,0.0,,,,,,0,3,17.2,83.25,24.049999999999997,100.0,0.125,11,-0.5267547528105542,0.8500173118187018,2022-2023,0
2022-11-30,35.5,0.30000000000000004,13.7,3.1999999999999993,98.0,13.4,100.0,0.5,0.3086914995996892,100.0,0.7,12.966666666666667,0.0,,,,,,0,3,12.649999999999999,97.75,12.725,100.0,0.25,11,-0.5120551783114646,0.8589525565270845,2022-2023,0
2022-12-01,1.5999999999999999,0.2,5.1,2.1333333333333346,94.0,10.55,100.0,0.9,0.8865955303130946,99.0,1.3,12.1,0.0,,,,,,0,3,5.2,93.0,11.65,99.25,0.42500000000000004,12,-0.4972040784469378,0.8676336233547726,2022-2023,0
2022-12-02,2.0999999999999996,0.8,3.7,1.1999999999999993,93.0,8.05,98.0,0.7,1.0225571570251786,99.66666666666667,1.3,6.3,0.0,,,,,,0,1,3.05,94.75,6.65,98.75,0.44999999999999996,12,-0.4822058478963526,0.8760579434344281,2022-2023,0
2022-12-03,0.0,0.0,-0.6,2.466666666666667,94.5,6.5,52.0,0.0,0.7724788127889306,79.0,0.0,7.166666666666667,14.0,,,,,,0,0,0.1499999999999999,91.5,6.8500000000000005,72.5,0.0,12,-0.46706492487743034,0.8842230238742036,2022-2023,0
2022-12-04,0.0,0.0,5.8,0.18333333333333446,85.0,4.2,84.5,0.0,2.3245304015486403,100.0,0.0,2.433333333333333,24.0,,,,,,0,0,6.6000000000000005,83.75,2.8000000000000003,92.25,0.0,12,-0.451785789832884,0.8921264484954345,2022-2023,0
2022-12-05,0.7,0.0,4.3,2.3499999999999996,94.5,4.55,98.0,0.0,0.8137673611478844,84.0,0.0,3.766666666666667,2.0,,,,,,0,0,5.699999999999999,93.25,4.2,87.5,0.0,12,-0.4363729641045924,0.8997658785476209,2022-2023,0
2022-12-06,0.9,0.0,7.3,-0.11666666666666625,94.0,12.5,75.5,0.7,0.9012756298365172,80.33333333333333,2.6,11.733333333333334,0.0,,,,,,0,3,6.975,94.5,12.075,81.75,0.75,12,-0.42083100859565564,0.9071390534005044,2022-2023,0
2022-12-07,6.300000000000001,0.8999999999999999,3.5,1.0333333333333332,94.0,10.2,100.0,0.6000000000000001,0.8794780916407885,100.0,1.6,9.766666666666667,0.0,,,,,,0,3,4.275,94.75,9.325,100.0,0.45000000000000007,12,-0.4051645224207563,0.9142437912130223,2022-2023,0
2022-12-08,3.9,0.0,4.2,1.6333333333333329,86.0,4.35,99.0,0.30000000000000004,2.163015905005915,99.33333333333333,0.5,4.133333333333334,0.0,,,,,,0,3,5.925,87.25,3.9999999999999996,99.5,0.15,12,-0.3893781415452015,0.9210779895789526,2022-2023,0
2022-12-09,0.0,0.0,3.5,3.1000000000000005,85.0,5.45,8.5,0.0,2.2800864860093837,23.0,0.0,7.833333333333333,15.0,,,,,,0,0,2.875,89.25,7.25,20.0,0.0,12,-0.37347653741307074,0.9276396261490467,2022-2023,0
2022-12-10,0.0,0.0,6.5,-1.5333333333333323,88.5,6.7,12.0,0.0,1.7367382349942124,25.666666666666668,0.0,7.0,24.0,,,,,,0,0,4.675,88.0,6.925,21.0,0.0,12,-0.3574644155648614,0.9339267592294762,2022-2023,0
2022-12-11,0.0,0.0,7.5,-0.4500000000000002,94.0,4.6,100.0,3.6,0.9066764059920738,100.0,3.0999999999999996,3.6999999999999997,0.0,,,,,,0,3,7.949999999999999,95.0,4.25,100.0,1.325,12,-0.34134651424503615,0.9399375283564133,2022-2023,0
2022-12-12,0.0,0.0,1.1,3.1333333333333333,89.5,4.449999999999999,12.0,0.0,1.5326190472474837,4.666666666666667,0.0,5.366666666666667,19.0,,,,,,0,0,1.0499999999999998,87.25,4.85,6.5,0.0,12,-0.3251276029999093,0.9456701548465688,2022-2023,0
2022-12-13,0.5,1.2,6.7,-0.2666666666666666,85.0,12.45,99.5,5.4,2.3628294097441644,99.66666666666667,6.6000000000000005,7.633333333333334,0.0,,,,,,0,3,7.7,87.25,9.024999999999999,99.75,2.2,12,-0.30881248126625377,0.9511229423235357,2022-2023,0
2022-12-14,4.1000000000000005,0.4,5.4,0.7000000000000002,95.0,16.65,100.0,2.0,0.7321656949546251,100.0,2.8,15.433333333333332,0.0,,,,,,0,1,4.074999999999999,94.25,15.575,100.0,1.0,12,-0.29240597695107734,0.9562942772197719,2022-2023,0
2022-12-15,2.0,0.5,1.2,-0.06666666666666643,93.0,8.149999999999999,82.5,1.1,1.0101600960592547,82.33333333333333,0.7999999999999999,8.566666666666666,0.0,,,,,,0,0,1.6,92.0,8.325,86.75,0.37500000000000006,12,-0.27591294500296043,0.9611826292540837,2022-2023,0
2022-12-16,1.9,0.6,3.1,-0.583333333333333,74.0,8.85,100.0,0.6000000000000001,4.2065154250397,100.0,3.2,7.999999999999999,0.0,,,,,,0,0,3.5500000000000003,82.75,7.999999999999999,100.0,0.85,12,-0.2593382659754056,0.9657865518844574,2022-2023,0
2022-12-17,0.2,0.0,1.9,0.9166666666666665,92.5,6.35,99.5,0.0,1.0919558197772723,99.0,0.0,8.233333333333333,11.0,,,,,,0,0,2.4,92.0,7.45,99.25,0.0,12,-0.2426868445825954,0.9701046827361175,2022-2023,0
2022-12-18,10.3,1.9,0.2,2.5166666666666666,88.5,10.15,100.0,1.5,1.672348450074224,99.66666666666667,1.3,12.233333333333334,0.0,,,,,,0,0,-0.3,88.25,11.8,99.75,0.525,12,-0.22596360824801906,0.974135744004672,2022-2023,0
2022-12-19,3.7,1.0,-1.1,-0.46666666666666656,89.0,9.5,100.0,3.7,1.584625677205406,100.0,2.8000000000000003,10.800000000000002,0.0,,,,,,0,0,-1.0,86.5,10.125,100.0,1.35,12,-0.20917350564635637,0.9778785428342386,2022-2023,0
2022-12-20,2.7,0.9,-0.4,0.7833333333333334,92.0,3.65,84.5,1.5,1.1453167852225887,89.66666666666667,1.7999999999999998,3.7999999999999994,0.0,,,,,,0,0,0.19999999999999998,92.0,3.7249999999999996,92.25,0.6,12,-0.19232150523909483,0.9813319716704275,2022-2023,0
2022-12-21,0.2,0.0,0.9,0.5999999999999998,91.5,4.5,100.0,0.0,1.2333449075660052,100.0,0.0,6.133333333333333,11.0,,,,,,0,0,0.85,91.75,5.725,100.0,0.0,12,-0.17541259380427843,0.9844950085880858,2022-2023,0
2022-12-22,1.7999999999999998,3.4,7.0,-1.1499999999999995,83.5,9.3,100.0,8.2,2.6179444798455576,100.0,7.0,5.133333333333333,0.0,,,,,,0,3,7.125000000000001,88.5,5.9750000000000005,100.0,3.125,12,-0.15845177496083632,0.9873667175937016,2022-2023,0
2022-12-23,5.0,2.5,-2.3,3.6833333333333327,61.5,13.95,97.0,0.0,6.381361862158182,92.0,0.0,14.5,3.0,,,,,,0,0,-3.1,59.25,14.224999999999998,93.5,0.0,12,-0.14144406768794202,0.9899462489023779,2022-2023,0
2022-12-24,1.2,4.0,-0.5,-0.4833333333333334,91.5,12.6,100.0,0.7,1.2278160645389011,100.0,1.3,9.7,0.0,,,,,,0,0,1.125,94.5,11.375,100.0,0.39999999999999997,12,-0.12439450483979998,0.9922328391893008,2022-2023,0
2022-12-25,6.199999999999999,1.7999999999999998,2.2,-0.5333333333333334,91.0,12.0,99.0,1.4,1.3181084428435352,76.0,2.3,10.633333333333333,0.0,,,,,,0,0,2.3,89.5,11.100000000000001,82.0,0.7,12,-0.10730813165636247,0.9942258118156161,2022-2023,0
2022-12-26,5.5,1.3,0.5,0.9833333333333334,89.0,12.75,75.0,0.4,1.60753730443076,56.333333333333336,0.5,10.566666666666666,0.0,,,,,,0,0,0.7000000000000001,88.5,11.274999999999999,64.75,0.19999999999999998,12,-0.09019000427034513,0.9959245770286599,2022-2023,0
2022-12-27,2.6,0.8,0.5,0.7999999999999998,93.5,5.449999999999999,99.5,1.1,0.9270501190870036,99.33333333333333,0.8999999999999999,4.666666666666667,0.0,,,,,,0,0,0.825,92.5,4.949999999999999,99.5,0.37500000000000006,12,-0.07304518821104743,0.9973286321364752,2022-2023,0
2022-12-28,0.0,0.0,-3.2,6.483333333333333,83.5,6.15,31.0,0.0,2.3873845003673138,28.333333333333332,0.0,7.233333333333333,15.0,,,,,,0,0,-3.5250000000000004,83.75,6.9750000000000005,29.75,0.0,12,-0.05587875690537313,0.9984375616565666,2022-2023,0
2022-12-29,1.5,0.0,0.2,3.8666666666666663,90.5,7.2,98.0,0.4,1.3861850866578285,96.0,1.4,4.766666666666667,0.0,,,,,,0,0,1.75,90.75,5.675,96.0,0.375,12,-0.03869579017652689,0.9992510374388481,2022-2023,0
2022-12-30,3.6999999999999997,2.3,0.7,1.1333333333333337,91.5,4.35,89.0,0.30000000000000004,1.2253070392567382,84.33333333333333,0.2,5.366666666666667,0.0,,,,,,0,0,0.3,93.25,5.15,84.25,0.1,12,-0.021501372740813793,0.999768818762748,2022-2023,0
2022-12-31,0.6,0.0,1.9,-0.08333333333333326,90.0,4.1,95.5,0.0,1.4716172316110812,76.0,0.0,4.533333333333334,9.0,,,,,,0,0,2.375,89.5,4.3,81.75,0.0,12,-0.004300592702981974,0.9999907524084426,2022-2023,0
2023-01-01,2.3,0.9,3.7,-1.4666666666666668,81.0,5.75,76.0,0.4,2.9589693740188574,74.0,0.4,5.066666666666666,0.0,,,,,,0,2,3.5,82.0,5.225,71.25,0.15000000000000002,1,0.017201575418260506,0.9998520419557735,2022-2023,1
2023-01-02,5.1,0.8999999999999999,2.4,0.8333333333333339,95.5,4.8,100.0,0.30000000000000004,0.6439826112964548,100.0,0.30000000000000004,5.133333333333333,0.0,,,,,,0,2,1.9,96.25,5.125,100.0,0.125,1,0.03439806061360801,0.9994082116062598,2022-2023,0
2023-01-03,0.0,0.0,-3.9,2.0833333333333335,84.0,5.449999999999999,74.5,0.0,2.3033481580279282,69.33333333333333,0.0,4.6,21.0,,,,,,0,0,-3.6750000000000003,84.25,4.975,64.25,0.0,1,0.051584366869408364,0.9986686402879997,2022-2023,0
2023-01-04,0.0,0.30000000000000004,0.2,0.21666666666666667,92.0,4.949999999999999,67.5,0.1,1.1354691426748083,70.66666666666667,0.0,4.533333333333332,1.0,,,,,,0,0,-0.825,91.0,4.55,75.25,0.025,1,0.06875540848113941,0.9976335468520451,2022-2023,0
2023-01-05,0.9,0.1,0.1,-0.25,86.0,5.2,99.5,0.1,2.0663529897373456,86.33333333333333,0.0,6.933333333333334,1.0,,,,,,0,0,-0.85,86.75,6.375,89.5,0.025,1,0.08590610426133272,0.9963032375991965,2022-2023,0
2023-01-06,0.2,0.0,-2.7,2.9833333333333334,86.5,1.4,99.5,0.0,1.9892058562008788,98.66666666666667,0.0,2.466666666666667,10.0,,,,,,0,0,-0.175,88.0,2.1,99.0,0.0,1,0.10303137904317879,0.9946781061893646,2022-2023,0
2023-01-07,0.1,0.4,0.6,0.4999999999999999,89.5,6.45,75.5,0.0,1.517007565807589,72.0,0.0,7.400000000000001,5.0,,,,,,0,0,-0.425,89.0,7.275,70.25,0.0,1,0.1201261651823505,0.9927586335250793,2022-2023,0
2023-01-08,0.2,0.0,1.7,1.1333333333333335,93.5,3.9,77.5,0.0,0.9369545571716216,84.0,0.0,3.1999999999999997,4.0,,,,,,0,0,2.525,92.5,3.375,76.75,0.0,1,0.13718540405660057,0.9905453876091833,2022-2023,0
2023-01-09,0.0,0.5,4.0,1.466666666666666,89.0,7.65,56.0,0.2,1.6498552934686237,51.666666666666664,0.30000000000000004,5.2,0.0,,,,,,0,2,4.175,87.75,5.85,53.5,0.1,1,0.1542040475626894,0.988039023376751,2022-2023,0
2023-01-10,9.899999999999999,1.4,0.5,5.166666666666667,85.5,13.05,73.5,0.6000000000000001,2.1437795256362318,80.33333333333333,0.6,11.833333333333334,0.0,,,,,,0,0,0.175,83.75,12.175,84.0,0.2,1,0.17117705961019986,0.985240282501282,2022-2023,0
2023-01-11,0.0,0.0,-4.3,5.1499999999999995,84.0,6.050000000000001,44.5,0.0,2.302389316599955,71.66666666666667,0.0,5.933333333333334,13.0,,,,,,0,0,-4.625,84.25,6.175000000000001,66.0,0.0,1,0.18809941761179758,0.9821499931752291,2022-2023,0
2023-01-12,0.0,0.0,-3.6,2.8666666666666667,76.5,11.149999999999999,9.5,0.0,3.51193790729839,23.0,0.0,9.533333333333333,24.0,,,,,,0,0,-4.0,77.0,10.2,19.25,0.0,1,0.20496611396949532,0.9787690698649216,2022-2023,0
2023-01-13,0.0,0.0,0.4,1.35,78.5,12.5,0.0,0.0,3.313036764593986,19.0,0.0,13.766666666666667,24.0,,,,,,0,0,1.125,77.75,13.35,14.25,0.0,1,0.22177215755648186,0.975098513039961,2022-2023,0
2023-01-14,7.499999999999999,0.3,9.3,-0.3000000000000007,89.0,13.9,100.0,1.7000000000000002,1.7170702997092295,100.0,0.9,13.1,0.0,,,,,,0,2,8.975000000000001,89.75,13.274999999999999,100.0,0.625,1,0.23851257519407648,0.9711394088771653,2022-2023,0
2023-01-15,0.6,0.0,6.2,3.8833333333333337,99.5,3.8499999999999996,100.0,0.0,0.0724668785449003,100.0,0.0,3.533333333333333,10.0,,,,,,0,0,5.7749999999999995,99.0,3.9749999999999996,100.0,0.0,1,0.2551824131233728,0.9668929289391521,2022-2023,0
2023-01-16,0.1,0.0,4.6,1.2666666666666675,90.0,0.8500000000000001,100.0,0.3,1.5222777189642631,100.0,0.0,2.3666666666666667,1.0,,,,,,0,0,6.475,91.0,2.0999999999999996,100.0,0.075,1,0.2717767384711357,0.9623603298276545,2022-2023,0
2023-01-17,0.0,0.0,-2.6,3.216666666666667,80.0,6.75,62.5,0.0,2.96815826273651,50.333333333333336,0.0,5.1000000000000005,24.0,,,,,,0,0,-1.85,73.25,5.725,48.75,0.0,1,0.2882906407095177,0.9575429528116719,2022-2023,0
2023-01-18,0.0,0.0,-2.7,2.6833333333333336,75.5,3.95,76.5,0.0,3.7819114929423963,100.0,0.8999999999999999,1.7,24.0,,,,,,0,0,0.375,79.25,2.6250000000000004,88.25,0.22499999999999998,1,0.3047192331091634,0.9524422234305676,2022-2023,0
2023-01-19,0.30000000000000004,0.0,-0.2,1.6666666666666667,92.0,6.65,83.5,0.0,1.1415603123859943,100.0,0.0,6.533333333333334,11.0,,,,,,0,0,0.7749999999999999,91.25,6.5,91.75,0.0,1,0.321057654185271,0.9470596510722283,2022-2023,1
2023-01-20,0.0,0.0,0.8,0.9666666666666668,89.0,6.0,68.0,0.0,1.6095087595771311,54.666666666666664,0.0,7.233333333333333,14.0,,,,,,0,0,1.15,88.25,6.8999999999999995,59.75,0.0,1,0.3373010691361842,0.9413968285264122,2022-2023,1
2023-01-21,4.3999999999999995,1.2999999999999998,-1.3,3.1166666666666667,82.5,7.55,25.0,0.0,2.581291443880276,36.333333333333336,0.0,8.700000000000001,4.0,,,,,,0,0,-3.6,82.25,8.575,32.25,0.0,1,0.3534446712740877,0.9354554315134164,2022-2023,0
2023-01-22,0.0,0.0,-5.4,2.95,81.0,6.8,100.0,0.0,2.7851471753765633,100.0,0.0,5.766666666666666,24.0,,,,,,0,0,-2.9499999999999997,81.0,6.199999999999999,100.0,0.0,1,0.3694836834473831,0.9292372181882051,2022-2023,0
2023-01-23,0.0,0.0,-0.9,2.0833333333333335,87.5,3.1,100.0,0.30000000000000004,1.8140269865069771,100.0,0.4,3.5,0.0,,,,,,0,0,-0.65,88.25,3.2750000000000004,100.0,0.125,1,0.38541335945432564,0.9227440286201427,2022-2023,0
2023-01-24,0.1,0.0,3.8,-0.7499999999999996,82.0,5.1,100.0,0.0,2.774028123605529,92.33333333333333,0.0,7.0,12.0,,,,,,0,0,2.8249999999999997,82.5,6.3999999999999995,94.25,0.0,1,0.4012289854475009,0.9159777842484877,2022-2023,0
2023-01-25,7.2,1.3,-7.2,1.4000000000000004,69.0,9.8,99.0,0.2,4.7355305693672705,99.33333333333333,0.4,7.866666666666667,0.0,,,,,,0,0,-6.875,72.5,8.775,99.25,0.1,1,0.4169258813287287,0.908940487313808,2022-2023,0
2023-01-26,0.0,0.2,-5.1,0.09999999999999964,83.5,4.3,100.0,2.1,2.3893699323225848,100.0,1.9,5.400000000000001,0.0,,,,,,0,0,-3.05,87.5,5.35,100.0,0.725,1,0.4324994021339788,0.901634220265486,2022-2023,0
2023-01-27,3.8,0.5,0.8,-0.6833333333333333,91.0,4.15,100.0,1.1,1.3010178359193596,100.0,1.0,4.733333333333333,0.0,,,,,,0,0,0.675,88.5,4.45,100.0,0.4,1,0.44794493940789115,0.8940611451454876,2022-2023,0
2023-01-28,3.2,0.2,-5.3,4.416666666666666,90.0,6.449999999999999,100.0,0.2,1.3745869711847263,100.0,0.30000000000000004,5.233333333333333,0.0,,,,,,0,0,-5.625,90.75,5.624999999999999,100.0,0.1,1,0.4632579225674917,0.88622350294858,2022-2023,0
2023-01-29,1.9000000000000001,0.7,-2.9,0.6000000000000001,90.0,3.4,87.5,0.30000000000000004,1.4059802231553,84.33333333333333,0.2,4.533333333333334,0.0,,,,,,0,0,-3.625,89.5,4.475,88.25,0.07500000000000001,1,0.4784338202547012,0.8781236129591848,2022-2023,0
2023-01-30,5.999999999999999,1.7999999999999998,0.0,0.7000000000000001,88.5,6.15,100.0,2.0,1.6785269297333274,100.0,3.5,6.533333333333334,0.0,,,,,,0,0,0.25,85.0,6.4,100.0,1.025,1,0.49346814167723735,0.8697638720650646,2022-2023,0
2023-01-31,0.8999999999999999,0.1,-1.4,-0.23333333333333317,64.5,5.8,63.5,0.0,5.830630830234651,72.0,0.0,4.0,6.0,,,,,,0,0,-3.2,68.0,4.7749999999999995,70.75,0.0,1,0.5083564379375122,0.8611467540480452,2022-2023,1
2023-02-01,0.0,0.0,-4.2,1.2833333333333337,80.0,12.7,44.0,0.0,2.9350905226052415,50.666666666666664,0.0,12.9,24.0,,,,,,0,0,-3.1999999999999997,77.75,12.799999999999999,46.25,0.0,2,0.5230943033491326,0.8522748088519838,2022-2023,0
2023-02-02,4.1,1.4,0.9,2.55,79.0,9.95,59.0,0.0,3.2102172396942974,36.666666666666664,0.0,7.5,3.0,,,,,,0,0,-0.7,79.75,8.4,52.0,0.0,2,0.5376773767406141,0.8431506618282,2022-2023,0
2023-02-03,0.0,0.0,-4.4,3.2333333333333334,81.5,6.5,91.5,0.0,2.667773127100972,99.66666666666667,0.0,5.266666666666667,24.0,,,,,,0,0,-4.875,82.75,6.025,95.75,0.0,2,0.5521013427459208,0.8337770129585915,2022-2023,0
2023-02-04,0.0,0.0,-1.7,-0.033333333333333215,86.5,5.35,100.0,0.1,1.9892058562008788,100.0,0.7000000000000001,6.566666666666667,0.0,,,,,,0,0,0.75,87.75,6.125,100.0,0.17500000000000002,2,0.5663619330814524,0.8241566360566663,2022-2023,0
2023-02-05,3.6,0.6000000000000001,2.2,-0.16666666666666652,82.0,4.9,13.0,0.0,2.7416165278847773,12.0,0.0,4.266666666666667,4.0,,,,,,0,0,0.925,84.25,4.75,12.0,0.0,2,0.580454927809098,0.8142923779467267,2022-2023,0
2023-02-06,0.0,0.0,-5.6,6.85,82.5,4.75,5.0,0.0,2.5219832306380416,27.333333333333332,0.0,4.3,24.0,,,,,,0,0,-4.025,80.75,4.5,22.5,0.0,2,0.5943761565849831,0.804187157621448,2022-2023,1
2023-02-07,0.0,0.0,1.6,2.483333333333333,72.5,5.3,100.0,0.1,4.446047489142336,100.0,0.30000000000000004,5.266666666666667,0.0,,,,,,0,2,2.85,73.25,5.225,100.0,0.07500000000000001,2,0.6081214998935418,0.7938439653781019,2022-2023,0
2023-02-08,0.0,0.0,0.8,3.0166666666666666,97.0,5.1,18.0,0.0,0.4222281573908843,73.0,0.0,5.233333333333333,23.0,,,,,,0,0,1.025,98.5,5.199999999999999,57.75,0.0,2,0.6216868902665479,0.7832658619336791,2022-2023,1
2023-02-09,0.0,0.0,-4.2,3.5833333333333335,82.5,7.55,90.5,0.0,2.574904376662362,84.33333333333333,0.0,7.099999999999999,14.0,,,,,,0,0,-1.8249999999999997,79.75,7.324999999999999,85.25,0.0,2,0.6350683134867438,0.7724559775191742,2022-2023,0
2023-02-10,0.0,0.0,-1.4,-1.7833333333333332,79.5,8.75,100.0,0.30000000000000004,3.215432315433125,100.0,1.8,7.433333333333333,0.0,,,,,,0,3,3.7750000000000004,81.75,7.800000000000001,100.0,0.475,2,0.6482618097757122,0.7614175109532997,2022-2023,0
2023-02-11,4.4,0.0,1.1,2.416666666666667,96.0,5.65,34.5,0.0,0.5673993462131024,9.0,0.0,5.5,7.0,,,,,,0,0,1.35,94.75,5.525,19.25,0.0,2,0.6612634749656386,0.7501537286959042,2022-2023,0
2023-02-12,0.0,0.0,3.3,-1.8999999999999997,86.0,8.850000000000001,97.5,0.0,2.1388598987728313,89.66666666666667,0.0,8.566666666666666,24.0,,,,,,0,0,4.824999999999999,86.5,8.525,91.0,0.0,2,0.6740694616546161,0.7386679638813748,2022-2023,0
2023-02-13,0.0,0.0,3.6,-0.833333333333333,94.0,1.55,100.0,1.2,0.8858825002769848,100.0,3.3,3.8666666666666667,0.0,,,,,,0,3,5.55,94.75,3.025,100.0,0.8999999999999999,2,0.6866759803451553,0.726963615332308,2022-2023,0
2023-02-14,0.5,1.2999999999999998,-0.0,2.85,85.0,10.85,81.0,0.0,2.2087717088180936,84.33333333333333,0.0,9.366666666666665,5.0,,,,,,0,0,-0.575,85.25,9.899999999999999,81.0,0.0,2,0.6990793005655562,0.7150441465537444,2022-2023,0
2023-02-15,1.6,0.2,-3.7,2.216666666666667,79.5,9.8,69.5,0.3,3.031594225837836,77.0,0.0,9.333333333333334,1.0,,,,,,0,0,-3.625,78.25,9.175,79.25,0.075,2,0.7112757519738152,0.7029130847082615,2022-2023,0
2023-02-16,0.6,0.0,-5.1,2.15,88.0,4.5,75.0,0.0,1.7001997102501205,51.333333333333336,0.0,4.866666666666666,8.0,,,,,,0,0,-3.3499999999999996,86.25,4.550000000000001,60.0,0.0,2,0.7232617254437388,0.6905740195722294,2022-2023,0
2023-02-17,0.0,0.0,-8.1,6.049999999999999,85.0,4.449999999999999,23.0,0.0,2.0862321278700797,35.333333333333336,0.0,6.3,24.0,,,,,,0,0,-6.975,84.0,5.675,31.75,0.0,2,0.7350336741329412,0.6780306024735382,2022-2023,0
2023-02-18,0.0,0.0,-2.8,5.366666666666667,84.0,9.15,100.0,0.0,2.407086182754664,100.0,0.0,8.733333333333334,24.0,,,,,,0,0,2.075,83.0,8.9,100.0,0.0,2,0.746588114532413,0.6652865452111116,2022-2023,0
2023-02-19,3.2,2.5,7.5,-1.4500000000000002,94.0,8.65,100.0,4.800000000000001,0.8987607689694759,100.0,5.800000000000001,8.833333333333334,0.0,,,,,,0,3,7.2749999999999995,94.0,8.325,100.0,2.1,2,0.7579216274973472,0.6523456189565257,2022-2023,0
2023-02-20,2.2,1.0,2.4,3.2499999999999996,92.0,6.9,100.0,0.1,1.174161824050693,100.0,0.4,9.866666666666665,0.0,,,,,,0,2,2.85,94.25,8.75,100.0,0.1,2,0.7690308592589181,0.6392116531380588,2022-2023,0
2023-02-21,4.8999999999999995,1.1,-1.8,2.25,85.0,6.75,82.0,0.2,2.169937256275589,70.0,0.1,8.266666666666667,0.0,,,,,,0,0,-2.375,83.5,7.925,76.0,0.05,2,0.7799125224167177,0.6258885343075018,2022-2023,0
2023-02-22,0.0,0.2,-5.3,2.7499999999999996,82.0,8.600000000000001,30.5,0.0,2.5899631495127853,7.0,0.0,6.466666666666666,5.0,,,,,,0,0,-3.7,79.25,7.075000000000001,16.0,0.0,2,0.7905633969115482,0.612380204990065,2022-2023,0
2023-02-23,0.0,0.0,0.3,-1.5166666666666668,77.0,9.05,100.0,0.1,3.580495399040357,100.0,1.1,6.199999999999999,0.0,,,,,,0,1,1.325,82.0,7.075,100.0,0.275,2,0.8009803309782905,0.5986906625177214,2022-2023,0
2023-02-24,0.0,0.0,2.6,0.7666666666666666,93.5,4.5,100.0,0.0,0.9461436467291073,100.0,0.0,5.3999999999999995,18.0,,,,,,0,0,3.5,91.0,5.075,100.0,0.0,2,0.8111602420785621,0.5848239578463322,2022-2023,0
2023-02-25,3.4000000000000004,0.7,1.7,3.3,91.5,12.6,99.5,0.2,1.229825123111023,92.33333333333333,0.4,13.1,0.0,,,,,,0,0,1.075,88.25,13.0,94.25,0.1,2,0.8211001178128892,0.5707841943569036,2022-2023,0
2023-02-26,0.6,0.5,-1.3,0.6833333333333335,72.0,12.4,61.5,0.0,4.439772914465203,61.0,0.0,10.833333333333334,5.0,,,,,,0,0,-0.25,72.75,11.35,64.25,0.0,2,0.8307970168121247,0.5565755266413303,2022-2023,0
2023-02-27,0.7,0.0,-2.0,2.4333333333333336,77.0,7.85,3.0,0.0,3.495075102491273,0.0,0.0,6.366666666666667,10.0,,,,,,0,0,-0.9000000000000001,72.25,6.775,1.5,0.0,2,0.8402480696078469,0.5422021592729844,2022-2023,0
2023-02-28,0.0,0.0,-0.8,1.5666666666666669,84.5,12.5,0.0,0.0,2.2788110281739775,0.0,0.0,13.033333333333331,24.0,,,,,,0,0,0.20000000000000007,79.0,12.8,0.0,0.0,2,0.8494504794814806,0.527668345562516,2022-2023,0
2023-03-01,0.0,0.0,0.7,3.666666666666667,86.5,7.95,61.5,0.0,2.0063352594162494,54.0,0.0,9.0,24.0,,,,,,0,0,3.2750000000000004,82.5,8.725,49.25,0.0,3,0.8584015232918917,0.512978386299228,2022-2023,0
2023-03-02,0.9,6.300000000000001,4.1,4.416666666666668,93.0,9.25,100.0,0.7,1.0408757048679291,100.0,3.5,14.1,0.0,,,,,,0,3,4.8999999999999995,96.25,12.55,100.0,0.875,3,0.8670985522812081,0.4981366284784055,2022-2023,0
2023-03-03,0.5,0.2,0.3,0.7333333333333334,78.5,3.6500000000000004,100.0,0.0,3.3400857511371793,100.0,0.1,1.9333333333333336,5.0,,,,,,0,0,2.15,73.75,2.6250000000000004,100.0,0.025,3,0.8755389928586302,0.4831474640149687,2022-2023,0
2023-03-04,0.0,0.0,-0.4,1.6999999999999997,80.0,3.25,73.0,0.0,3.053495688893895,94.33333333333333,0.0,3.0666666666666664,22.0,,,,,,0,0,2.25,77.25,3.025,86.5,0.0,3,0.8837203473619977,0.4680153284438345,2022-2023,0
2023-03-05,0.0,0.0,-0.2,2.4666666666666672,89.5,2.9000000000000004,84.5,0.0,1.5002363710629787,90.66666666666667,0.0,2.6,24.0,,,,,,0,0,-0.20000000000000007,86.5,2.75,89.0,0.0,3,0.8916401947968874,0.45274469960737107,2022-2023,0
2023-03-06,0.0,0.0,-0.1,3.6500000000000004,93.5,6.45,68.5,0.0,0.9232546798759149,41.666666666666664,0.0,6.666666666666667,24.0,,,,,,0,0,1.475,88.75,6.675000000000001,48.5,0.0,3,0.8992961915530253,0.4373400963303323,2022-2023,0
2023-03-07,0.0,0.0,-0.0,4.6833333333333345,63.5,4.15,11.0,0.0,6.119820884864062,1.0,0.0,3.1999999999999997,24.0,,,,,,0,0,2.725,62.5,3.5,5.5,0.0,3,0.9066860720977985,0.4218060770826634,2022-2023,0
2023-03-08,0.0,0.0,2.0,3.3166666666666664,70.5,10.9,0.0,0.0,4.807707352185333,0.0,0.0,11.066666666666668,24.0,,,,,,0,0,4.2,69.5,11.025,0.0,0.0,3,0.9138076496466615,0.40614723863057883,2022-2023,0
2023-03-09,0.0,0.0,4.4,3.249999999999999,82.5,12.55,0.0,0.0,2.716134907680333,0.0,0.0,12.533333333333333,24.0,,,,,,0,0,6.15,77.75,12.475000000000001,0.0,0.0,3,0.9206588168102428,0.3903682146763026,2022-2023,0
2023-03-10,0.0,0.0,9.3,1.6500000000000004,94.0,4.8,100.0,1.7999999999999998,0.9139024461961931,100.0,3.9,4.766666666666667,0.0,,,,,,0,3,9.25,94.25,4.949999999999999,100.0,1.3249999999999997,3,0.9272375462179537,0.374473674486883,2022-2023,0
2023-03-11,0.0,0.0,1.4,5.1,78.5,5.0,2.0,0.0,3.3563672047163715,0.0,0.0,5.533333333333334,17.0,,,,,,0,0,4.875,75.25,5.625,1.0,0.0,3,0.9335418911179212,0.35846832151248087,2022-2023,0
2023-03-12,0.0,0.0,10.3,-1.0666666666666682,87.5,12.899999999999999,100.0,0.0,1.9967572691353848,100.0,0.0,13.799999999999999,24.0,,,,,,0,0,11.55,86.0,13.625,100.0,0.0,3,0.9395699859530622,0.342356891994542,2022-2023,0
2023-03-13,0.2,0.0,11.2,2.366666666666669,95.5,12.25,100.0,13.1,0.6720974407799165,100.0,8.8,10.066666666666668,0.0,,,,,,0,3,7.574999999999999,94.0,11.600000000000001,100.0,4.35,3,0.945320046913132,0.3261441535642696,2022-2023,0
2023-03-14,0.30000000000000004,0.30000000000000004,1.6,1.4666666666666663,72.5,6.55,7.0,0.0,4.440667188029893,0.6666666666666666,0.0,4.933333333333333,5.0,,,,,,0,0,2.7249999999999996,74.25,5.3500000000000005,3.5,0.0,3,0.9507903724625832,0.3098349038318025,2022-2023,0
2023-03-15,0.0,0.0,2.1,2.0833333333333344,67.0,13.0,1.5,0.0,5.5056559724338925,0.0,0.0,13.633333333333333,24.0,,,,,,0,0,4.525,67.25,13.45,0.75,0.0,3,0.9559793438440766,0.2934339689665273,2022-2023,0
2023-03-16,0.0,0.0,9.0,0.16666666666666785,91.5,10.399999999999999,71.5,0.0,1.309452777325797,95.33333333333333,0.0,11.333333333333334,24.0,,,,,,0,0,9.875,88.0,10.799999999999999,82.25,0.0,3,0.9608854255574977,0.27694620226893646,2022-2023,0
2023-03-17,2.8000000000000003,0.1,7.6,2.900000000000002,97.5,6.05,100.0,0.0,0.37030323475950766,100.0,0.0,5.8,4.0,,,,,,0,0,7.475,96.5,5.925,100.0,0.0,3,0.9655071658143364,0.2603764827344581,2022-2023,0
2023-03-18,1.0,0.8,7.1,0.7333333333333334,96.0,1.6,100.0,3.5,0.5958171051610996,100.0,7.9,2.8333333333333335,0.0,,,,,,0,3,6.675000000000001,94.75,2.6,100.0,2.325,3,0.969843196967294,0.24372971360968387,2022-2023,0
2023-03-19,0.0,0.0,-0.1,4.316666666666666,84.5,6.15,0.0,0.0,2.2863183270646976,0.0,0.0,5.633333333333333,18.0,,,,,,0,0,1.375,77.25,5.775,0.0,0.0,3,0.9738922359149924,0.22701082094141847,2022-2023,0
2023-03-20,0.0,0.0,-2.8,6.866666666666666,65.0,11.1,1.0,0.0,5.730389217359203,0.3333333333333333,0.0,10.3,24.0,,,,,,0,0,1.85,63.5,10.524999999999999,0.5,0.0,3,0.9776530844816641,0.2102247521189836,2022-2023,0
2023-03-21,0.0,0.0,6.7,2.6499999999999995,87.5,11.45,100.0,0.0,1.9261565780242025,100.0,0.0,11.933333333333332,24.0,,,,,,0,0,8.45,82.25,11.825,100.0,0.0,3,0.981124629771712,0.19337647441020586,2022-2023,0
2023-03-22,0.1,0.0,9.2,2.2333333333333325,95.0,10.2,2.0,0.0,0.7568733680931388,15.666666666666666,0.0,10.133333333333333,10.0,,,,,,0,0,10.475,91.75,10.149999999999999,12.0,0.0,3,0.984305844499033,0.17647097349152166,2022-2023,0
2023-03-23,0.0,0.0,14.5,0.7833333333333314,73.5,24.05,100.0,0.0,4.695056427908403,100.0,0.0,23.833333333333332,24.0,,,,,,0,0,15.775,70.0,23.7,100.0,0.0,3,0.9871957872910085,0.15951325197263655,2022-2023,0
2023-03-24,19.599999999999998,4.5,13.5,3.6833333333333336,100.0,6.449999999999999,100.0,1.2999999999999998,-1.7763568394002505e-15,100.0,0.9999999999999999,7.066666666666667,0.0,,,,,,0,3,12.75,99.25,6.949999999999999,100.0,0.39999999999999997,3,0.9897936029670716,0.14250832791617088,2022-2023,0
2023-03-25,0.0,0.0,8.3,2.8166666666666647,96.5,6.05,100.0,0.4,0.5236882791347934,100.0,1.6,6.8999999999999995,0.0,,,,,,0,3,8.174999999999999,96.5,6.675000000000001,100.0,0.42500000000000004,3,0.992098522791769,0.12546123335273648,2022-2023,0
2023-03-26,0.1,0.6000000000000001,9.6,-0.2666666666666657,97.5,4.15,100.0,3.8,0.3766824921477099,100.0,4.300000000000001,5.5,0.0,,,,,,0,3,9.475000000000001,97.75,4.975,100.0,1.5,3,0.9941098647022418,0.10837701279187609,2022-2023,0
2023-03-27,2.6000000000000005,0.30000000000000004,6.2,1.3999999999999986,95.0,8.3,76.0,0.0,0.7380819676474335,68.66666666666667,0.0,7.566666666666666,3.0,,,,,,0,0,5.975,91.25,8.025,70.0,0.0,3,0.9958270335100595,0.09126072172931188,2022-2023,0
2023-03-28,0.0,0.0,0.1,5.55,83.5,4.0,18.0,0.0,2.4684478676515047,3.6666666666666665,0.0,4.266666666666667,24.0,,,,,,0,0,3.375,75.75,3.9,9.0,0.0,3,0.9972495210773451,0.07411742515094437,2022-2023,0
2023-03-29,0.0,0.0,2.3,2.9000000000000004,77.0,5.5,0.0,0.0,3.589239127793797,0.0,0.0,2.9666666666666663,24.0,,,,,,0,0,3.975,71.0,3.95,0.0,0.0,3,0.998376906467142,0.056952196034039754,2022-2023,0
2023-03-30,0.0,0.0,2.2,3.133333333333333,82.0,5.1,0.0,0.0,2.732708539640668,0.0,0.0,3.6999999999999997,24.0,,,,,,0,0,4.25,76.0,3.925,0.0,0.0,3,0.9992088560679753,0.03977011384605572,2022-2023,0
2023-03-31,0.0,0.0,4.8,3.1499999999999995,65.5,11.85,100.0,0.0,5.943639320022195,99.33333333333333,0.0,9.9,24.0,,,,,,0,0,8.05,65.25,10.475,99.5,0.0,3,0.9997451236925734,0.022576263041545485,2022-2023,0
2023-04-01,0.0,0.0,4.6,5.416666666666666,64.5,4.199999999999999,0.0,0.0,6.149501998189827,0.0,0.0,3.5666666666666664,24.0,,,,,,0,0,7.925000000000001,62.25,3.6999999999999997,0.0,0.0,4,0.9999855506507186,0.005375731557583884,2022-2023,0
2023-04-02,0.0,0.0,5.3,3.8166666666666655,96.5,4.6,1.5,0.0,0.5085950067886515,1.0,0.0,3.6,24.0,,,,,,0,0,7.675000000000001,89.25,3.85,0.75,0.0,4,0.9999300657962057,-0.011826390691832589,2022-2023,0
2023-04-03,0.0,0.0,5.0,4.016666666666666,92.0,2.9000000000000004,18.5,0.0,1.1822642170167024,37.666666666666664,0.0,2.6666666666666665,24.0,,,,,,0,0,6.074999999999999,86.25,2.7750000000000004,31.0,0.0,4,0.9995786855478958,-0.029025013321975237,2022-2023,0
2023-04-04,0.0,0.0,4.7,4.466666666666668,100.0,10.55,100.0,0.0,-8.881784197001252e-16,91.0,0.0,8.233333333333333,24.0,,,,,,0,0,7.525,92.75,8.8,93.25,0.0,4,0.9989315138848577,-0.046215046983708354,2022-2023,0
2023-04-05,0.0,0.0,11.0,0.7833333333333332,83.0,9.95,100.0,0.0,2.765695979802291,100.0,0.0,10.499999999999998,24.0,,,,,,0,0,11.774999999999999,78.75,10.3,100.0,0.0,4,0.9979887423155984,-0.06339140486951038,2022-2023,0
2023-04-06,0.7000000000000001,0.8999999999999999,12.5,1.116666666666669,89.0,19.95,100.0,1.2999999999999998,1.765601960310807,100.0,2.2,18.733333333333334,0.0,,,,,,0,3,12.899999999999999,89.0,19.1,100.0,0.7,4,0.9967506498213929,-0.08054900421874167,2022-2023,0
2023-04-07,2.8000000000000003,0.6,16.6,-0.05000000000000071,88.0,21.35,100.0,3.4,1.995546385999182,100.0,10.2,17.633333333333333,0.0,,,,,,0,3,16.45,87.5,18.525,100.0,2.7750000000000004,4,0.9952176027737294,-0.09768276782171598,2022-2023,0
2023-04-08,3.8,0.2,8.8,1.9833333333333325,95.0,3.8,90.0,0.1,0.7544741045468042,93.33333333333333,0.5,7.566666666666666,1.0,,,,,,0,1,8.675,92.25,6.324999999999999,95.0,0.15,4,0.9933900548258936,-0.11478762552212701,2022-2023,0
2023-04-09,1.8000000000000003,0.1,1.1,3.5333333333333337,78.0,7.949999999999999,14.0,0.0,3.436755502094564,0.0,0.0,5.966666666666666,5.0,,,,,,0,0,4.075,74.75,6.875,7.0,0.0,4,0.9912685467787256,-0.13185851571739118,2022-2023,0
2023-04-10,0.0,0.0,3.2,2.583333333333334,62.0,11.9,6.5,0.0,6.596191456455109,4.333333333333333,0.0,10.100000000000001,24.0,,,,,,0,0,6.75,62.75,10.55,4.75,0.0,4,0.9888537064205885,-0.1488903868564548,2022-2023,0
2023-04-11,0.0,0.0,9.0,2.4000000000000004,87.5,13.0,14.0,0.0,1.9733430100429539,20.0,0.0,13.833333333333334,24.0,,,,,,0,0,11.625,81.25,13.425,19.5,0.0,4,0.986146248341595,-0.16587819893463143,2022-2023,0
2023-04-12,0.0,0.0,14.3,1.5000000000000018,82.0,13.5,100.0,0.2,3.023699254777412,100.0,1.7000000000000002,10.9,0.0,,,,,,0,3,14.2,83.25,11.799999999999999,100.0,0.42500000000000004,4,0.9831469737221499,-0.1828169249850199,2022-2023,0
2023-04-13,0.0,0.0,2.5,4.649999999999999,57.5,3.15,0.0,0.0,7.573473741261431,0.0,0.0,2.5666666666666664,16.0,,,,,,0,0,6.125,54.25,2.875,0.0,0.0,4,0.9798567700958665,-0.1997015525660636,2022-2023,0
2023-04-14,0.0,0.0,7.7,2.2,69.0,13.350000000000001,86.5,0.0,5.342990036933684,75.0,0.0,13.333333333333334,24.0,,,,,,0,0,10.850000000000001,65.0,13.225000000000001,79.0,0.0,4,0.9762766110869321,-0.21652708524481437,2022-2023,0
2023-04-15,0.30000000000000004,0.0,11.9,2.833333333333332,86.5,17.05,100.0,1.8,2.173121081544446,100.0,4.300000000000001,19.466666666666665,0.0,,,,,,0,3,11.0,86.0,18.55,100.0,1.2000000000000002,4,0.9724075561219968,-0.23328854407545518,2022-2023,0
2023-04-16,7.6,1.6,11.4,2.7333333333333325,98.5,8.65,100.0,1.4,0.22740831872991762,90.66666666666667,3.4,9.866666666666667,0.0,,,,,,0,3,11.05,94.5,9.85,93.0,0.95,4,0.9682507501166718,-0.2499809690726521,2022-2023,0
2023-04-17,0.2,1.9000000000000001,8.0,1.8833333333333329,91.5,12.95,58.5,1.1,1.2965247485958615,62.0,1.8,12.200000000000001,0.0,,,,,,0,3,7.7,90.75,12.35,62.75,0.5,4,0.9638074231367307,-0.26659942067929354,2022-2023,0
2023-04-18,0.0,0.0,3.3,4.533333333333333,88.0,9.8,62.0,0.0,1.802102603268267,98.33333333333333,0.0,8.033333333333333,17.0,,,,,,0,0,7.3,78.0,8.325,80.75,0.0,4,0.9590788900341131,-0.28313898122818354,2022-2023,0
2023-04-19,14.099999999999998,0.5,12.0,0.0833333333333357,96.0,2.85,100.0,1.4,0.619098497923229,86.33333333333333,1.2,2.8000000000000003,0.0,,,,,,0,2,13.525,92.75,2.975,89.75,0.39999999999999997,4,0.9540665500578387,-0.2995947563972602,2022-2023,0
2023-04-20,0.0,0.0,10.1,4.233333333333334,92.5,10.75,35.5,0.0,1.1728374016249496,16.0,0.0,8.466666666666667,14.0,,,,,,0,0,14.7,85.25,9.0,20.5,0.0,4,0.9487718864399473,-0.31596187665790293,2022-2023,0
2023-04-21,0.0,0.0,12.3,4.18333333333333,94.0,6.15,100.0,0.0,0.9445638548503474,100.0,0.0,5.366666666666667,24.0,,,,,,0,0,15.349999999999998,88.75,5.75,100.0,0.0,4,0.9431964659565866,-0.33223549871590435,2022-2023,0
2023-04-22,0.0,0.0,6.2,4.316666666666667,58.5,8.3,0.0,0.0,7.5101864461299215,0.0,0.0,10.466666666666667,15.0,,,,,,0,0,7.05,58.25,9.925,0.0,0.0,4,0.9373419384643772,-0.3484108069446808,2022-2023,0
2023-04-23,0.0,0.0,3.6,3.650000000000001,70.0,7.55,100.0,0.0,4.97119855558901,100.0,0.0,7.833333333333333,24.0,,,,,,0,0,5.55,63.75,7.6499999999999995,100.0,0.0,4,0.9312100364121947,-0.3644830148102912,2022-2023,0
2023-04-24,0.0,0.0,3.3,5.016666666666667,56.0,1.6500000000000001,100.0,0.0,8.11166554861449,100.0,0.0,3.4,24.0,,,,,,0,0,7.2,52.75,3.1,100.0,0.0,4,0.9248025743285089,-0.38044736628785164,2022-2023,0
2023-04-25,0.0,0.0,0.8,6.1499999999999995,76.5,10.15,45.5,0.0,3.743368295051887,24.666666666666668,0.0,10.033333333333333,24.0,,,,,,0,0,7.449999999999999,70.0,9.975,40.5,0.0,4,0.9181214482844365,-0.39629913726891813,2022-2023,0
2023-04-26,6.1000000000000005,1.2,12.0,-0.5499999999999989,84.0,32.05,100.0,1.4,2.657248947231018,100.0,11.9,20.5,0.0,,,,,,0,3,13.925,87.5,23.674999999999997,100.0,3.1,4,0.9111686353326631,-0.41203363695942635,2022-2023,0
2023-04-27,0.6000000000000001,1.3,8.3,0.5166666666666657,96.5,4.55,48.5,0.2,0.5247301237472879,44.0,0.5,7.3,0.0,,,,,,0,3,9.399999999999999,92.25,6.475,46.75,0.125,4,0.9039461929224011,-0.42764620926777464,2022-2023,0
2023-04-28,0.0,0.0,6.7,2.583333333333333,81.0,12.15,0.0,0.0,3.047829352373549,0.0,0.0,11.0,21.0,,,,,,0,0,11.125,73.25,11.25,0.0,0.0,4,0.8964562582905575,-0.44313223418263453,2022-2023,0
2023-04-29,0.0,0.0,10.6,2.6333333333333346,88.0,6.2,100.0,0.0,1.9272171680222225,100.0,0.0,13.1,24.0,,,,,,0,0,13.8,81.25,11.325,100.0,0.0,4,0.8887010478292915,-0.45848712914008766,2022-2023,0
2023-04-30,10.3,3.0,16.4,-0.2666666666666657,99.5,6.0,100.0,15.0,0.07804319997519116,100.0,9.0,9.9,0.0,,,,,,0,3,15.1,98.75,8.05,100.0,4.95,4,0.8806828564301475,-0.47370635037968,2022-2023,0
2023-05-01,0.0,0.0,6.3,5.3,62.5,5.85,0.0,0.0,6.666121455998954,0.0,0.0,4.833333333333333,19.0,,,,,,0,0,10.825,61.0,4.825,0.0,0.0,5,0.8724040568049612,-0.48878539428899265,2022-2023,0
2023-05-02,0.5,0.0,6.7,3.533333333333334,86.5,4.55,5.0,0.0,2.120711379258493,1.3333333333333333,0.0,6.3,8.0,,,,,,0,0,9.700000000000001,81.75,5.725,3.0,0.0,5,0.8638670987837349,-0.503719798736334,2022-2023,0
2023-05-03,0.0,0.0,4.8,4.249999999999999,68.0,11.65,70.0,0.0,5.5332634735948645,28.666666666666668,0.0,8.766666666666667,24.0,,,,,,0,0,11.225,66.5,9.450000000000001,36.75,0.0,5,0.8550745085896932,-0.518505144391157,2022-2023,0
2023-05-04,0.0,0.0,8.9,5.099999999999998,93.5,10.6,0.5,0.0,0.997087998010942,0.3333333333333333,0.0,8.299999999999999,24.0,,,,,,0,0,13.35,83.75,8.85,0.25,0.0,5,0.8460288880917339,-0.533137056031809,2022-2023,0
2023-05-05,0.0,0.0,12.0,3.8500000000000014,79.5,13.850000000000001,98.0,0.0,3.458104375923929,97.0,0.0,14.733333333333334,24.0,,,,,,0,0,15.125,75.0,14.525,97.75,0.0,5,0.8367329140344921,-0.5476112038402312,2022-2023,0
2023-05-06,0.0,0.0,16.8,0.8999999999999986,84.0,19.85,100.0,0.0,2.7266508025680665,100.0,0.0,19.73333333333333,24.0,,,,,,0,0,17.925,81.0,19.75,100.0,0.0,5,0.8271893372462497,-0.5619233046832195,2022-2023,0
2023-05-07,6.6000000000000005,2.8,18.1,0.8166666666666664,94.5,1.55,100.0,9.7,0.895440881282326,100.0,14.2,3.1666666666666665,0.0,,,,,,0,3,17.725,96.5,2.775,100.0,4.8,5,0.8174009818249189,-0.5760691233798758,2022-2023,0
2023-05-08,24.2,10.1,12.3,1.633333333333331,98.0,15.7,100.0,0.4,0.30556606127400165,95.0,0.4,15.4,0.0,,,,,,0,2,11.85,93.75,15.5,96.25,0.125,5,0.8073707443023492,-0.5900444739548627,2022-2023,0
2023-05-09,0.0,0.0,5.4,4.283333333333333,68.0,7.15,99.5,0.0,5.496215786992581,100.0,0.0,4.3999999999999995,17.0,,,,,,0,0,9.325,63.75,5.1000000000000005,99.75,0.0,5,0.7971015927871943,-0.6038452208771035,2022-2023,0
2023-05-10,0.0,0.0,5.7,5.283333333333334,95.5,7.949999999999999,52.0,0.0,0.6694195065115638,9.333333333333334,0.0,4.366666666666666,24.0,,,,,,0,0,11.225,84.0,5.324999999999999,32.0,0.0,5,0.7865965660866021,-0.6174672802835514,2022-2023,0
2023-05-11,0.0,0.0,7.7,5.566666666666667,67.0,6.75,0.0,0.0,5.795411803281743,0.0,0.0,5.466666666666668,24.0,,,,,,0,0,11.45,61.25,6.25,0.0,0.0,5,0.7758587728069828,-0.6309066211876704,2022-2023,0
2023-05-12,0.0,0.0,2.1,7.633333333333333,86.0,8.35,4.5,0.0,2.117405669871962,34.666666666666664,0.0,6.699999999999999,24.0,,,,,,0,0,8.1,75.0,6.7749999999999995,27.5,0.0,5,0.7648913904341226,-0.6441592666722685,2022-2023,0
2023-05-13,0.0,0.0,13.3,0.6833333333333318,83.5,12.3,99.5,0.0,2.7632463002933996,99.66666666666667,0.0,12.966666666666667,24.0,,,,,,0,0,15.95,78.25,12.7,99.75,0.0,5,0.753697664392914,-0.6572212950663319,2022-2023,0
2023-05-14,10.399999999999999,4.8,13.7,0.7666666666666675,85.0,20.6,100.0,1.4,2.481507396011777,100.0,0.6,23.633333333333336,0.0,,,,,,0,3,14.399999999999999,83.0,22.475,100.0,0.4,5,0.742280907086982,-0.6700888411055113,2022-2023,0
2023-05-15,2.2,0.0,14.5,1.0166666666666675,88.5,7.6000000000000005,95.5,3.2,1.8778478987185672,70.33333333333333,4.3,7.333333333333333,0.0,,,,,,0,2,15.5,87.5,7.1,77.75,1.125,5,0.7306444969184916,-0.6827580970759147,2022-2023,0
2023-05-16,0.0,0.0,9.5,5.499999999999998,91.0,4.449999999999999,0.0,0.0,1.409099667041783,0.0,0.0,2.8666666666666667,13.0,,,,,,0,0,14.225,82.5,3.2249999999999996,0.0,0.0,5,0.7187918772884232,-0.6952253139408722,2022-2023,0
2023-05-17,0.0,0.0,12.8,3.9833333333333343,83.5,3.8,0.0,0.0,2.757913964224109,0.0,0.0,2.6333333333333333,24.0,,,,,,0,0,18.275,77.25,2.9499999999999997,0.0,0.0,5,0.7067265555776158,-0.7074868024503348,2022-2023,0
2023-05-18,0.0,0.0,12.6,6.566666666666668,84.5,10.45,100.0,0.0,2.581649243347469,97.33333333333333,0.0,8.933333333333332,24.0,,,,,,0,0,18.475,79.0,9.25,98.0,0.0,5,0.6944521021088763,-0.719538934232584,2022-2023,0
2023-05-19,0.0,0.0,18.6,2.083333333333332,73.5,9.149999999999999,100.0,0.0,4.8093609685688605,100.0,0.4,8.133333333333335,3.0,,,,,,0,1,18.1,72.75,8.274999999999999,100.0,0.1,5,0.6819721490904629,-0.7313781428679254,2022-2023,0
2023-05-20,0.0,0.0,12.9,2.533333333333335,98.5,6.25,100.0,0.0,0.23262857964161654,100.0,0.0,6.8,14.0,,,,,,0,0,14.8,94.75,6.550000000000001,100.0,0.0,5,0.6692903895412567,-0.7430009249440493,2022-2023,0
2023-05-21,0.30000000000000004,0.0,15.3,1.4166666666666679,92.0,7.5,21.0,0.0,1.3076283467831615,59.333333333333336,0.0,8.333333333333334,10.0,,,,,,0,0,19.05,85.0,7.8,51.5,0.0,5,0.6564105761979381,-0.7544038410927472,2022-2023,0
2023-05-22,0.0,0.0,16.2,2.5833333333333357,80.0,3.9000000000000004,99.5,0.0,3.47680313164755,99.33333333333333,0.0,2.766666666666667,24.0,,,,,,0,0,18.0,79.5,2.85,99.5,0.0,5,0.6433365204044917,-0.765583517007675,2022-2023,0
2023-05-23,2.8,1.4,13.9,2.7166666666666632,96.5,5.9,100.0,0.30000000000000004,0.5470603398318872,100.0,0.8,7.733333333333333,0.0,,,,,,0,3,13.475,96.25,7.2,100.0,0.25,5,0.6300720909843687,-0.7765366444428655,2022-2023,0
2023-05-24,0.0,0.0,9.5,2.200000000000001,92.5,5.25,5.0,0.0,1.1586240561078451,4.333333333333333,0.0,8.566666666666668,14.0,,,,,,0,0,11.5,83.0,7.5,4.0,0.0,5,0.6166212130956382,-0.7872599821916922,2022-2023,0
2023-05-25,0.0,0.0,9.4,1.966666666666665,78.5,7.800000000000001,100.0,0.0,3.657522723388567,100.0,0.0,9.933333333333334,24.0,,,,,,0,0,14.9,76.75,9.25,100.0,0.0,5,0.6029878670694714,-0.7977503570459932,2022-2023,0
2023-05-26,0.0,0.0,16.2,0.6833333333333336,77.5,17.7,100.0,0.0,3.945811936442013,100.0,0.0,17.433333333333334,24.0,,,,,,0,0,17.05,77.0,17.625,100.0,0.0,5,0.5891760872322963,-0.8080046647350754,2022-2023,0
2023-05-27,0.2,0.0,16.4,1.3166666666666664,80.5,9.5,98.0,0.0,3.36421811444451,100.0,0.0,7.066666666666666,8.0,,,,,,0,0,17.9,77.75,7.65,99.0,0.0,5,0.5751899607119775,-0.8180198708443175,2022-2023,0
2023-05-28,0.0,0.0,17.0,2.216666666666665,80.5,13.05,100.0,0.0,3.382278391024501,100.0,0.0,12.6,24.0,,,,,,0,0,17.925,78.0,12.299999999999999,100.0,0.0,5,0.5610336262283677,-0.8277930117131022,2022-2023,0
2023-05-29,1.0,0.6,17.9,1.4499999999999993,93.0,7.550000000000001,100.0,14.8,1.1502283023314774,100.0,26.000000000000004,6.733333333333333,0.0,,,,,,0,3,18.325,93.5,7.025,100.0,8.0,5,0.5467112728685939,-0.8373211953118121,2022-2023,0
2023-05-30,20.599999999999998,0.2,17.7,1.5833333333333357,98.5,3.75,100.0,0.0,0.23928303103482307,100.0,0.1,6.833333333333333,2.0,,,,,,0,1,17.975,95.25,5.925,100.0,0.025,5,0.5322271388474397,-0.8466016020976267,2022-2023,0
2023-05-31,0.0,0.0,13.7,2.5166666666666657,84.0,4.6,94.0,0.0,2.676840134425838,96.0,0.0,2.766666666666667,4.0,,,,,,0,0,15.7,80.25,3.0749999999999997,97.0,0.0,5,0.5175855102531889,-0.8556314858488706,2022-2023,0
2023-06-01,0.0,0.0,16.3,-0.7333333333333325,86.5,13.8,100.0,0.0,2.268535285886765,100.0,0.0,16.466666666666665,24.0,,,,,,0,0,18.25,80.5,15.525,100.0,0.0,6,0.5027907197793043,-0.8644081744776648,2022-2023,0
2023-06-02,9.399999999999999,7.5,19.1,0.7499999999999964,89.5,11.649999999999999,100.0,5.0,1.7736228783591415,100.0,9.1,11.466666666666667,0.0,,,,,,0,3,19.7,90.25,11.65,100.0,3.125,6,0.4878471454423119,-0.8729290708206411,2022-2023,0
2023-06-03,9.6,0.30000000000000004,16.5,3.7333333333333343,98.5,9.7,100.0,0.2,0.23745056932926545,92.33333333333333,0.5,11.133333333333335,0.0,,,,,,0,3,16.575,96.25,10.85,94.25,0.15000000000000002,6,0.47275920928627757,-0.881191653407483,2022-2023,0
2023-06-04,0.0,0.0,11.3,3.7333333333333325,94.5,5.95,99.0,0.0,0.8561271840261586,99.0,0.0,2.9,20.0,,,,,,0,0,15.25,82.5,3.85,99.25,0.0,6,0.4575313760742512,-0.8891934772070711,2022-2023,0
2023-06-05,0.0,0.0,13.3,6.533333333333331,84.5,2.85,100.0,0.0,2.574672100847893,100.0,0.0,2.2333333333333334,24.0,,,,,,0,0,16.6,77.75,2.575,100.0,0.0,6,0.44216815196707204,-0.8969321743510065,2022-2023,0
2023-06-06,0.0,0.0,12.7,6.449999999999999,79.0,9.45,100.0,0.0,3.614194534597992,100.0,0.0,8.633333333333333,24.0,,,,,,0,0,17.725,76.0,8.774999999999999,100.0,0.0,6,0.42667408318992467,-0.9044054548343001,2022-2023,0
2023-06-07,0.4,0.9,13.4,4.1999999999999975,95.5,2.45,4.0,0.0,0.7084960902795476,3.6666666666666665,0.0,4.066666666666666,4.0,,,,,,0,0,16.0,89.25,3.5500000000000003,4.5,0.0,6,0.4110537546870351,-0.9116111071930239,2022-2023,0
2023-06-08,0.0,0.0,14.2,5.300000000000001,81.0,10.85,99.5,0.0,3.2631355784685887,100.0,0.0,9.833333333333334,24.0,,,,,,0,0,18.599999999999998,78.75,10.05,99.75,0.0,6,0.3953117887649151,-0.9185469991587165,2022-2023,0
2023-06-09,7.8,11.0,18.8,0.5999999999999979,96.0,2.8,100.0,1.6,0.6502531558865776,100.0,2.1999999999999997,4.6000000000000005,0.0,,,,,,0,3,18.700000000000003,95.25,3.9,100.0,0.725,6,0.37945284372454435,-0.925211078289358,2022-2023,0
2023-06-10,0.0,0.0,14.5,4.733333333333334,94.5,7.45,19.5,0.0,0.8814450307405561,55.333333333333336,0.0,4.466666666666667,17.0,,,,,,0,0,19.225,86.0,5.075,50.5,0.0,6,0.36348161248290634,-0.9316013725767187,2022-2023,0
2023-06-11,0.0,0.0,19.1,2.18333333333333,91.0,10.5,100.0,2.5,1.4973958239524592,100.0,3.8000000000000003,9.766666666666666,0.0,,,,,,0,3,18.725,91.0,10.275,100.0,1.25,6,0.3474028211842774,-0.9377159910299093,2022-2023,0
2023-06-12,0.1,0.0,20.0,0.5833333333333321,86.5,9.3,100.0,0.0,2.3315119366068657,100.0,0.3,9.566666666666668,7.0,,,,,,0,1,21.450000000000003,84.5,9.475000000000001,100.0,0.075,6,0.3312212278016865,-0.9435531242349544,2022-2023,0
2023-06-13,0.1,0.0,17.4,3.56666666666667,97.0,4.35,47.5,0.0,0.4856763079602935,62.0,0.0,4.133333333333333,11.0,,,,,,0,0,20.475,91.0,4.0,69.75,0.0,6,0.31494162072895193,-0.9491110448902284,2022-2023,0
2023-06-14,0.4,0.0,18.9,2.783333333333335,96.5,7.65,100.0,2.1,0.5696376213548824,100.0,1.5,6.533333333333334,0.0,,,,,,0,3,19.85,95.25,7.000000000000001,100.0,0.775,6,0.2985688173637202,-0.9543881083175908,2022-2023,0
2023-06-15,0.5,0.0,19.8,0.6499999999999986,94.5,2.0,100.0,0.0,0.9098920058342408,94.33333333333333,0.0,2.8333333333333335,8.0,,,,,,0,0,20.675,91.25,2.475,95.75,0.0,6,0.2821076626819194,-0.9593827529490743,2022-2023,0
2023-06-16,1.0000000000000002,0.8999999999999999,17.0,2.616666666666667,100.0,8.15,100.0,6.1,0.0,93.66666666666667,17.3,6.2,0.0,,,,,,0,3,16.95,98.0,6.9,95.25,5.225,6,0.26556302780405594,-0.9640935007889755,2022-2023,0
2023-06-17,0.0,0.0,14.4,4.35,99.0,6.65,51.5,0.0,0.15576676237955844,1.0,0.0,3.6333333333333333,13.0,,,,,,0,0,18.175,87.5,4.45,25.75,0.0,6,0.24893980855376657,-0.9685189578512204,2022-2023,0
2023-06-18,0.0,0.0,17.5,2.75,77.0,2.8,100.0,0.0,4.114332476127355,100.0,0.0,2.4,24.0,,,,,,0,0,20.875,74.25,2.625,100.0,0.0,6,0.23224292400907015,-0.9726578145718654,2022-2023,0
2023-06-19,0.0,0.0,16.2,5.083333333333332,81.0,6.65,50.0,0.0,3.286948252951799,83.0,0.0,7.199999999999999,24.0,,,,,,0,0,18.700000000000003,79.75,6.7749999999999995,67.5,0.0,6,0.21547731504673012,-0.976508846196619,2022-2023,0
2023-06-20,0.0,0.0,17.4,0.8666666666666707,85.5,4.5,95.5,0.0,2.4882394086059207,95.0,0.0,4.333333333333333,24.0,,,,,,0,0,20.75,80.5,4.425,94.0,0.0,6,0.19864794288017112,-0.9800709131432666,2022-2023,0
2023-06-21,0.0,0.0,19.0,1.4833333333333343,77.0,17.25,50.5,0.0,4.1315052494424265,50.666666666666664,0.0,18.03333333333333,24.0,,,,,,0,0,20.575,74.0,17.725,54.5,0.0,6,0.18175978759137534,-0.9833429613388902,2022-2023,0
2023-06-22,0.2,0.0,18.9,1.3833333333333364,88.0,19.45,100.0,2.3,2.0178151764714674,100.0,4.800000000000001,21.0,0.0,,,,,,0,3,18.1,86.25,20.875,100.0,1.625,6,0.16481784665719793,-0.9863240225317866,2022-2023,0
2023-06-23,4.9,0.30000000000000004,19.2,0.5,91.5,4.45,87.5,0.0,1.4200267785586114,100.0,0.1,3.8000000000000003,5.0,,,,,,0,1,20.375,89.0,3.825,93.75,0.025,6,0.14782713347053048,-0.9890132145779883,2022-2023,0
2023-06-24,0.4,1.3,19.4,1.6000000000000014,97.0,3.0,100.0,1.2999999999999998,0.4890208703959864,100.0,0.7,3.0666666666666664,0.0,,,,,,0,2,19.924999999999997,93.75,3.0,100.0,0.35,6,0.13079267585675922,-0.9914097417023038,2022-2023,0
2023-06-25,0.1,0.0,14.6,5.583333333333334,96.0,5.0,54.0,0.0,0.6371588525412513,3.3333333333333335,0.0,4.033333333333333,12.0,,,,,,0,0,18.575000000000003,87.75,4.175,27.5,0.0,6,0.11371951458594969,-0.9935128947338007,2022-2023,0
2023-06-26,0.0,0.0,17.0,4.433333333333334,92.0,6.35,100.0,0.0,1.3212166783877812,100.0,0.0,5.766666666666666,24.0,,,,,,0,0,21.025,84.0,5.674999999999999,100.0,0.0,6,0.0966127018812031,-0.9953220513156602,2022-2023,0
2023-06-27,1.3000000000000003,0.0,21.1,1.68333333333333,94.0,9.4,100.0,0.0,1.00663868256823,100.0,0.0,10.033333333333333,7.0,,,,,,0,0,23.0,88.5,9.75,100.0,0.0,6,0.07947729992362097,-0.9968366760893436,2022-2023,0
2023-06-28,8.4,0.0,21.6,2.68333333333333,94.5,7.65,100.0,3.0,0.9230661627884835,100.0,0.3,8.2,0.0,,,,,,0,1,23.424999999999997,90.5,7.6000000000000005,100.0,0.75,6,0.062318379354325076,-0.998056320853012,2022-2023,0
2023-06-29,21.900000000000002,18.2,20.4,1.4833333333333307,95.5,2.35,89.0,1.6,0.7478295423356691,97.33333333333333,0.30000000000000004,2.4,0.0,,,,,,0,3,21.825000000000003,93.0,2.1750000000000003,92.5,0.45000000000000007,6,0.04514101777397193,-0.9989806246941579,2022-2023,0
2023-06-30,10.0,0.1,21.5,0.3000000000000007,90.0,15.25,100.0,0.30000000000000004,1.7204865594597436,100.0,4.4,14.466666666666667,0.0,,,,,,0,3,22.75,91.0,14.725,100.0,1.125,6,0.02795029824021032,-0.999609314096404,2022-2023,0
2023-07-01,9.799999999999999,4.9,22.5,0.5833333333333286,94.5,9.100000000000001,100.0,5.5,0.9265487289495447,100.0,21.1,7.2,0.0,,,,,,0,3,22.450000000000003,94.5,7.500000000000001,100.0,5.525,7,0.01075130776352193,-0.9999422030204416,2022-2023,0
2023-07-02,2.8000000000000003,0.1,22.2,0.5666666666666664,99.5,7.25,82.5,0.7,0.08229896837078954,88.33333333333333,0.4,5.400000000000001,0.0,,,,,,0,3,22.425,97.25,5.875,91.25,0.22499999999999998,7,-0.00645086419810515,-0.9999791929590823,2022-2023,0
2023-07-03,0.0,0.0,20.8,3.5,79.5,2.8,98.5,0.0,3.7275688524532917,93.33333333333333,0.0,2.8000000000000003,22.0,,,,,,0,0,23.675,79.5,2.55,95.0,0.0,7,-0.023651127245231586,-0.9997202729664083,2022-2023,0
2023-07-04,0.0,0.0,17.8,5.366666666666667,91.0,2.9,13.0,0.0,1.497966769429059,8.666666666666666,0.0,3.6999999999999997,24.0,,,,,,0,0,20.525,86.25,3.4,11.5,0.0,7,-0.04084439154329611,-0.9991655196610109,2022-2023,0
2023-07-05,0.0,0.0,21.8,2.2333333333333307,82.5,17.9,100.0,0.0,3.1187581621877705,100.0,0.0,19.666666666666668,24.0,,,,,,0,0,23.05,80.0,19.1,100.0,0.0,7,-0.05802556932878035,-0.9983150972033183,2022-2023,0
2023-07-06,13.899999999999999,1.4,19.9,1.716666666666665,95.5,5.8,59.0,0.0,0.7433128779048772,18.333333333333332,0.0,3.8000000000000003,2.0,,,,,,0,0,22.625,89.75,4.25,38.75,0.0,7,-0.07518957641475855,-0.9971692572470178,2022-2023,0
2023-07-07,0.0,0.0,15.6,6.9833333333333325,79.0,12.600000000000001,5.0,0.0,3.657428522859364,2.0,0.0,11.566666666666668,24.0,,,,,,0,0,20.9,74.5,11.775,3.25,0.0,7,-0.09233133369539122,-0.9957283388645872,2022-2023,0
2023-07-08,2.2,3.1,25.0,1.1500000000000021,88.5,16.3,100.0,1.5999999999999999,2.0357538287547605,100.0,26.9,12.666666666666666,0.0,,,,,,0,3,25.225,89.25,13.95,100.0,6.775,7,-0.10944576864891556,-0.993992768446958,2022-2023,0
2023-07-09,18.200000000000003,16.0,23.6,1.283333333333335,93.5,4.3,100.0,8.9,1.113764702352725,100.0,19.299999999999997,5.433333333333334,0.0,,,,,,0,3,24.150000000000002,94.0,4.675,100.0,5.3,7,-0.12652781683868314,-0.9919630595773397,2022-2023,0
2023-07-10,4.2,0.30000000000000004,22.3,2.4833333333333343,93.0,9.6,39.5,0.1,1.1950435484099096,55.666666666666664,0.2,7.166666666666667,1.0,,,,,,0,1,24.749999999999996,91.25,7.7749999999999995,53.75,0.07500000000000001,7,-0.1435724234118113,-0.9896398128792412,2022-2023,0
2023-07-11,4.0,0.1,21.8,1.3500000000000014,95.0,10.95,78.5,0.1,0.8419729946331671,76.66666666666667,0.5,8.066666666666666,0.0,,,,,,0,3,24.05,91.75,8.774999999999999,74.5,0.125,7,-0.16057454459499376,-0.9870237158387383,2022-2023,0
2023-07-12,23.700000000000006,0.0,21.7,1.75,89.5,12.6,87.0,0.0,1.8237835773682463,72.0,0.1,10.933333333333332,7.0,,,,,,0,1,24.925,85.25,11.35,77.5,0.025,7,-0.17752914918703497,-0.984115542601034,2022-2023,0
2023-07-13,13.2,9.6,21.8,1.1999999999999957,97.5,1.65,100.0,3.6,0.4148486458488314,100.0,3.4000000000000004,1.6666666666666667,0.0,,,,,,0,3,22.5,96.25,1.7,100.0,1.5,7,-0.19443122004766195,-0.9809161537413774,2022-2023,0
2023-07-14,11.1,0.2,21.6,1.1666666666666643,94.0,10.7,100.0,0.1,1.0073985690824188,100.0,0.5,9.999999999999998,0.0,,,,,,0,3,22.75,92.25,10.075,100.0,0.125,7,-0.2112757555821793,-0.9774264960104055,2022-2023,0
2023-07-15,0.7,0.9,24.5,0.9333333333333371,86.0,13.55,100.0,0.0,2.502273720866384,100.0,0.0,13.133333333333335,4.0,,,,,,0,0,25.675,83.75,13.425,100.0,0.0,7,-0.2280577712215198,-0.9736476020539838,2022-2023,0
2023-07-16,0.0,0.0,24.6,2.1166666666666636,87.5,9.0,69.5,0.4,2.2177692226803316,46.666666666666664,0.6000000000000001,9.966666666666667,0.0,,,,,,0,2,26.174999999999997,83.75,9.425,52.75,0.15000000000000002,7,-0.24477230089725957,-0.9695805901076308,2022-2023,0
2023-07-17,0.0,0.0,22.3,5.0,92.0,5.5,0.0,0.0,1.366502632237136,0.0,0.0,3.0,13.0,,,,,,0,0,25.224999999999998,84.5,3.725,0.0,0.0,7,-0.2614143985111562,-0.965226663665613,2022-2023,0
2023-07-18,0.0,0.0,21.8,4.633333333333333,84.5,4.35,58.0,0.0,2.7344307967770582,87.0,0.0,2.9,24.0,,,,,,0,0,24.7,80.0,3.325,71.0,0.0,7,-0.2779791393987801,-0.9605871111248129,2022-2023,0
2023-07-19,0.0,0.0,23.3,2.766666666666662,82.5,10.0,100.0,0.0,3.1657143039400033,100.0,0.0,9.666666666666666,24.0,,,,,,0,0,25.674999999999997,80.0,9.6,100.0,0.0,7,-0.2944616217868012,-0.9556633054034704,2022-2023,0
2023-07-20,2.6,0.30000000000000004,21.6,2.0499999999999936,98.5,4.800000000000001,99.0,0.1,0.24705621468771,91.0,0.2,6.266666666666667,1.0,,,,,,0,2,22.325000000000003,94.5,5.875,93.25,0.07500000000000001,7,-0.3108569682435036,-0.9504567035349151,2022-2023,0
2023-07-21,0.0,0.0,20.5,2.450000000000003,93.0,3.8499999999999996,46.0,0.0,1.177637600649728,42.666666666666664,0.1,2.4,13.0,,,,,,0,1,22.725,88.5,2.8249999999999997,39.0,0.025,7,-0.3271603271220951,-0.9449688462364056,2022-2023,0
2023-07-22,0.0,0.0,22.4,1.716666666666665,87.5,8.75,13.0,0.0,2.1832704494782753,3.0,0.0,8.266666666666667,17.0,,,,,,0,0,24.225,82.25,8.4,7.5,0.0,7,-0.34336687399638804,-0.939201357453208,2022-2023,0
2023-07-23,0.0,0.0,22.7,3.2833333333333314,88.0,12.0,7.5,0.0,2.086139845593305,0.6666666666666666,0.0,11.166666666666666,15.0,,,,,,0,0,24.25,81.75,11.275,3.75,0.0,7,-0.3594718130884232,-0.9331559438780432,2022-2023,0
2023-07-24,0.0,0.0,23.0,2.5166666666666693,83.0,15.55,68.0,0.0,3.057154319586239,67.66666666666667,0.0,14.166666666666666,24.0,,,,,,0,0,24.975,78.25,14.575,61.5,0.0,7,-0.3754703786876202,-0.9268343944460494,2022-2023,0
2023-07-25,0.0,0.0,24.1,2.2999999999999936,83.5,10.65,19.0,0.0,2.97296659217092,1.6666666666666667,0.0,9.3,24.0,,,,,,0,0,25.6,78.5,9.700000000000001,10.75,0.0,7,-0.3913578365610259,-0.9202385798054075,2022-2023,0
2023-07-26,0.0,0.0,21.9,4.466666666666665,97.0,4.449999999999999,49.5,0.0,0.5004404077067832,2.3333333333333335,0.0,3.133333333333333,13.0,,,,,,0,0,25.1,88.0,3.3,26.25,0.0,7,-0.4071294853542516,-0.9133704517637858,2022-2023,0
2023-07-27,0.0,0.0,23.0,3.9333333333333336,96.0,6.15,9.5,0.0,0.673045698047126,1.6666666666666667,0.0,4.0,15.0,,,,,,0,0,25.65,86.0,4.4,4.75,0.0,7,-0.4227806579826773,-0.9062320427107697,2022-2023,0
2023-07-28,0.0,0.0,24.0,2.75,92.5,9.0,48.0,0.0,1.2930256222094307,14.333333333333334,0.0,5.833333333333333,13.0,,,,,,0,0,26.2,84.75,6.525,24.0,0.0,7,-0.4383067230125192,-0.898825465016444,2022-2023,0
2023-07-29,0.0,0.0,25.1,2.883333333333333,83.5,10.95,92.5,0.0,2.9973540650221118,54.333333333333336,0.0,9.566666666666668,13.0,,,,,,0,0,26.65,79.25,10.0,63.25,0.0,7,-0.45370308603134424,-0.8911529104063088,2022-2023,0
2023-07-30,0.0,0.0,22.9,4.483333333333331,87.5,11.6,10.0,0.0,2.1955606516721,10.666666666666666,0.0,9.966666666666667,15.0,,,,,,0,0,25.65,79.75,10.375,8.25,0.0,7,-0.46896519100763184,-0.8832166493127127,2022-2023,0
2023-07-31,0.0,0.0,25.3,2.8500000000000014,84.0,9.6,41.5,0.0,2.9013391443548535,55.333333333333336,0.0,10.299999999999999,24.0,,,,,,0,0,26.675,78.5,9.9,52.5,0.0,7,-0.48408852163897587,-0.8750190302029955,2022-2023,0
2023-08-01,0.0,0.0,25.2,2.8000000000000007,87.5,6.35,18.0,0.0,2.2293284099128776,61.666666666666664,0.0,8.566666666666668,15.0,,,,,,0,0,26.975,78.75,7.625,51.75,0.0,8,-0.4990686026885319,-0.8665624788845385,2022-2023,0
2023-08-02,0.0,0.0,24.1,2.466666666666665,84.5,11.350000000000001,57.5,0.0,2.777698853759187,48.333333333333336,0.0,12.133333333333335,14.0,,,,,,0,0,26.075000000000003,77.5,11.825,58.5,0.0,8,-0.5139010013093103,-0.8578494977869301,2022-2023,0
2023-08-03,0.0,0.0,26.0,1.7333333333333307,81.0,13.45,100.0,0.0,3.512887336095911,96.33333333333333,0.0,15.633333333333333,14.0,,,,,,0,0,26.650000000000002,77.75,14.775,97.25,0.0,8,-0.5285813283559292,-0.8488826652214553,2022-2023,0
2023-08-04,0.0,0.0,25.6,1.9333333333333336,82.5,11.3,31.5,0.0,3.2035288090257055,5.333333333333333,0.0,10.9,14.0,,,,,,0,0,27.125,77.0,11.025,17.75,0.0,8,-0.5431052396834317,-0.8396646346181327,2022-2023,0
2023-08-05,0.1,0.0,25.8,1.68333333333333,83.5,14.05,36.5,0.0,3.012924650681061,14.333333333333334,0.0,14.566666666666668,10.0,,,,,,0,0,27.425,77.25,14.325,24.5,0.0,8,-0.5574684374327892,-0.8301981337405212,2022-2023,0
2023-08-06,0.0,0.0,26.2,2.283333333333335,79.5,10.6,49.0,0.0,3.83277571544523,46.333333333333336,0.0,12.733333333333334,24.0,,,,,,0,0,27.75,74.0,12.175,42.5,0.0,8,-0.5716666713027052,-0.8204859638785327,2022-2023,0
2023-08-07,0.1,0.1,26.0,1.783333333333335,79.5,18.25,100.0,0.0,3.828539731464261,83.0,0.0,18.366666666666667,6.0,,,,,,0,0,27.075,76.25,18.275,87.25,0.0,8,-0.5856957398073508,-0.8105309990194823,2022-2023,0
2023-08-08,0.0,0.0,26.3,1.6666666666666679,73.5,7.8,96.5,0.0,5.132064506336015,100.0,0.0,8.533333333333333,15.0,,,,,,0,0,27.825000000000003,69.75,8.55,98.25,0.0,8,-0.5995514915196489,-0.8003361849976323,2022-2023,0
2023-08-09,0.0,0.0,27.0,1.6333333333333364,77.5,9.05,72.0,0.0,4.2752493375368985,50.333333333333336,0.0,12.1,18.0,,,,,,0,0,28.4,73.0,11.175,56.5,0.0,8,-0.6132298262997502,-0.7899045386224707,2022-2023,0
2023-08-10,0.2,0.4,26.6,1.43333333333333,77.0,19.5,82.5,0.0,4.36919042543623,58.333333333333336,0.0,17.099999999999998,4.0,,,,,,0,0,27.65,73.0,17.7,67.25,0.0,8,-0.6267266965083301,-0.7792391467859886,2022-2023,0
2023-08-11,0.0,0.0,25.3,2.7333333333333307,75.0,14.75,4.0,0.0,4.760819563400361,0.6666666666666666,0.0,11.633333333333333,24.0,,,,,,0,0,27.150000000000002,69.0,12.450000000000001,2.0,0.0,8,-0.6400381082043503,-0.7683431655492202,2022-2023,0
2023-08-12,0.0,0.0,22.9,5.583333333333336,84.5,6.0,1.0,0.0,2.7447022277206266,0.0,0.0,3.033333333333333,13.0,,,,,,0,0,25.625,73.0,3.975,0.5,0.0,8,-0.65316012232693,-0.7572198192083127,2022-2023,0
2023-08-13,0.0,0.0,24.1,3.833333333333332,88.5,4.5,1.5,0.0,2.016139985883637,0.6666666666666666,0.0,3.433333333333333,24.0,,,,,,0,0,26.200000000000003,79.0,3.75,1.0,0.0,8,-0.666088855860977,-0.7458723993404063,2022-2023,0
2023-08-14,0.7,0.0,24.3,3.3999999999999986,89.5,3.6500000000000004,7.0,0.0,1.842258414031953,45.333333333333336,0.0,3.6999999999999997,10.0,,,,,,0,0,26.15,82.75,3.5500000000000003,36.75,0.0,8,-0.6788204829862355,-0.734304263829602,2022-2023,0
2023-08-15,0.0,0.0,25.5,3.1833333333333336,87.0,8.0,100.0,0.0,2.326760844118809,100.0,4.800000000000001,8.5,15.0,,,,,,0,2,25.799999999999997,88.75,8.225000000000001,100.0,1.2000000000000002,8,-0.6913512362094071,-0.722518835873311,2022-2023,0
2023-08-16,22.099999999999998,20.0,25.4,0.10000000000000142,89.0,20.15,99.5,0.5,1.9468866533374936,99.33333333333333,0.6,18.0,0.0,,,,,,0,2,25.95,86.75,18.45,99.25,0.25,8,-0.7036774074790128,-0.7105196029692745,2022-2023,0
2023-08-17,0.1,0.0,25.4,0.6666666666666679,86.5,10.3,98.0,0.0,2.414121380531558,95.33333333333333,0.1,11.0,12.0,,,,,,0,1,25.950000000000003,83.5,11.1,95.5,0.025,8,-0.7157953492826642,-0.6983101158835584,2022-2023,0
2023-08-18,0.0,0.0,24.4,2.283333333333335,81.5,11.15,100.0,0.0,3.381418677177397,100.0,3.0,10.666666666666666,16.0,,,,,,0,2,25.075000000000003,82.5,10.85,100.0,0.75,8,-0.7277014757264236,-0.6858939875998223,2022-2023,0
2023-08-19,0.0,0.0,23.4,3.2000000000000064,85.0,8.6,8.0,0.0,2.6664153279991787,58.666666666666664,0.0,5.599999999999999,21.0,,,,,,0,0,25.549999999999997,80.0,6.35,44.25,0.0,8,-0.7393922635959241,-0.673274892250183,2022-2023,0
2023-08-20,0.0,0.0,23.9,2.7666666666666693,95.0,7.1,6.5,0.0,0.8505405787134563,0.3333333333333333,0.0,4.233333333333333,14.0,,,,,,0,0,26.099999999999998,88.0,4.875,3.25,0.0,8,-0.7508642533989489,-0.6604565640279754,2022-2023,0
2023-08-21,0.0,0.0,25.0,2.0333333333333314,92.0,7.1,27.5,0.0,1.3927951456861578,43.0,0.0,5.033333333333334,14.0,,,,,,0,0,26.575000000000003,86.75,5.475,37.5,0.0,8,-0.7621140503891487,-0.6474427960827475,2022-2023,0
2023-08-22,0.0,0.0,25.9,1.6000000000000014,89.0,8.2,82.5,0.0,1.9461642244515573,75.33333333333333,0.0,8.233333333333333,15.0,,,,,,0,0,26.775000000000002,84.5,8.1,72.75,0.0,8,-0.7731383255706026,-0.6342374393978054,2022-2023,0
2023-08-23,0.0,0.0,26.0,1.2666666666666693,84.5,6.85,84.0,0.0,2.8244304244782406,73.33333333333333,0.0,9.433333333333332,14.0,,,,,,0,0,27.275,81.25,8.6,74.75,0.0,8,-0.7839338166829201,-0.620844401650647,2022-2023,0
2023-08-24,0.0,0.0,26.5,0.649999999999995,81.0,9.899999999999999,89.5,0.0,3.5193774268860842,100.0,0.0,13.233333333333334,17.0,,,,,,0,0,26.700000000000003,79.25,12.2,94.75,0.0,8,-0.7944973291665992,-0.6072676460566135,2022-2023,0
2023-08-25,0.0,0.0,25.6,0.966666666666665,83.0,13.7,91.0,0.0,3.1017730972483015,78.33333333333333,0.0,13.166666666666666,24.0,,,,,,0,0,26.349999999999998,80.0,13.375,79.25,0.0,8,-0.8048257371083452,-0.593511190196115,2022-2023,0
2023-08-26,0.0,0.0,23.6,2.7666666666666693,89.0,7.8999999999999995,10.5,0.0,1.915942395255044,6.666666666666667,0.0,6.5,24.0,,,,,,0,0,25.05,82.75,6.6499999999999995,7.25,0.0,8,-0.8149159841660791,-0.5795791048257612,2022-2023,0
2023-08-27,0.0,0.0,22.9,2.9499999999999993,94.5,6.449999999999999,100.0,0.0,0.9293394865306475,89.33333333333333,0.0,3.8333333333333335,14.0,,,,,,0,0,24.7,86.0,4.699999999999999,92.0,0.0,8,-0.8247650844733614,-0.5654755126737576,2022-2023,0
2023-08-28,0.0,0.0,21.7,3.683333333333337,98.5,6.25,100.0,0.0,0.24733612418097906,100.0,0.0,4.133333333333334,13.0,,,,,,0,0,23.825,91.5,4.449999999999999,100.0,0.0,8,-0.8343701235229537,-0.5512045872199277,2022-2023,0
2023-08-29,0.0,0.0,24.9,1.3000000000000007,85.5,12.45,50.0,0.0,2.5951799026330846,18.0,0.0,13.1,15.0,,,,,,0,0,25.9,79.25,12.9,28.5,0.0,8,-0.8437282590292712,-0.5367705514607103,2022-2023,0
2023-08-30,0.0,0.0,24.4,2.150000000000002,79.0,11.75,94.5,0.0,3.878837868906494,99.66666666666667,0.0,12.166666666666666,24.0,,,,,,0,0,25.625,73.5,12.15,97.25,0.0,8,-0.8528367217694595,-0.522177676659508,2022-2023,0
2023-08-31,0.30000000000000004,0.0,25.5,1.0166666666666657,78.5,22.5,100.0,0.0,4.0232427638397965,100.0,0.0,21.633333333333336,11.0,,,,,,0,0,25.95,75.75,21.65,100.0,0.0,8,-0.8616928164028521,-0.5074302810827518,2022-2023,0
2023-09-01,0.0,0.0,25.3,1.3833333333333258,82.5,16.95,94.0,0.0,3.191687946925601,98.0,0.0,17.933333333333334,24.0,,,,,,0,0,25.825000000000003,78.75,17.325,97.0,0.0,9,-0.8702939222685674,-0.49253272872205434,2023-2024,0
2023-09-02,0.0,0.0,24.4,1.8833333333333329,87.0,7.0,99.5,0.0,2.301823195830668,100.0,0.0,8.566666666666665,13.0,,,,,,0,0,25.225,81.25,8.025,99.75,0.0,9,-0.8786374941610001,-0.4774894280028391,2023-2024,0
2023-09-03,0.0,0.0,21.9,3.7666666666666693,95.5,8.2,26.0,0.0,0.7478295423356691,9.0,0.0,5.066666666666666,24.0,,,,,,0,0,23.75,84.25,5.85,15.25,0.0,9,-0.886721063082993,-0.46230483047981086,2023-2024,0
2023-09-04,0.0,0.0,23.4,3.5000000000000036,91.5,1.9,57.0,0.0,1.4629833563839796,22.333333333333332,0.0,2.466666666666667,24.0,,,,,,0,0,24.9,86.25,2.4749999999999996,40.75,0.0,9,-0.8945422369764496,-0.4469834295196741,2023-2024,0
2023-09-05,0.9,0.0,25.3,0.9999999999999964,87.0,8.25,34.0,0.0,2.326760844118809,50.666666666666664,0.0,9.233333333333333,11.0,,,,,,0,0,26.874999999999996,81.25,8.825,48.25,0.0,9,-0.9020987014301837,-0.43152975897147144,2023-2024,0
2023-09-06,0.7000000000000001,0.1,23.0,3.033333333333335,95.5,6.550000000000001,100.0,1.3,0.7577573061729943,100.0,0.0,5.8,1.0,,,,,,0,0,23.95,92.75,6.325000000000001,100.0,0.325,9,-0.9093882203647925,-0.4159483918249421,2023-2024,0
2023-09-07,0.0,0.0,20.4,2.716666666666665,94.5,9.7,84.5,0.0,0.9105830300320257,53.666666666666664,0.0,7.433333333333334,14.0,,,,,,0,0,21.700000000000003,86.0,8.075,64.0,0.0,9,-0.9164086366943458,-0.4002439388573056,2023-2024,0
2023-09-08,0.0,0.0,20.9,4.166666666666668,99.5,4.6,100.0,0.0,0.08143260738974334,100.0,0.0,5.333333333333333,24.0,,,,,,0,0,21.549999999999997,95.75,4.8999999999999995,100.0,0.0,9,-0.9231578729647039,-0.38442104726885545,2023-2024,0
2023-09-09,0.0,0.0,21.2,2.6499999999999986,93.0,3.1,98.5,0.0,1.1905683664070992,98.66666666666667,0.0,2.566666666666667,14.0,,,,,,0,0,23.575,88.75,2.7,99.0,0.0,9,-0.9296339319682695,-0.3684843993077793,2023-2024,0
2023-09-10,0.0,0.0,23.2,1.4833333333333343,89.0,7.3,97.5,0.0,1.9166592340321422,96.33333333333333,0.0,8.266666666666666,14.0,,,,,,0,0,24.750000000000004,82.25,7.949999999999999,96.0,0.0,9,-0.9358348973349941,-0.35243871088460327,2023-2024,0
2023-09-11,0.8999999999999999,0.0,24.5,0.23333333333333073,83.5,14.5,98.5,0.0,2.9851480155447554,98.66666666666667,0.0,15.700000000000001,8.0,,,,,,0,0,25.225,80.5,15.15,99.0,0.0,9,-0.9417589340994617,-0.33628873017668287,2023-2024,0
2023-09-12,0.4,0.3,24.3,0.7666666666666657,84.0,11.0,99.0,0.0,2.868109609273489,57.666666666666664,0.0,11.666666666666666,6.0,,,,,,0,0,24.775,80.0,11.6,68.25,0.0,9,-0.9474042892438845,-0.32003923622313857,2023-2024,0
2023-09-13,0.1,0.0,21.1,2.1999999999999957,98.5,7.85,26.5,0.0,0.24510128143790055,16.0,0.0,6.533333333333334,9.0,,,,,,0,0,22.549999999999997,92.5,6.7250000000000005,19.0,0.0,9,-0.9527692922168511,-0.30369503751065885,2023-2024,0
2023-09-14,0.0,0.0,23.6,1.68333333333333,83.5,11.350000000000001,35.5,0.0,2.9519839603802467,64.0,0.0,12.100000000000001,18.0,,,,,,0,0,24.625,78.5,11.925,57.25,0.0,9,-0.9578523554276669,-0.28726097055059635,2023-2024,0
2023-09-15,0.0,0.2,23.3,1.2666666666666657,98.0,3.8,60.0,0.8999999999999999,0.33364007530839146,68.33333333333333,0.2,2.766666666666667,0.0,,,,,,0,1,24.05,93.5,3.0749999999999997,76.25,0.22499999999999998,9,-0.9626519747161487,-0.2707418984477642,2023-2024,0
2023-09-16,2.1999999999999997,3.0,23.0,2.400000000000002,98.0,5.85,83.5,0.1,0.33238840955596416,55.666666666666664,0.0,5.6000000000000005,1.0,,,,,,0,0,24.325000000000003,93.5,5.425,62.0,0.025,9,-0.9671667297977312,-0.2541427094613622,2023-2024,0
2023-09-17,5.6,0.0,23.4,2.56666666666667,91.0,11.5,80.5,0.0,1.5585181289990189,37.666666666666664,0.0,13.133333333333333,9.0,,,,,,0,0,25.4,84.5,12.55,51.0,0.0,9,-0.97139528468375,-0.23746831555846842,2023-2024,0
2023-09-18,31.100000000000005,0.0,24.7,0.4166666666666643,91.0,4.05,96.0,0.1,1.5690181135728807,94.0,6.199999999999999,4.066666666666666,0.0,,,,,,0,3,24.500000000000004,92.0,4.625,93.5,1.5499999999999998,9,-0.9753363880767837,-0.2207236509605022,2023-2024,0
2023-09-19,0.0,0.0,23.8,0.7833333333333314,91.0,8.1,35.5,0.0,1.555025922012934,38.666666666666664,0.0,8.666666666666666,14.0,,,,,,0,0,24.549999999999997,87.25,8.4,36.0,0.0,9,-0.9789888737409319,-0.20391367068311472,2023-2024,0
2023-09-20,0.1,0.1,22.5,1.6666666666666679,96.0,3.1,100.0,0.6,0.6710262574793084,99.66666666666667,0.9,3.6999999999999997,0.0,,,,,,0,2,23.374999999999996,92.5,3.525,99.75,0.25,9,-0.9823516608469237,-0.18704334906991657,2023-2024,0
2023-09-21,0.0,0.0,23.6,0.283333333333335,87.0,15.25,100.0,0.2,2.2932548916882354,100.0,0.0,15.200000000000001,1.0,,,,,,0,0,24.2,85.25,15.2,100.0,0.05,9,-0.9854237542919524,-0.17011767832049052,2023-2024,0
2023-09-22,48.900000000000006,0.1,21.7,1.3333333333333321,98.5,4.65,97.5,0.2,0.24649687068595938,99.0,0.8,4.3,0.0,,,,,,0,3,21.525000000000002,97.5,4.35,98.75,0.225,9,-0.9882042449941422,-0.15314166701312007,2023-2024,0
2023-09-23,0.0,0.0,18.0,3.3166666666666664,95.0,5.0,95.0,0.0,0.8202744785628013,96.0,0.0,4.233333333333333,19.0,,,,,,0,0,19.75,92.25,4.425,95.75,0.0,9,-0.9906923101615609,-0.13612033862266704,2023-2024,0
2023-09-24,0.0,0.0,14.4,3.0166666666666675,92.0,7.5,19.0,0.0,1.273715538306364,12.0,0.0,5.133333333333333,24.0,,,,,,0,0,16.075,83.75,5.7,10.0,0.0,9,-0.9928872135356962,-0.11905873003404988,2023-2024,0
2023-09-25,0.0,0.0,15.3,4.266666666666666,94.5,8.3,86.5,0.0,0.8811050410394383,90.33333333333333,0.0,7.566666666666666,24.0,,,,,,0,0,18.175,87.0,7.65,92.5,0.0,9,-0.994788305609327,-0.10196189005174576,2023-2024,0
2023-09-26,0.0,0.0,19.5,2.1833333333333336,71.0,7.85,100.0,0.0,5.440534459899288,100.0,0.0,7.3999999999999995,24.0,,,,,,0,0,21.0,70.5,7.7,100.0,0.0,9,-0.9963950238187231,-0.08483487790576538,2023-2024,0
2023-09-27,0.2,1.1,20.2,2.5166666666666693,92.0,10.9,100.0,0.0,1.341984435108209,90.33333333333333,0.0,9.2,2.0,,,,,,0,0,21.25,90.5,9.65,92.75,0.0,9,-0.9977068927101168,-0.06768276175455162,2023-2024,0
2023-09-28,0.2,1.5,22.2,0.8833333333333329,95.0,3.6500000000000004,100.0,1.3,0.8426061479071834,75.33333333333333,1.1,4.166666666666667,0.0,,,,,,0,3,22.95,95.0,3.7750000000000004,81.5,0.47500000000000003,9,-0.9987235240803972,-0.050510617185222886,2023-2024,0
2023-09-29,1.8000000000000003,0.6,20.3,1.8333333333333286,99.5,5.25,100.0,0.0,0.08078584414363021,82.33333333333333,0.0,4.333333333333333,3.0,,,,,,0,0,20.1,97.0,4.6,86.75,0.0,9,-0.9994446170919858,-0.033323525711631344,2023-2024,0
2023-09-30,0.0,0.0,16.4,3.3000000000000007,94.0,11.35,35.5,0.0,0.9731128949217869,17.666666666666668,0.0,10.433333333333332,24.0,,,,,,0,0,18.975,88.0,10.6,23.75,0.0,9,-0.9998699583618592,-0.016126573270657762,2023-2024,0
2023-10-01,6.5,0.7,18.3,2.666666666666668,94.0,3.75,100.0,0.4,0.9888635720434742,100.0,0.5,3.5666666666666664,0.0,,,,,,0,3,19.725,92.25,3.7750000000000004,100.0,0.17500000000000002,10,-0.9999994220246925,0.001075151282798226,2023-2024,0
2023-10-02,0.2,0.0,14.2,4.899999999999999,90.0,7.6,10.0,0.0,1.6111062709636297,11.333333333333334,0.0,6.333333333333333,9.0,,,,,,0,0,15.7,83.25,6.75,11.75,0.0,10,-0.999832969770105,0.018276557681691223,2023-2024,0
2023-10-03,0.0,0.0,12.0,3.633333333333333,83.5,3.6999999999999997,2.0,0.0,2.699594551594739,33.0,0.0,5.5,24.0,,,,,,0,0,13.6,81.0,4.825,24.75,0.0,10,-0.9993706508539969,0.03547255575312556,2023-2024,0
2023-10-04,0.0,0.2,17.7,0.8333333333333357,93.0,7.25,21.0,0.0,1.1440835759271124,18.0,0.0,4.166666666666667,2.0,,,,,,0,0,18.45,91.25,5.375,19.75,0.0,10,-0.9986126020839734,0.052658056924614005,2023-2024,0
2023-10-05,1.9,0.0,17.7,1.4000000000000021,95.0,4.4,100.0,1.2000000000000002,0.8127933587105893,99.66666666666667,3.8,5.900000000000001,0.0,,,,,,0,3,17.725,92.5,5.925000000000001,99.75,1.15,10,-0.9975590477788613,0.06982797572987089,2023-2024,0
2023-10-06,0.30000000000000004,0.1,12.6,1.116666666666669,86.0,5.449999999999999,68.0,0.4,2.280480749386218,70.0,0.6000000000000001,7.666666666666667,0.0,,,,,,0,3,13.9,80.25,6.7749999999999995,72.5,0.22499999999999998,10,-0.9962102997023297,0.0869772313136861,2023-2024,0
2023-10-07,0.0,0.0,12.4,1.5499999999999972,83.5,6.4,95.5,0.0,2.72390766227255,80.66666666666667,0.0,6.433333333333334,14.0,,,,,,0,0,13.975000000000001,78.0,6.550000000000001,85.5,0.0,10,-0.9945667569706337,0.1041007489354256,2023-2024,0
2023-10-08,0.0,0.0,11.6,2.8500000000000014,82.5,7.550000000000001,89.5,0.0,2.883552141968295,95.66666666666667,0.0,7.0,17.0,,,,,,0,0,13.55,79.5,7.175,94.75,0.0,10,-0.9926289059345095,0.121193461470736,2023-2024,0
2023-10-09,7.5,4.800000000000001,15.5,0.18333333333333535,94.0,2.0,100.0,4.8,0.9615682018723337,100.0,4.7,2.733333333333333,0.0,,,,,,0,3,15.575,93.75,2.675,100.0,2.325,10,-0.9903973200352558,0.1382503109109819,2023-2024,0
2023-10-10,1.4,0.4,17.8,0.8000000000000007,97.5,2.8,100.0,0.8999999999999999,0.40089703090931295,85.33333333333333,0.8,5.133333333333333,0.0,,,,,,0,3,17.625,96.75,4.8,89.0,0.375,10,-0.9878726596350429,0.15526624985999563,2023-2024,0
2023-10-11,0.5,0.0,11.9,2.8666666666666654,91.0,5.95,99.5,0.0,1.422424420385326,91.66666666666667,0.0,3.7000000000000006,10.0,,,,,,0,0,13.075000000000001,89.5,4.275,93.5,0.0,10,-0.9850556718215013,0.172236243027682,2023-2024,0
2023-10-12,0.0,0.0,7.6,4.083333333333332,98.0,5.1,22.0,0.0,0.2956949896404808,8.666666666666666,0.0,4.666666666666667,24.0,,,,,,0,0,10.25,88.5,4.775,11.5,0.0,10,-0.981947190186646,0.18915526872004093,2023-2024,0
2023-10-13,0.0,0.0,7.7,4.3666666666666645,95.0,6.0,56.0,0.0,0.7472990985903314,25.0,0.0,5.833333333333333,24.0,,,,,,0,0,9.3,89.5,5.85,43.75,0.0,10,-0.9785481345802031,0.20601832032517084,2023-2024,0
2023-10-14,0.0,0.0,9.1,3.3833333333333346,92.5,9.2,72.0,0.0,1.154057505449412,78.33333333333333,0.0,8.633333333333333,24.0,,,,,,0,0,11.275,87.0,8.8,69.75,0.0,10,-0.9748595108374125,0.22282040779479959,2023-2024,0
2023-10-15,3.1,3.6,15.9,0.1999999999999975,94.5,3.5,100.0,5.2,0.8790664753832527,80.66666666666667,2.3,3.0999999999999996,0.0,,,,,,0,2,15.8,93.25,3.25,85.5,1.425,10,-0.9708824104813836,0.23955655912092708,2023-2024,0
2023-10-16,1.4000000000000001,0.30000000000000004,14.2,0.5500000000000007,92.5,2.95,29.0,0.0,1.1964083068220557,31.0,0.0,4.6,2.0,,,,,,0,0,14.7,91.5,4.025,30.0,0.0,10,-0.9666180104000972,0.2562218218071163,2023-2024,0
2023-10-17,0.5,0.0,11.5,4.366666666666667,99.0,4.949999999999999,44.5,0.0,0.15067358984329715,31.333333333333332,0.0,4.166666666666667,11.0,,,,,,0,0,12.2,94.75,4.449999999999999,33.0,0.0,10,-0.9620675724981452,0.27281126433401914,2023-2024,0
2023-10-18,0.0,0.0,8.7,4.433333333333334,93.5,6.5,0.0,0.0,0.9856955686533242,0.0,0.0,6.866666666666667,24.0,,,,,,0,0,10.25,88.25,6.75,0.0,0.0,10,-0.957232443323312,0.28931997761869527,2023-2024,0
2023-10-19,0.0,0.0,12.1,0.6500000000000004,83.5,11.45,46.5,0.0,2.7048708373906187,83.0,0.0,11.299999999999999,24.0,,,,,,0,0,13.65,81.5,11.3,63.5,0.0,10,-0.9521140536681102,0.3057430764672831,2023-2024,0
2023-10-20,0.0,0.0,15.2,0.21666666666666679,84.5,11.5,65.0,0.0,2.615671155460669,79.66666666666667,0.0,13.566666666666668,24.0,,,,,,0,0,17.299999999999997,82.25,12.9,78.75,0.0,10,-0.9467139181463862,0.3220757010206104,2023-2024,0
2023-10-21,6.1,1.1,11.3,3.166666666666666,94.5,5.4,67.0,0.5,0.8477696102057717,60.666666666666664,0.7,7.833333333333333,0.0,,,,,,0,3,11.0,92.25,7.175000000000001,64.75,0.25,10,-0.9410336347451197,0.3383130181923076,2023-2024,0
2023-10-22,1.4,0.0,7.9,1.5333333333333332,93.5,4.199999999999999,15.5,0.0,0.9716439521949436,6.0,0.0,2.6666666666666665,7.0,,,,,,0,0,8.0,88.0,3.025,11.0,0.0,10,-0.9350748843515574,0.3544502230989869,2023-2024,0
2023-10-23,0.0,0.0,7.5,2.333333333333334,85.0,4.300000000000001,38.0,0.0,2.3806828357778205,82.0,0.0,4.566666666666666,24.0,,,,,,0,0,10.649999999999999,83.0,4.525,65.5,0.0,10,-0.9288394302558068,0.3704825404820963,2023-2024,0
2023-10-24,0.0,0.0,6.8,5.616666666666666,89.0,9.7,11.0,0.0,1.6906979008864402,3.6666666666666665,0.0,9.133333333333333,24.0,,,,,,0,0,9.399999999999999,83.75,9.25,6.0,0.0,10,-0.9223291176290545,0.3864052261209853,2023-2024,0
2023-10-25,0.0,0.0,8.8,4.166666666666666,94.5,6.550000000000001,76.5,0.0,0.8328289397600868,66.33333333333333,0.0,6.033333333333334,24.0,,,,,,0,0,10.575,89.5,6.200000000000001,67.75,0.0,10,-0.9155458729775467,0.40221356823680365,2023-2024,0
2023-10-26,0.0,0.0,8.3,3.9000000000000004,93.0,3.3,6.5,0.0,1.064847327756019,3.0,0.0,2.733333333333333,14.0,,,,,,0,0,10.299999999999999,89.5,2.875,4.25,0.0,10,-0.9084917035725082,0.41790288888678667,2023-2024,0
2023-10-27,0.0,0.0,9.7,3.3499999999999996,93.0,7.8999999999999995,2.0,0.0,1.0690808946279775,50.333333333333336,0.0,8.766666666666666,4.0,,,,,,0,0,10.45,88.25,8.35,38.5,0.0,10,-0.9011686968561569,0.4334685453485363,2023-2024,0
2023-10-28,0.0,0.0,9.5,1.75,91.5,2.1500000000000004,99.5,0.30000000000000004,1.3449397771413878,100.0,0.5,4.266666666666667,0.0,,,,,,0,3,12.799999999999999,92.0,3.725,99.75,0.175,10,-0.8935790198239952,0.4489059314938798,2023-2024,0
2023-10-29,0.2,0.0,9.3,2.466666666666665,99.0,3.45,91.0,0.0,0.14919169950777444,80.0,0.0,5.6000000000000005,2.0,,,,,,0,0,9.575,97.75,5.1,81.75,0.0,10,-0.8857249183835637,0.4642104791518923,2023-2024,0
2023-10-30,0.0,0.0,6.1,2.6999999999999993,99.0,5.95,27.5,0.0,0.14508134395472538,5.666666666666667,0.0,6.7,24.0,,,,,,0,0,7.275,95.75,6.324999999999999,13.75,0.0,10,-0.8776087166898392,0.4793776594606945,2023-2024,1
2023-10-31,0.0,0.0,6.7,3.3166666666666673,95.5,8.850000000000001,8.5,0.0,0.6667469036358264,3.6666666666666665,0.0,8.133333333333333,24.0,,,,,,0,0,8.3,89.75,8.325000000000001,5.5,0.0,10,-0.8692328164574792,0.49440298420761813,2023-2024,1
2023-11-01,0.0,0.0,7.0,4.633333333333333,95.5,7.949999999999999,7.5,0.0,0.6672809976954497,5.333333333333333,0.0,7.833333333333333,24.0,,,,,,0,0,8.299999999999999,91.0,7.8999999999999995,4.5,0.0,11,-0.8605996962501181,0.5092820071573356,2023-2024,0
2023-11-02,0.0,0.0,8.6,2.1833333333333336,80.5,4.85,67.0,0.0,3.2214542389322753,75.0,0.0,3.6666666666666665,24.0,,,,,,0,0,12.85,79.0,4.2,78.75,0.0,11,-0.8517119107469189,0.5240103253675756,2023-2024,0
2023-11-03,0.0,0.0,11.2,2.0500000000000025,86.5,11.8,1.0,0.0,2.1663228993196704,1.6666666666666667,0.0,11.866666666666667,17.0,,,,,,0,0,12.45,83.25,11.875,1.5,0.0,11,-0.8425720899866032,0.5385835804920232,2023-2024,0
2023-11-04,0.0,0.0,11.6,2.2166666666666686,90.0,11.85,0.5,0.0,1.5849393855646987,38.666666666666664,0.0,11.366666666666667,24.0,,,,,,0,0,12.725000000000001,87.5,11.525,29.0,0.0,11,-0.8331829385891785,0.5529974600700271,2023-2024,0
2023-11-05,0.1,0.0,14.0,2.116666666666667,88.0,3.25,46.5,0.0,1.942299355561051,78.66666666666667,0.0,5.366666666666667,11.0,,,,,,0,0,14.1,86.25,4.8,62.75,0.0,11,-0.8235472349556007,0.5672476988027229,2023-2024,0
2023-11-06,0.0,0.0,19.3,-0.8499999999999979,77.0,29.1,100.0,0.0,4.140887052161808,100.0,0.0,32.43333333333334,24.0,,,,,,0,0,19.55,77.75,31.550000000000004,100.0,0.0,11,-0.8136678304455991,0.5813300798152042,2023-2024,0
2023-11-07,13.499999999999998,8.5,17.3,3.4333333333333336,92.5,11.55,100.0,2.4,1.2145906040334928,96.33333333333333,1.3,8.4,0.0,,,,,,0,3,15.6,88.75,9.625,97.25,0.7999999999999999,11,-0.8035476485339116,0.5952404359043674,2023-2024,0
2023-11-08,1.0,0.30000000000000004,11.6,1.8500000000000014,93.5,6.4,2.5,0.0,0.9963002200313049,1.6666666666666667,0.0,5.866666666666667,4.0,,,,,,0,0,10.125,91.25,5.75,2.0,0.0,11,-0.7931896839451843,0.6089746507720486,2023-2024,0
2023-11-09,0.0,0.0,10.0,-0.11666666666666536,87.5,9.25,99.5,0.0,2.012442885616549,71.0,0.0,9.9,24.0,,,,,,0,0,13.200000000000001,85.75,9.75,78.25,0.0,11,-0.7825970017677834,0.6225286602431057,2023-2024,0
2023-11-10,0.0,0.0,17.3,-0.3333333333333357,73.5,17.1,100.0,0.0,4.783843348372482,100.0,0.5,15.866666666666667,24.0,,,,,,0,2,17.150000000000002,76.0,16.175,100.0,0.125,11,-0.7717727365467837,0.6358984534680745,2023-2024,0
2023-11-11,5.6,0.0,7.9,6.766666666666666,81.5,13.85,97.5,0.0,2.969279413991896,98.33333333333333,0.0,11.566666666666665,7.0,,,,,,0,0,8.024999999999999,79.25,12.075,98.75,0.0,11,-0.7607200913564104,0.6490800741100398,2023-2024,0
2023-11-12,0.0,0.0,5.3,1.0999999999999996,62.5,8.649999999999999,100.0,0.0,6.747973869212226,97.33333333333333,0.1,8.633333333333335,24.0,,,,,,0,1,9.325,64.5,8.499999999999998,98.0,0.025,11,-0.7494423368521953,0.6620696215153815,2023-2024,0
2023-11-13,5.199999999999999,0.8,6.0,2.6833333333333353,87.0,10.649999999999999,99.5,0.4,1.9953511181324513,96.0,0.2,9.6,0.0,,,,,,0,2,5.85,84.25,9.85,96.75,0.125,11,-0.7379428103031386,0.6748632518680403,2023-2024,0
2023-11-14,0.0,0.0,7.1,-1.6333333333333337,79.5,2.7,85.5,0.0,3.321187597547115,82.33333333333333,0.0,3.1333333333333333,3.0,,,,,,0,0,8.025,80.75,3.35,86.0,0.0,11,-0.7262249146041543,0.6874571793269664,2023-2024,1
2023-11-15,0.0,0.0,3.3,3.8833333333333337,97.0,7.05,58.0,0.0,0.4296986738685513,24.0,0.0,5.7,18.0,,,,,,0,0,4.6,93.0,6.025,35.75,0.0,11,-0.7142921172691032,0.699847677146407,2023-2024,0
2023-11-16,0.0,0.0,4.3,3.0,100.0,6.85,97.5,0.0,-4.440892098500626e-16,47.333333333333336,0.0,8.466666666666667,15.0,,,,,,0,0,4.825,95.5,7.775,60.0,0.0,11,-0.7021479494046978,0.7120310787787131,2023-2024,1
2023-11-17,0.6000000000000001,0.8999999999999999,11.3,1.016666666666664,87.5,8.5,100.0,6.3,2.0132287646333697,100.0,13.600000000000001,10.166666666666666,0.0,,,,,,0,3,12.325000000000001,86.0,10.45,100.0,4.225,11,-0.6897960046655887,0.7240037789593305,2023-2024,0
2023-11-18,2.9,0.0,5.8,2.033333333333333,91.0,5.4,76.0,1.2,1.3434113629804574,91.33333333333333,0.7999999999999999,5.666666666666667,0.0,,,,,,0,3,4.7,93.0,6.050000000000001,87.75,0.35000000000000003,11,-0.6772399381909491,0.7357622347736527,2023-2024,0
2023-11-19,7.3999999999999995,2.5,7.4,-2.4833333333333334,93.5,3.45,98.5,1.6,0.9849122872240175,99.66666666666667,0.9,4.3999999999999995,0.0,,,,,,0,3,8.2,94.0,4.1,99.0,0.47500000000000003,11,-0.6644834655228552,0.7473029667054297,2023-2024,0
2023-11-20,0.7,0.0,9.5,-0.6666666666666661,95.5,11.55,100.0,4.5,0.6817821467518179,91.66666666666667,4.4,11.300000000000002,0.0,,,,,,0,3,9.05,94.75,11.55,93.75,1.675,11,-0.6515303615068021,0.75862255966641,2023-2024,0
2023-11-21,0.0,0.0,1.8,4.949999999999999,90.5,4.699999999999999,0.0,0.0,1.3839254738676101,0.0,0.0,5.333333333333333,13.0,,,,,,0,0,2.475,86.25,5.1499999999999995,0.0,0.0,11,-0.6383844591746642,0.769717664006921,2023-2024,1
2023-11-22,0.0,0.0,7.5,1.1833333333333318,98.0,13.65,50.0,0.0,0.29357563482189164,26.333333333333332,0.0,12.533333333333333,24.0,,,,,,0,0,6.875,95.0,12.75,35.5,0.0,11,-0.6250496486104377,0.7805849965070866,2023-2024,0
2023-11-23,0.0,0.0,10.0,-1.5666666666666682,91.5,10.5,80.0,0.0,1.321923707827251,73.0,0.0,10.700000000000001,24.0,,,,,,0,0,10.225000000000001,89.5,10.65,72.75,0.0,11,-0.6115298757991053,0.7912213413483807,2023-2024,0
2023-11-24,0.0,0.0,11.7,0.21666666666666679,96.5,8.5,86.0,1.7000000000000002,0.5402702162682775,79.66666666666667,3.2,9.866666666666667,0.0,,,,,,0,3,11.45,94.0,9.55,81.0,1.075,11,-0.5978291414589552,0.801623551065242,2023-2024,0
2023-11-25,3.7,1.3,4.2,1.6999999999999993,92.0,10.55,49.5,0.1,1.1817868381615804,88.0,0.1,9.766666666666666,1.0,,,,,,0,1,4.15,90.0,10.05,74.75,0.05,11,-0.5839514998576998,0.8117885474764613,2023-2024,0
2023-11-26,0.0,0.0,-1.3,3.2333333333333334,90.5,4.1,5.5,0.0,1.3575123148507635,7.666666666666667,0.0,4.233333333333333,20.0,,,,,,0,0,0.04999999999999993,88.25,4.2,7.5,0.0,11,-0.5699010576127624,0.821713322596059,2023-2024,1
2023-11-27,0.0,0.0,3.4,3.4,87.5,3.15,38.5,0.0,1.9077467439752067,8.333333333333334,0.0,5.0,24.0,,,,,,0,0,5.75,88.25,4.475,22.0,0.0,11,-0.5556819724760489,0.8313949395234058,2023-2024,0
2023-11-28,0.0,0.0,9.9,0.8499999999999996,91.0,8.05,71.5,1.7,1.4135343231075854,94.0,5.3,12.6,0.0,,,,,,0,3,10.725000000000001,93.5,10.725,83.75,1.325,11,-0.5412984521036173,0.8408305333122887,2023-2024,0
2023-11-29,2.9,0.0,6.5,-1.3166666666666664,78.5,7.8999999999999995,100.0,0.5,3.4769572116126404,97.0,1.6,7.133333333333333,0.0,,,,,,0,3,6.675000000000001,81.25,7.4,97.75,0.425,11,-0.5267547528105542,0.8500173118187018,2023-2024,0
2023-11-30,4.699999999999999,1.6,6.2,0.11666666666666625,96.0,10.0,97.5,2.0,0.5898888914484441,91.66666666666667,2.9,10.133333333333333,0.0,,,,,,0,3,5.8,95.25,9.425,93.75,0.875,11,-0.5120551783114646,0.8589525565270845,2023-2024,0
2023-12-01,0.0,0.0,0.9,1.9166666666666665,95.5,8.15,63.5,0.0,0.6363951921391052,83.66666666666667,0.0,7.733333333333333,15.0,,,,,,0,0,1.05,93.75,7.875,81.75,0.0,12,-0.4972040784469378,0.8676336233547726,2023-2024,0
2023-12-02,5.999999999999999,2.9,3.7,0.18333333333333313,96.0,5.050000000000001,83.0,0.1,0.5811694019422826,88.0,0.2,3.4000000000000004,1.0,,,,,,0,1,4.449999999999999,93.5,3.7250000000000005,89.0,0.07500000000000001,12,-0.4822058478963526,0.8760579434344281,2023-2024,0
2023-12-03,0.0,0.7,2.7,0.983333333333333,89.5,10.75,96.0,0.0,1.5546085329245456,99.0,0.2,8.666666666666668,5.0,,,,,,0,2,3.7249999999999996,86.0,9.299999999999999,97.75,0.05,12,-0.46706492487743034,0.8842230238742036,2023-2024,0
2023-12-04,0.0,0.0,0.6,3.9499999999999997,89.0,3.7,5.0,0.0,1.6022859582281908,4.0,0.0,4.666666666666666,13.0,,,,,,0,0,0.725,88.0,4.4,4.25,0.0,12,-0.451785789832884,0.8921264484954345,2023-2024,1
2023-12-05,0.0,0.0,1.4,-0.03333333333333299,77.0,11.850000000000001,100.0,0.0,3.625784408475403,100.0,0.0,11.866666666666667,24.0,,,,,,0,0,3.2249999999999996,75.0,11.875,100.0,0.0,12,-0.4363729641045924,0.8997658785476209,2023-2024,0
2023-12-06,0.1,0.4,5.5,-0.08333333333333304,86.0,4.449999999999999,1.0,0.0,2.1139829425557526,0.0,0.0,4.666666666666666,5.0,,,,,,0,0,3.75,82.25,4.5249999999999995,0.5,0.0,12,-0.42083100859565564,0.9071390534005044,2023-2024,0
2023-12-07,0.0,0.0,8.0,-0.5833333333333348,82.5,10.399999999999999,83.5,1.1,2.786488732368693,78.33333333333333,3.6000000000000005,8.033333333333333,0.0,,,,,,0,3,7.925000000000001,85.5,9.174999999999999,76.25,1.1,12,-0.4051645224207563,0.9142437912130223,2023-2024,0
2023-12-08,0.8999999999999999,0.0,8.0,-2.0166666666666666,72.0,3.85,86.0,0.0,4.689498224624847,76.66666666666667,0.0,4.166666666666667,7.0,,,,,,0,0,6.575,76.0,4.0,80.5,0.0,12,-0.3893781415452015,0.9210779895789526,2023-2024,0
2023-12-09,0.0,0.0,4.8,0.616666666666668,79.5,12.5,0.0,0.0,3.2296950517103884,0.0,0.0,12.566666666666668,24.0,,,,,,0,0,4.525,78.75,12.6,0.0,0.0,12,-0.37347653741307074,0.9276396261490467,2023-2024,0
2023-12-10,0.0,0.0,7.7,1.416666666666667,91.0,4.4,12.5,0.0,1.3700457299010083,21.666666666666668,0.0,4.766666666666667,24.0,,,,,,0,0,8.05,89.5,4.55,18.0,0.0,12,-0.3574644155648614,0.9339267592294762,2023-2024,0
2023-12-11,0.0,0.0,7.6,4.283333333333333,98.5,0.65,100.0,0.0,0.22198190185219868,100.0,0.0,1.0999999999999999,2.0,,,,,,0,0,8.0,98.0,1.025,100.0,0.0,12,-0.34134651424503615,0.9399375283564133,2023-2024,0
2023-12-12,8.9,6.9,12.7,-1.1500000000000004,90.5,9.4,99.5,20.2,1.5174205422769358,98.33333333333333,9.1,3.233333333333333,0.0,,,,,,0,3,12.6,92.75,5.95,98.5,5.55,12,-0.3251276029999093,0.9456701548465688,2023-2024,0
2023-12-13,0.0,0.0,5.4,2.55,89.5,5.75,35.0,0.0,1.5773886506152328,41.0,0.0,4.7,17.0,,,,,,0,0,4.25,90.25,5.225,38.5,0.0,12,-0.30881248126625377,0.9511229423235357,2023-2024,0
2023-12-14,0.0,0.0,0.5,2.866666666666667,80.5,3.65,34.0,0.0,2.970487336526885,35.333333333333336,0.0,4.866666666666667,24.0,,,,,,0,0,0.75,79.75,4.625,34.5,0.0,12,-0.29240597695107734,0.9562942772197719,2023-2024,0
2023-12-15,0.0,0.0,9.2,-0.8499999999999996,88.5,17.049999999999997,100.0,1.8,1.8051840703862778,100.0,6.4,17.13333333333333,0.0,,,,,,0,3,9.9,88.5,16.95,100.0,1.725,12,-0.27591294500296043,0.9611826292540837,2023-2024,0
2023-12-16,2.8,5.6,13.4,2.716666666666667,99.0,4.5,100.0,3.2,0.15383940252188033,100.0,1.0,4.333333333333333,0.0,,,,,,0,3,12.975,98.75,4.45,100.0,0.8500000000000001,12,-0.2593382659754056,0.9657865518844574,2023-2024,0
2023-12-17,8.5,1.7,3.0,5.15,78.5,19.5,100.0,0.6000000000000001,3.3550089256975077,97.66666666666667,0.9,17.433333333333334,0.0,,,,,,0,0,1.9,79.5,18.0,98.25,0.325,12,-0.2426868445825954,0.9701046827361175,2023-2024,0
2023-12-18,2.3000000000000003,1.2,-1.9,2.583333333333333,91.5,4.75,76.5,0.4,1.2103065081575948,74.0,0.1,5.900000000000001,0.0,,,,,,0,0,-0.575,90.0,5.2,69.5,0.1,12,-0.22596360824801906,0.974135744004672,2023-2024,0
2023-12-19,0.0,0.0,1.0,-0.55,88.5,4.15,100.0,0.2,1.699203566754081,100.0,0.1,3.766666666666667,0.0,,,,,,0,0,2.2,88.0,4.0,100.0,0.05,12,-0.20917350564635637,0.9778785428342386,2023-2024,0
2023-12-20,0.4,0.2,5.0,-0.5666666666666673,96.0,8.45,100.0,0.8,0.5844610508466905,100.0,1.5,10.4,0.0,,,,,,0,3,4.725,95.0,9.575,100.0,0.45,12,-0.19232150523909483,0.9813319716704275,2023-2024,0
2023-12-21,4.1000000000000005,0.7,1.7,1.2999999999999996,93.0,12.25,100.0,1.6,1.007278282676201,99.33333333333333,2.0,17.5,0.0,,,,,,0,0,1.225,91.0,15.5,99.5,0.7250000000000001,12,-0.17541259380427843,0.9844950085880858,2023-2024,0
2023-12-22,2.1,0.6000000000000001,-0.7,0.18333333333333335,89.5,13.25,98.5,1.6,1.5151395249338555,100.0,2.4000000000000004,12.966666666666669,0.0,,,,,,0,0,-0.32500000000000007,89.0,13.024999999999999,99.25,0.8,12,-0.15845177496083632,0.9873667175937016,2023-2024,0
2023-12-23,4.3,2.1,-2.5,1.116666666666667,92.5,3.7,97.0,1.2999999999999998,1.0567377834557614,91.0,1.0,3.1999999999999997,0.0,,,,,,0,0,-1.45,90.5,3.725,93.25,0.39999999999999997,12,-0.14144406768794202,0.9899462489023779,2023-2024,0
2023-12-24,0.2,0.0,-0.4,0.1666666666666667,93.5,5.5,100.0,0.8,0.9358090617849544,100.0,0.5,5.8,0.0,,,,,,0,1,2.175,90.75,5.699999999999999,100.0,0.225,12,-0.12439450483979998,0.9922328391893008,2023-2024,1
2023-12-25,2.4,0.8,1.2,0.9166666666666667,95.5,5.949999999999999,98.5,0.0,0.6390064778374144,78.0,0.0,6.5,3.0,,,,,,0,0,1.3,94.25,5.949999999999999,83.5,0.0,12,-0.10730813165636247,0.9942258118156161,2023-2024,0
2023-12-26,4.2,0.2,-0.7,2.6833333333333336,95.5,8.600000000000001,95.5,0.0,0.6340495942652294,100.0,0.0,6.633333333333333,2.0,,,,,,0,0,0.25,94.5,7.200000000000001,97.75,0.0,12,-0.09019000427034513,0.9959245770286599,2023-2024,0
2023-12-27,2.2,0.9,4.3,0.04999999999999982,99.5,5.7,98.0,0.1,0.07150937257342882,100.0,0.1,4.066666666666666,0.0,,,,,,0,1,3.9749999999999996,99.0,4.6,99.0,0.025,12,-0.07304518821104743,0.9973286321364752,2023-2024,0
2023-12-28,0.0,0.0,-4.4,2.3500000000000005,85.0,4.199999999999999,64.0,0.0,2.1627498989663776,17.0,0.0,4.233333333333333,24.0,,,,,,0,0,-2.85,83.75,4.199999999999999,34.75,0.0,12,-0.05587875690537313,0.9984375616565666,2023-2024,1
2023-12-29,0.7999999999999999,3.8,4.7,-1.9333333333333331,89.5,4.4,99.5,0.4,1.5773886506152328,100.0,0.5,4.2,0.0,,,,,,0,3,4.9,89.5,4.2,99.75,0.2,12,-0.03869579017652689,0.9992510374388481,2023-2024,0
2023-12-30,0.0,0.0,-2.1,6.033333333333333,99.5,8.05,97.0,0.0,0.0678838190441442,73.66666666666667,0.0,8.666666666666666,15.0,,,,,,0,0,-2.2,99.25,8.575000000000001,79.75,0.0,12,-0.021501372740813793,0.999768818762748,2023-2024,0
2023-12-31,0.0,0.2,6.0,-3.266666666666667,92.0,7.65,100.0,1.0,1.1975909932523292,100.0,0.3,8.266666666666666,0.0,,,,,,0,1,5.550000000000001,93.25,7.9,100.0,0.25,12,-0.004300592702981974,0.9999907524084426,2023-2024,0
2024-01-01,11.100000000000001,2.3,4.1,3.0166666666666675,92.5,10.55,74.0,0.1,1.1026332961703704,37.0,0.0,8.933333333333334,1.0,,,,,,0,0,3.325,91.5,9.55,50.75,0.025,1,0.017201575418260506,0.9998520419557735,2023-2024,0
2024-01-02,0.0,0.0,0.8,-1.8,87.0,5.0,0.5,0.0,1.9115523021297935,0.0,0.0,5.666666666666667,24.0,,,,,,0,0,0.55,87.25,5.525,0.25,0.0,1,0.03439806061360801,0.9994082116062598,2023-2024,0
2024-01-03,0.0,0.0,4.4,-3.1833333333333336,83.5,2.4000000000000004,100.0,0.0,2.563172301895822,100.0,0.0,2.1,24.0,,,,,,0,0,5.35,83.0,2.125,100.0,0.0,1,0.051584366869408364,0.9986686402879997,2023-2024,0
2024-01-04,3.5,2.5999999999999996,5.9,0.7499999999999991,99.0,7.1,80.5,4.0,0.14414989103748344,75.0,0.4,7.966666666666666,0.0,,,,,,0,3,4.825,96.75,7.824999999999999,81.25,1.0499999999999998,1,0.06875540848113941,0.9976335468520451,2023-2024,0
2024-01-05,0.0,0.0,-2.0,4.15,83.0,9.4,3.0,0.0,2.510354087879862,0.3333333333333333,0.0,9.566666666666666,22.0,,,,,,0,0,-0.9499999999999998,79.25,9.525,1.5,0.0,1,0.08590610426133272,0.9963032375991965,2023-2024,0
2024-01-06,0.7999999999999999,0.0,5.2,0.7999999999999998,93.5,7.1,52.5,0.1,0.9662065717211368,74.0,0.7,6.266666666666667,0.0,,,,,,0,3,6.2250000000000005,91.75,6.4,68.5,0.175,1,0.10303137904317879,0.9946781061893646,2023-2024,0
2024-01-07,3.8,1.0,2.3,4.166666666666666,93.0,11.65,76.0,0.8,1.0159360212448072,33.0,0.5,6.966666666666666,0.0,,,,,,0,0,2.075,94.75,8.425,48.5,0.225,1,0.1201261651823505,0.9927586335250793,2023-2024,0
2024-01-08,5.1000000000000005,1.4,-1.2,1.85,85.0,8.7,91.0,1.9,2.2069578875663547,65.66666666666667,0.7,7.833333333333333,0.0,,,,,,0,0,-0.8,86.5,7.799999999999999,73.25,0.525,1,0.13718540405660057,0.9905453876091833,2023-2024,0
2024-01-09,0.0,0.0,-5.3,5.133333333333333,87.0,9.15,8.0,0.0,1.847950432401551,14.0,0.0,10.066666666666668,19.0,,,,,,0,0,-3.75,86.0,9.8,12.75,0.0,1,0.1542040475626894,0.988039023376751,2023-2024,0
2024-01-10,3.1999999999999997,0.2,0.7,2.3833333333333337,91.5,9.1,100.0,0.0,1.238381851821945,100.0,0.0,9.333333333333334,6.0,,,,,,0,0,2.4,90.25,9.175,100.0,0.0,1,0.17117705961019986,0.985240282501282,2023-2024,1
2024-01-11,0.0,0.0,-6.2,4.766666666666667,90.0,9.35,100.0,0.0,1.405395664394205,100.0,0.0,9.766666666666666,17.0,,,,,,0,0,-2.925,84.5,9.625,100.0,0.0,1,0.18809941761179758,0.9821499931752291,2023-2024,0
2024-01-12,0.0,0.0,-1.1,0.9833333333333334,82.0,5.85,100.0,0.2,2.7818798245388567,95.0,1.0,6.133333333333333,0.0,,,,,,0,3,3.7499999999999996,84.25,5.9,96.25,0.25,1,0.20496611396949532,0.9787690698649216,2023-2024,0
2024-01-13,3.0999999999999996,0.5,2.2,0.9500000000000002,99.5,4.4,100.0,0.7,0.07021394200539044,100.0,0.9,5.433333333333334,0.0,,,,,,0,0,1.975,99.5,5.025,100.0,0.35,1,0.22177215755648186,0.975098513039961,2023-2024,0
2024-01-14,1.2000000000000002,0.0,-8.8,7.400000000000001,97.0,9.05,98.5,0.0,0.3943363361403396,94.33333333333333,0.0,8.799999999999999,8.0,,,,,,0,0,-8.025,96.0,8.7,95.75,0.0,1,0.23851257519407648,0.9711394088771653,2023-2024,0
2024-01-15,0.1,1.2,3.3,-2.4,95.5,7.45,100.0,2.3,0.6484512578310455,94.0,0.7999999999999999,11.066666666666668,0.0,,,,,,0,2,2.6500000000000004,94.5,9.775,95.5,0.6,1,0.2551824131233728,0.9668929289391521,2023-2024,0
2024-01-16,1.0,1.3,-1.2,0.9833333333333333,79.0,15.05,88.0,0.6000000000000001,3.1801203709371126,86.33333333333333,1.2,15.966666666666669,0.0,,,,,,0,0,-0.95,79.5,15.3,89.0,0.35000000000000003,1,0.2717767384711357,0.9623603298276545,2023-2024,0
2024-01-17,0.0,0.0,-6.8,4.8,91.5,5.300000000000001,42.5,0.0,1.1565784130930918,44.0,0.0,7.900000000000001,13.0,,,,,,0,0,-6.225,92.25,7.1,42.75,0.0,1,0.2882906407095177,0.9575429528116719,2023-2024,0
2024-01-18,0.0,0.0,3.8,0.38333333333333464,89.5,9.100000000000001,100.0,1.0,1.5704105920303078,100.0,0.9,10.500000000000002,0.0,,,,,,0,3,4.45,88.5,9.850000000000001,100.0,0.4,1,0.3047192331091634,0.9524422234305676,2023-2024,0
2024-01-19,6.6,0.2,4.7,0.8333333333333339,99.5,4.550000000000001,100.0,0.0,0.07142264224887995,100.0,0.0,5.1000000000000005,6.0,,,,,,0,0,3.8499999999999996,99.5,5.0,100.0,0.0,1,0.321057654185271,0.9470596510722283,2023-2024,0
2024-01-20,0.0,0.0,-2.1,2.9333333333333336,85.5,2.55,100.0,0.0,2.1772583627860365,100.0,0.8,2.3666666666666667,19.0,,,,,,0,2,3.05,86.25,2.4499999999999997,100.0,0.2,1,0.3373010691361842,0.9413968285264122,2023-2024,0
2024-01-21,4.2,1.1,8.3,-1.5333333333333323,92.5,6.9,100.0,7.3,1.1444969655366677,100.0,12.1,9.966666666666667,0.0,,,,,,0,3,7.3500000000000005,94.5,8.2,100.0,3.8499999999999996,1,0.3534446712740877,0.9354554315134164,2023-2024,0
2024-01-22,4.1,1.1,6.2,0.5999999999999996,97.0,7.3,100.0,0.1,0.4404085682676788,100.0,0.2,7.566666666666667,1.0,,,,,,0,2,6.075,97.0,7.575,100.0,0.07500000000000001,1,0.3694836834473831,0.9292372181882051,2023-2024,0
2024-01-23,6.5,2.7,2.3,3.5166666666666675,88.5,10.5,99.5,1.1,1.6950581838415586,99.33333333333333,1.3,10.5,0.0,,,,,,0,0,1.425,90.0,10.575,99.5,0.42500000000000004,1,0.38541335945432564,0.9227440286201427,2023-2024,0
2024-01-24,2.1,3.6,-2.4,2.1999999999999997,90.0,9.5,100.0,0.9,1.4153495960797478,100.0,1.7,6.3,0.0,,,,,,0,0,-2.625,90.0,7.574999999999999,100.0,0.55,1,0.4012289854475009,0.9159777842484877,2023-2024,0
2024-01-25,1.7,0.8999999999999999,-1.9,-0.35000000000000053,86.0,12.75,98.5,1.0,2.0360178940085305,98.0,1.1,12.866666666666667,0.0,,,,,,0,0,-1.4249999999999998,84.5,12.774999999999999,97.75,0.4,1,0.4169258813287287,0.908940487313808,2023-2024,0
2024-01-26,1.9000000000000001,0.8999999999999999,-1.3,0.7000000000000001,88.5,8.45,85.5,0.9,1.6627599696882474,89.0,0.7999999999999999,7.933333333333333,0.0,,,,,,0,0,-0.9750000000000001,89.5,8.125,90.25,0.30000000000000004,1,0.4324994021339788,0.901634220265486,2023-2024,0
2024-01-27,1.8,0.9,-0.2,0.10000000000000002,89.0,8.3,64.0,0.3,1.60753730443076,55.333333333333336,0.0,6.333333333333333,1.0,,,,,,0,0,0.425,89.5,7.05,59.0,0.075,1,0.44794493940789115,0.8940611451454876,2023-2024,0
2024-01-28,0.0,0.0,-4.4,3.8000000000000003,86.5,6.2,97.0,0.0,1.9422744908284448,79.33333333333333,0.0,6.433333333333334,24.0,,,,,,0,0,-2.2249999999999996,87.0,6.25,83.0,0.0,1,0.4632579225674917,0.88622350294858,2023-2024,0
2024-01-29,0.0,0.0,-6.4,5.116666666666667,94.0,4.5,50.0,0.0,0.7962986009707773,62.666666666666664,0.0,4.733333333333333,24.0,,,,,,0,0,-7.5,92.75,4.6,57.0,0.0,1,0.4784338202547012,0.8781236129591848,2023-2024,1
2024-01-30,0.0,0.0,-5.5,4.616666666666667,81.5,5.9,14.5,0.0,2.6733563942850944,8.333333333333334,0.0,6.033333333333334,24.0,,,,,,0,0,-4.675,82.0,6.0,8.75,0.0,1,0.49346814167723735,0.8697638720650646,2023-2024,0
2024-01-31,0.0,0.0,-2.9,3.4999999999999996,81.5,12.3,94.5,0.0,2.773703888363427,87.66666666666667,0.0,11.566666666666668,24.0,,,,,,0,0,0.49999999999999994,80.25,11.875,89.25,0.0,1,0.5083564379375122,0.8611467540480452,2023-2024,0
2024-02-01,0.2,8.2,5.8,-0.6333333333333329,95.5,7.35,100.0,0.4,0.6651459010145038,100.0,0.7,8.633333333333333,0.0,,,,,,0,2,6.175,97.25,8.0,100.0,0.175,2,0.5230943033491326,0.8522748088519838,2023-2024,0
2024-02-02,0.0,0.0,-3.3,3.333333333333333,91.5,4.0,34.5,0.0,1.181073643706097,31.0,0.0,4.633333333333333,18.0,,,,,,0,0,-3.55,88.0,4.375,30.5,0.0,2,0.5376773767406141,0.8431506618282,2023-2024,0
2024-02-03,0.0,0.0,-0.8,1.0166666666666666,80.5,6.85,6.5,0.0,2.9090166156502746,4.333333333333333,0.0,4.8,24.0,,,,,,0,0,-1.5,79.25,5.3,4.5,0.0,2,0.5521013427459208,0.8337770129585915,2023-2024,0
2024-02-04,0.0,0.0,1.7,0.09999999999999987,83.5,2.55,100.0,0.0,2.4998265483825564,99.66666666666667,0.0,2.8333333333333335,24.0,,,,,,0,0,1.9749999999999999,82.25,2.675,99.75,0.0,2,0.5663619330814524,0.8241566360566663,2023-2024,0
2024-02-05,0.0,0.0,-1.1,0.45000000000000007,69.5,3.1999999999999997,100.0,0.0,4.967932646998636,100.0,0.5,3.266666666666666,24.0,,,,,,0,0,1.625,71.75,3.4749999999999996,100.0,0.125,2,0.580454927809098,0.8142923779467267,2023-2024,0
2024-02-06,4.3,0.0,1.2,0.15000000000000036,97.0,6.5,67.5,0.0,0.4244797887881169,65.33333333333333,0.0,6.0,9.0,,,,,,0,0,1.5499999999999998,96.0,6.125,64.5,0.0,2,0.5943761565849831,0.804187157621448,2023-2024,0
2024-02-07,0.5,0.0,1.7,0.41666666666666674,92.5,3.55,86.5,0.0,1.088851298058645,79.0,0.1,3.8000000000000003,10.0,,,,,,0,1,2.175,93.5,3.7,77.75,0.025,2,0.6081214998935418,0.7938439653781019,2023-2024,0
2024-02-08,0.0,0.0,-0.2,1.1333333333333335,82.5,3.45,23.0,0.0,2.663953426501051,16.333333333333332,0.0,3.4333333333333336,13.0,,,,,,0,0,1.9,81.75,3.375,18.0,0.0,2,0.6216868902665479,0.7832658619336791,2023-2024,0
2024-02-09,0.0,0.0,-3.9,5.033333333333333,88.0,7.949999999999999,83.5,0.0,1.6980785934108082,81.66666666666667,0.0,7.233333333333334,18.0,,,,,,0,0,-3.325,85.75,7.475,86.25,0.0,2,0.6350683134867438,0.7724559775191742,2023-2024,0
2024-02-10,0.0,0.0,-2.5,1.75,81.5,4.5,0.5,0.0,2.7453317988790533,50.333333333333336,0.0,4.833333333333333,24.0,,,,,,0,0,-1.05,81.25,4.725,37.75,0.0,2,0.6482618097757122,0.7614175109532997,2023-2024,0
2024-02-11,3.5,0.4,0.2,1.1999999999999997,95.5,3.8,74.0,0.0,0.6374390665275051,64.33333333333333,0.0,4.333333333333333,4.0,,,,,,0,0,0.825,95.75,4.375,72.25,0.0,2,0.6612634749656386,0.7501537286959042,2023-2024,0
2024-02-12,2.5,2.2,1.1,0.08333333333333326,91.0,3.3,79.0,0.7,1.2994212786932884,87.0,0.7999999999999999,5.366666666666667,0.0,,,,,,0,0,0.65,90.0,5.1,88.0,0.325,2,0.6740694616546161,0.7386679638813748,2023-2024,0
2024-02-13,0.0,0.0,-4.7,4.116666666666667,71.5,14.2,0.0,0.0,4.438384288278599,0.0,0.0,14.233333333333334,22.0,,,,,,0,0,-1.725,68.25,14.225000000000001,0.0,0.0,2,0.6866759803451553,0.726963615332308,2023-2024,0
2024-02-14,0.0,0.0,0.8,1.4499999999999995,93.5,9.15,11.0,0.0,0.9202239127199505,28.333333333333332,0.0,8.633333333333333,24.0,,,,,,0,0,0.9000000000000001,89.0,8.700000000000001,22.5,0.0,2,0.6990793005655562,0.7150441465537444,2023-2024,0
2024-02-15,0.0,0.0,5.1,0.4999999999999991,88.5,13.649999999999999,99.5,0.0,1.7584698711553113,100.0,0.0,14.333333333333334,24.0,,,,,,0,0,7.5249999999999995,84.5,14.049999999999999,99.75,0.0,2,0.7112757519738152,0.7029130847082615,2023-2024,0
2024-02-16,40.7,1.1,3.1,8.350000000000001,88.5,16.25,99.0,0.1,1.704738564500876,70.33333333333333,0.0,13.833333333333334,1.0,,,,,,0,0,1.9999999999999998,85.5,14.7,77.75,0.025,2,0.7232617254437388,0.6905740195722294,2023-2024,0
2024-02-17,0.0,0.0,2.2,-1.4833333333333334,76.0,2.55,93.5,0.0,3.815084726199106,94.33333333333333,0.0,2.066666666666667,24.0,,,,,,0,0,3.225,75.5,2.125,94.5,0.0,2,0.7350336741329412,0.6780306024735382,2023-2024,0
2024-02-18,0.1,0.1,8.1,-1.0333333333333332,81.0,10.100000000000001,89.5,0.0,3.0939647290030816,90.33333333333333,0.0,12.733333333333334,6.0,,,,,,0,0,10.15,78.5,12.025000000000002,90.5,0.0,2,0.746588114532413,0.6652865452111116,2023-2024,0
2024-02-19,0.0,0.0,13.1,0.3000000000000007,82.5,25.2,100.0,0.0,2.904968459467229,100.0,0.0,25.900000000000002,2.0,,,,,,0,0,13.100000000000001,81.0,25.35,100.0,0.0,2,0.7579216274973472,0.6523456189565257,2023-2024,0
2024-02-20,11.8,2.7,13.4,1.883333333333331,94.0,5.4,100.0,1.2000000000000002,0.9552663806121391,100.0,1.4000000000000001,4.733333333333333,0.0,,,,,,0,3,14.025,96.75,4.9,100.0,0.45,2,0.7690308592589181,0.6392116531380588,2023-2024,0
2024-02-21,0.0,0.1,5.9,2.583333333333332,95.5,2.15,100.0,1.2,0.6694195065115638,100.0,2.4000000000000004,4.2,0.0,,,,,,0,3,7.1499999999999995,96.0,3.8499999999999996,100.0,0.75,2,0.7799125224167177,0.6258885343075018,2023-2024,0
2024-02-22,6.9,0.6000000000000001,4.3,2.500000000000001,99.0,7.1,100.0,0.5,0.14287403838768453,100.0,1.0,7.266666666666667,0.0,,,,,,0,3,3.65,99.0,7.25,100.0,0.32499999999999996,2,0.7905633969115482,0.612380204990065,2023-2024,0
2024-02-23,0.0,0.5,1.8,1.3833333333333335,89.5,6.15,100.0,0.0,1.538258621201114,100.0,0.0,6.233333333333334,4.0,,,,,,0,0,1.8250000000000002,87.0,6.050000000000001,100.0,0.0,2,0.8009803309782905,0.5986906625177214,2023-2024,0
2024-02-24,0.0,0.0,-0.7,2.616666666666667,84.0,5.6,91.0,0.0,2.3418639058065365,87.0,0.0,4.366666666666667,19.0,,,,,,0,0,-1.25,82.25,4.625,86.75,0.0,2,0.8111602420785621,0.5848239578463322,2023-2024,0
2024-02-25,0.0,0.0,3.4,-2.3666666666666663,91.5,1.8,100.0,2.0,1.252539624491372,100.0,3.5,1.2666666666666668,0.0,,,,,,0,1,3.15,95.0,1.4500000000000002,100.0,1.1,2,0.8211001178128892,0.5707841943569036,2023-2024,0
2024-02-26,0.7999999999999999,0.0,0.9,2.7666666666666666,91.5,6.449999999999999,19.0,0.0,1.224304144064472,16.333333333333332,0.0,7.633333333333333,10.0,,,,,,0,0,1.25,88.5,7.175,17.25,0.0,2,0.8307970168121247,0.5565755266413303,2023-2024,0
2024-02-27,0.2,0.0,1.0,0.8666666666666665,77.0,14.3,79.0,0.1,3.584865950147996,75.66666666666667,0.1,12.866666666666665,1.0,,,,,,0,0,1.2249999999999999,74.75,13.3,81.75,0.05,2,0.8402480696078469,0.5422021592729844,2023-2024,0
2024-02-28,0.0,0.0,-1.3,3.0,85.0,5.8,2.5,0.0,2.185249618638694,0.6666666666666666,0.0,6.666666666666667,19.0,,,,,,0,0,-0.8250000000000001,82.0,6.5249999999999995,1.5,0.0,2,0.8494504794814806,0.527668345562516,2023-2024,0
2024-02-29,0.0,0.0,-0.2,0.9333333333333336,61.5,4.35,100.0,0.0,6.571350165623821,100.0,0.0,3.6,24.0,,,,,,0,0,1.85,60.0,3.675,100.0,0.0,2,0.8584015232918917,0.512978386299228,2023-2024,0
2024-03-01,18.1,5.800000000000001,4.2,-0.11666666666666714,99.0,10.9,100.0,0.4,0.14304768453550887,100.0,0.30000000000000004,11.333333333333334,0.0,,,,,,0,3,3.8499999999999996,98.75,11.1,100.0,0.15,3,0.8670985522812081,0.4981366284784055,2023-2024,0
2024-03-02,4.7,2.4,-1.3,3.4333333333333336,82.5,9.100000000000001,54.5,0.5,2.571713778168842,57.333333333333336,0.30000000000000004,8.200000000000001,0.0,,,,,,0,0,-2.7250000000000005,82.0,8.725000000000001,54.25,0.175,3,0.8755389928586302,0.4831474640149687,2023-2024,0
2024-03-03,2.1,0.0,-1.6,0.31666666666666665,85.5,5.2,16.5,0.0,2.1315100284657507,11.666666666666666,0.0,6.3,2.0,,,,,,0,0,-0.8499999999999999,84.5,5.975,12.5,0.0,3,0.8837203473619977,0.4680153284438345,2023-2024,0
2024-03-04,1.2,0.0,0.9,0.7333333333333335,88.5,3.5999999999999996,91.5,1.8,1.7019699484247135,94.33333333333333,2.1,3.3666666666666667,0.0,,,,,,0,0,2.3249999999999997,91.0,3.5,95.75,0.9,3,0.8916401947968874,0.45274469960737107,2023-2024,0
2024-03-05,0.0,0.0,-1.8,2.916666666666667,87.0,4.75,100.0,0.0,1.9084250028205896,100.0,0.0,5.0,16.0,,,,,,0,0,1.525,82.75,5.1,100.0,0.0,3,0.8992961915530253,0.4373400963303323,2023-2024,0
2024-03-06,8.7,1.9,4.5,-0.4500000000000002,96.0,5.15,100.0,0.5,0.5821089267827078,100.0,1.2000000000000002,6.233333333333334,0.0,,,,,,0,3,4.2,97.25,5.775,100.0,0.30000000000000004,3,0.9066860720977985,0.4218060770826634,2023-2024,0
2024-03-07,0.0,0.0,0.0,3.15,87.0,4.35,16.5,0.0,1.891270262495948,27.0,0.0,3.9333333333333336,21.0,,,,,,0,0,-0.025000000000000022,83.25,4.125,24.0,0.0,3,0.9138076496466615,0.40614723863057883,2023-2024,0
2024-03-08,0.0,0.0,-0.9,3.183333333333333,85.5,3.95,61.0,0.0,2.112299908457918,95.33333333333333,0.1,3.0333333333333337,24.0,,,,,,0,0,-0.09999999999999998,80.5,3.4750000000000005,80.5,0.025,3,0.9206588168102428,0.3903682146763026,2023-2024,0
2024-03-09,5.6,0.9,0.5,1.7833333333333332,84.0,11.4,69.5,2.0,2.382645774425316,71.0,1.4000000000000001,8.9,0.0,,,,,,0,0,-0.20000000000000004,82.5,9.8,71.25,0.65,3,0.9272375462179537,0.374473674486883,2023-2024,0
2024-03-10,4.2,3.0,-3.5,3.7666666666666666,89.5,5.7,43.5,0.8,1.486639451964895,43.333333333333336,0.4,5.666666666666667,0.0,,,,,,0,0,-2.1500000000000004,89.25,5.55,46.0,0.2,3,0.9335418911179212,0.35846832151248087,2023-2024,0
2024-03-11,0.0,0.0,-8.5,7.25,72.0,4.55,21.5,0.0,4.237384124218462,22.0,0.0,5.699999999999999,19.0,,,,,,0,0,-3.85,72.0,5.475,21.5,0.0,3,0.9395699859530622,0.342356891994542,2023-2024,0
2024-03-12,0.0,0.0,4.7,-0.3333333333333339,87.5,9.55,100.0,2.0,1.8939969371996819,100.0,4.9,8.133333333333333,0.0,,,,,,0,3,4.625,88.5,8.525,100.0,1.4,3,0.945320046913132,0.3261441535642696,2023-2024,0
2024-03-13,0.4,0.8,3.3,-0.06666666666666687,97.0,12.15,92.0,0.6000000000000001,0.4284780868957192,84.0,1.1,12.166666666666666,0.0,,,,,,0,1,2.8,94.0,12.325000000000001,85.25,0.32500000000000007,3,0.9507903724625832,0.3098349038318025,2023-2024,0
2024-03-14,0.0,0.0,-2.5,4.616666666666667,87.5,8.45,18.5,0.0,1.8102970999145271,40.666666666666664,0.0,8.433333333333334,17.0,,,,,,0,0,1.0,82.25,8.575,38.75,0.0,3,0.9559793438440766,0.2934339689665273,2023-2024,0
2024-03-15,0.0,0.0,0.2,3.883333333333333,89.5,3.8499999999999996,37.5,0.0,1.530115873482857,26.0,0.0,4.033333333333333,16.0,,,,,,0,0,2.95,85.25,4.05,28.5,0.0,3,0.9608854255574977,0.27694620226893646,2023-2024,0
2024-03-16,0.0,0.0,6.1,2.5500000000000007,100.0,6.15,53.5,0.0,0.0,79.0,0.0,6.0,24.0,,,,,,0,0,4.425000000000001,99.25,5.85,61.0,0.0,3,0.9655071658143364,0.2603764827344581,2023-2024,0
2024-03-17,0.0,0.0,5.9,-1.7500000000000009,77.5,12.35,100.0,0.0,3.6933829673752783,100.0,0.0,10.299999999999999,24.0,,,,,,0,0,8.725,77.75,10.975,100.0,0.0,3,0.969843196967294,0.24372971360968387,2023-2024,0
2024-03-18,1.2,0.0,1.5,6.783333333333333,74.0,15.3,53.5,0.7,4.157636957172922,76.66666666666667,0.6,17.599999999999998,0.0,,,,,,0,0,2.675,68.0,16.925,70.75,0.24999999999999997,3,0.9738922359149924,0.22701082094141847,2023-2024,0
2024-03-19,0.0,0.0,-2.5,3.783333333333333,80.0,5.25,51.5,0.0,2.9730727455706556,89.33333333333333,0.0,5.2,19.0,,,,,,0,0,-0.4,71.5,5.25,75.75,0.0,3,0.9776530844816641,0.2102247521189836,2023-2024,0
2024-03-20,8.2,2.3,4.5,0.14999999999999947,93.0,11.5,96.0,1.8,1.035446550850855,93.0,1.3,12.6,0.0,,,,,,0,2,4.574999999999999,93.5,12.25,94.0,0.7000000000000001,3,0.981124629771712,0.19337647441020586,2023-2024,0
2024-03-21,7.000000000000001,2.2,-3.3,3.533333333333333,87.5,6.5,63.5,2.2,1.7805951664296704,63.666666666666664,1.4,6.3999999999999995,0.0,,,,,,0,0,-2.625,86.5,6.2,68.0,0.675,3,0.984305844499033,0.17647097349152166,2023-2024,0
2024-03-22,0.7000000000000001,0.0,-5.9,5.0166666666666675,80.5,6.0,86.0,0.0,2.8138713322474054,89.33333333333333,0.0,4.6000000000000005,8.0,,,,,,0,0,-4.300000000000001,81.25,4.925,88.0,0.0,3,0.9871957872910085,0.15951325197263655,2023-2024,0
2024-03-23,0.0,0.0,3.1,-3.216666666666667,77.0,18.85,100.0,2.6,3.666931609698938,100.0,9.3,21.53333333333333,0.0,,,,,,0,2,4.025,80.0,20.75,100.0,2.475,3,0.9897936029670716,0.14250832791617088,2023-2024,0
2024-03-24,0.1,0.0,-0.1,6.45,94.0,4.25,100.0,0.0,0.8604037793689547,100.0,0.0,5.466666666666666,11.0,,,,,,0,0,3.7,91.5,5.125,100.0,0.0,3,0.992098522791769,0.12546123335273648,2023-2024,1
2024-03-25,0.1,0.0,7.6,-1.1166666666666654,89.0,5.35,100.0,0.8,1.6960910975179937,100.0,0.8,5.866666666666667,0.0,,,,,,0,2,8.0,92.5,5.875,100.0,0.25,3,0.9941098647022418,0.10837701279187609,2023-2024,0
2024-03-26,2.5,2.3000000000000003,9.3,0.5833333333333321,94.0,4.1,100.0,1.5,0.9175261825212431,100.0,5.300000000000001,3.6666666666666665,0.0,,,,,,0,3,9.924999999999999,93.0,3.7499999999999996,100.0,1.5,3,0.9958270335100595,0.09126072172931188,2023-2024,0
2024-03-27,1.9,0.1,3.1,0.16666666666666696,87.5,6.25,13.5,0.0,1.8598383321675227,6.666666666666667,0.0,7.433333333333334,6.0,,,,,,0,0,3.7750000000000004,82.5,7.15,9.5,0.0,3,0.9972495210773451,0.07411742515094437,2023-2024,0
2024-03-28,0.0,0.0,1.2,1.7833333333333339,63.5,10.45,100.0,0.0,6.332674801893951,100.0,0.0,13.533333333333331,24.0,,,,,,0,0,6.725,61.5,12.725000000000001,100.0,0.0,3,0.998376906467142,0.056952196034039754,2023-2024,0
2024-03-29,18.4,6.1,14.2,-2.4499999999999993,86.5,21.2,100.0,11.5,2.2339175879342967,100.0,12.700000000000001,15.166666666666666,0.0,,,,,,0,3,15.049999999999999,88.75,17.625,100.0,3.85,3,0.9992088560679753,0.03977011384605572,2023-2024,0
2024-03-30,0.0,0.0,9.0,2.5666666666666647,80.0,6.05,84.0,1.9,3.3166695800530848,100.0,1.7000000000000002,5.566666666666666,0.0,,,,,,0,3,10.975,87.25,5.625,92.0,0.575,3,0.9997451236925734,0.022576263041545485,2023-2024,0
2024-03-31,0.7,0.1,10.5,2.3000000000000025,91.0,1.85,100.0,0.7,1.417420330659553,100.0,1.2999999999999998,1.5,0.0,,,,,,0,3,11.675,91.75,1.575,100.0,0.375,3,0.9999855506507186,0.005375731557583884,2023-2024,0
2024-04-01,0.0,0.0,7.7,4.766666666666667,93.5,5.6,3.5,0.0,0.9662065717211368,13.333333333333334,0.0,5.066666666666666,20.0,,,,,,0,0,7.800000000000001,82.5,5.1499999999999995,10.25,0.0,4,0.9999300657962057,-0.011826390691832589,2023-2024,0
2024-04-02,0.0,0.0,3.0,4.116666666666667,71.5,5.1,0.0,0.0,4.664403019939377,4.0,0.0,6.133333333333333,13.0,,,,,,0,0,5.925000000000001,66.0,5.625,3.0,0.0,4,0.9995786855478958,-0.029025013321975237,2023-2024,0
2024-04-03,0.0,0.0,9.8,1.666666666666666,58.5,12.399999999999999,100.0,0.0,7.87722412077292,100.0,0.0,11.5,24.0,,,,,,0,0,12.524999999999999,59.0,11.674999999999999,100.0,0.0,4,0.9989315138848577,-0.046215046983708354,2023-2024,0
2024-04-04,22.200000000000003,2.9,11.2,0.8166666666666664,99.5,8.9,100.0,0.0,0.0753479049821717,100.0,0.0,7.8,2.0,,,,,,0,0,10.825000000000001,99.0,7.699999999999999,100.0,0.0,4,0.9979887423155984,-0.06339140486951038,2023-2024,0
2024-04-05,0.0,0.0,5.8,2.533333333333334,91.5,3.8,100.0,0.0,1.2775083619899883,99.0,0.0,4.066666666666666,19.0,,,,,,0,0,7.074999999999999,85.75,3.7749999999999995,99.25,0.0,4,0.9967506498213929,-0.08054900421874167,2023-2024,0
2024-04-06,0.2,0.0,8.7,2.0000000000000018,97.0,7.85,75.5,0.0,0.44982072491857394,98.66666666666667,0.0,6.933333333333334,7.0,,,,,,0,0,10.65,91.0,7.075,87.75,0.0,4,0.9952176027737294,-0.09768276782171598,2023-2024,0
2024-04-07,0.0,0.0,8.2,5.083333333333334,96.0,8.85,45.0,0.0,0.5958171051610996,93.66666666666667,0.0,6.866666666666667,24.0,,,,,,0,0,10.875,85.5,7.275,72.5,0.0,4,0.9933900548258936,-0.11478762552212701,2023-2024,0
2024-04-08,0.0,0.0,11.1,2.0,86.5,10.75,100.0,0.0,2.1773753073310758,100.0,0.0,9.266666666666666,24.0,,,,,,0,0,13.850000000000001,82.5,9.575,100.0,0.0,4,0.9912685467787256,-0.13185851571739118,2023-2024,0
2024-04-09,14.799999999999999,8.2,13.8,1.7333333333333325,99.0,8.6,100.0,11.3,0.15282036984934955,100.0,15.099999999999998,14.299999999999999,0.0,,,,,,0,3,11.55,97.75,12.625,100.0,5.3999999999999995,4,0.9888537064205885,-0.1488903868564548,2023-2024,0
2024-04-10,0.0,0.0,1.6,4.75,93.5,3.9000000000000004,86.0,0.0,0.935045785956707,62.0,0.0,4.3,14.0,,,,,,0,0,2.9749999999999996,83.5,4.4,67.75,0.0,4,0.986146248341595,-0.16587819893463143,2023-2024,0
2024-04-11,0.0,0.0,8.5,0.8666666666666654,82.0,13.6,78.0,0.0,2.888379522592003,96.0,0.0,14.5,24.0,,,,,,0,0,10.025,75.5,14.25,89.0,0.0,4,0.9831469737221499,-0.1828169249850199,2023-2024,0
2024-04-12,0.0,0.0,9.0,3.283333333333333,87.5,9.8,24.5,0.0,1.9539357914313005,2.3333333333333335,0.0,7.433333333333334,24.0,,,,,,0,0,10.775,79.75,7.9,14.0,0.0,4,0.9798567700958665,-0.1997015525660636,2023-2024,0
2024-04-13,0.0,0.0,4.7,6.216666666666666,97.5,5.5,53.0,0.0,0.36339278418338594,97.0,0.0,3.6999999999999997,24.0,,,,,,0,0,9.175,85.5,4.125,74.25,0.0,4,0.9762766110869321,-0.21652708524481437,2023-2024,0
2024-04-14,0.0,0.0,13.1,-0.6166666666666654,95.5,9.4,44.0,0.0,0.6980768541470841,15.333333333333334,0.0,8.799999999999999,24.0,,,,,,0,0,13.925,87.25,8.825,26.25,0.0,4,0.9724075561219968,-0.23328854407545518,2023-2024,0
2024-04-15,0.0,0.0,12.1,3.5166666666666675,83.5,13.3,99.5,0.0,2.718613030630756,100.0,0.0,13.433333333333332,24.0,,,,,,0,0,15.075,76.0,13.25,99.75,0.0,4,0.9682507501166718,-0.2499809690726521,2023-2024,0
2024-04-16,0.0,0.0,14.9,1.6333333333333346,80.0,16.6,100.0,0.0,3.4225721972307444,99.0,1.5999999999999999,20.900000000000002,2.0,,,,,,0,2,15.3,81.0,19.125,99.25,0.39999999999999997,4,0.9638074231367307,-0.26659942067929354,2023-2024,0
2024-04-17,15.9,0.7999999999999999,14.1,1.9833333333333325,99.0,2.7,100.0,3.2,0.1540195831208795,79.66666666666667,0.8999999999999999,3.6333333333333333,0.0,,,,,,0,3,13.600000000000001,98.0,3.975,84.75,0.9,4,0.9590788900341131,-0.28313898122818354,2023-2024,0
2024-04-18,0.0,0.0,9.9,2.0166666666666657,79.0,3.3499999999999996,100.0,0.0,3.4737301167894614,100.0,0.0,2.733333333333334,22.0,,,,,,0,0,11.85,74.5,2.875,100.0,0.0,4,0.9540665500578387,-0.2995947563972602,2023-2024,0
2024-04-19,0.0,0.0,7.8,3.2500000000000027,98.5,6.9,32.0,0.0,0.22233572670713286,15.666666666666666,0.0,8.0,24.0,,,,,,0,0,9.9,91.75,7.65,18.25,0.0,4,0.9487718864399473,-0.31596187665790293,2023-2024,0
2024-04-20,0.0,0.0,8.1,2.5166666666666675,68.0,3.2,64.5,0.0,5.590159975829669,98.66666666666667,0.0,3.133333333333333,24.0,,,,,,0,0,11.775,63.5,3.25,81.25,0.0,4,0.9431964659565866,-0.33223549871590435,2023-2024,0
2024-04-21,0.0,0.0,14.4,1.5666666666666664,67.0,6.8,100.0,0.0,6.064487388447837,100.0,0.0,7.2,24.0,,,,,,0,0,15.649999999999999,67.5,7.025,100.0,0.0,4,0.9373419384643772,-0.3484108069446808,2023-2024,0
2024-04-22,3.8999999999999995,0.7,13.7,0.8000000000000025,97.0,4.1,100.0,0.0,0.4700373145367305,68.66666666666667,0.0,3.4,5.0,,,,,,0,0,15.725,93.75,3.325,76.5,0.0,4,0.9312100364121947,-0.3644830148102912,2023-2024,0
2024-04-23,0.0,0.3,14.2,2.0166666666666657,97.0,5.1,100.0,3.3,0.4720467936569612,100.0,3.2,6.633333333333333,0.0,,,,,,0,3,15.625,94.0,5.975,100.0,1.0,4,0.9248025743285089,-0.38044736628785164,2023-2024,0
2024-04-24,1.0,0.0,15.4,0.7833333333333332,86.0,25.85,100.0,0.8999999999999999,2.3242028001267236,99.66666666666667,7.3,28.766666666666666,0.0,,,,,,0,3,15.1,86.0,27.5,99.75,1.875,4,0.9181214482844365,-0.39629913726891813,2023-2024,0
2024-04-25,6.7,0.2,12.8,1.7499999999999982,93.0,4.0,100.0,0.0,1.1019594736662128,60.666666666666664,0.2,5.833333333333333,4.0,,,,,,0,1,12.95,91.25,5.199999999999999,70.5,0.05,4,0.9111686353326631,-0.41203363695942635,2023-2024,0
2024-04-26,0.0,0.0,9.1,3.599999999999998,85.0,8.5,94.0,0.0,2.3759781126101878,94.66666666666667,0.0,7.266666666666667,23.0,,,,,,0,0,12.325,78.5,7.325,94.5,0.0,4,0.9039461929224011,-0.42764620926777464,2023-2024,0
2024-04-27,0.0,0.0,15.5,3.0333333333333314,87.5,9.399999999999999,100.0,0.0,2.062250489380663,94.33333333333333,0.0,9.200000000000001,24.0,,,,,,0,0,17.125,80.0,9.2,95.75,0.0,4,0.8964562582905575,-0.44313223418263453,2023-2024,0
2024-04-28,0.0,0.0,11.9,4.1,83.0,3.9499999999999997,0.0,0.0,2.7917937702596998,0.0,0.0,2.9,24.0,,,,,,0,0,14.599999999999998,78.25,3.1249999999999996,0.0,0.0,4,0.8887010478292915,-0.45848712914008766,2023-2024,0
2024-04-29,0.0,0.0,15.0,2.4333333333333336,84.5,11.4,99.5,0.0,2.581649243347469,99.66666666666667,0.0,9.933333333333335,24.0,,,,,,0,0,17.35,78.25,10.200000000000001,99.75,0.0,4,0.8806828564301475,-0.47370635037968,2023-2024,0
2024-04-30,3.8,1.8,16.6,1.6333333333333329,87.0,15.4,99.0,0.4,2.183308626841482,99.33333333333333,1.3,15.733333333333334,0.0,,,,,,0,3,17.575,87.0,15.475000000000001,99.25,0.375,4,0.8724040568049612,-0.48878539428899265,2023-2024,0
2024-05-01,2.8,0.4,13.7,2.4666666666666686,99.0,7.25,100.0,0.0,0.1540195831208795,100.0,0.1,7.233333333333333,4.0,,,,,,0,1,13.125,98.5,7.225,100.0,0.025,5,0.8638670987837349,-0.503719798736334,2023-2024,0
2024-05-02,0.0,0.0,7.2,3.4333333333333345,91.5,7.4,69.5,0.0,1.2944621849509907,41.333333333333336,0.0,5.933333333333334,17.0,,,,,,0,0,9.0,83.0,6.075000000000001,49.25,0.0,5,0.8550745085896932,-0.518505144391157,2023-2024,0
2024-05-03,0.0,0.0,10.3,1.2666666666666675,91.5,10.95,50.5,0.0,1.3297478957602902,19.0,0.0,8.833333333333334,24.0,,,,,,0,0,13.274999999999999,83.0,9.274999999999999,26.25,0.0,5,0.8460288880917339,-0.533137056031809,2023-2024,0
2024-05-04,0.0,0.0,8.3,6.016666666666664,88.0,4.85,37.5,0.0,1.8860419975101372,11.333333333333334,0.0,3.233333333333334,24.0,,,,,,0,0,13.3,79.25,3.5749999999999997,19.0,0.0,5,0.8367329140344921,-0.5476112038402312,2023-2024,0
2024-05-05,0.0,0.0,13.2,4.050000000000001,78.0,12.350000000000001,51.5,0.0,3.75847130234043,22.333333333333332,0.0,12.600000000000001,24.0,,,,,,0,0,16.35,73.25,12.425,41.5,0.0,5,0.8271893372462497,-0.5619233046832195,2023-2024,0
2024-05-06,0.0,0.0,16.8,0.7999999999999972,79.0,29.049999999999997,100.0,0.0,3.6672261083078386,100.0,0.1,28.099999999999998,24.0,,,,,,0,1,17.275000000000002,79.25,28.674999999999997,100.0,0.025,5,0.8174009818249189,-0.5760691233798758,2023-2024,0
2024-05-07,2.7,4.3,17.3,0.8333333333333321,85.5,26.05,100.0,12.7,2.4609127024404014,100.0,14.399999999999999,19.633333333333333,0.0,,,,,,0,3,17.900000000000002,86.0,21.55,100.0,4.725,5,0.8073707443023492,-0.5900444739548627,2023-2024,0
2024-05-08,0.7,0.5,12.0,3.283333333333333,97.5,8.6,99.5,0.1,0.38266552259426057,98.66666666666667,0.1,9.5,0.0,,,,,,0,1,11.7,95.5,9.3,99.0,0.025,5,0.7971015927871943,-0.6038452208771035,2023-2024,0
2024-05-09,0.0,0.0,8.3,0.8666666666666654,82.5,11.100000000000001,74.0,0.0,2.8075462522166132,57.333333333333336,0.0,14.233333333333334,20.0,,,,,,0,0,9.125,78.5,13.400000000000002,61.25,0.0,5,0.7865965660866021,-0.6174672802835514,2023-2024,0
2024-05-10,0.0,0.0,2.7,5.55,77.0,11.05,2.0,0.0,3.6979420884050143,4.333333333333333,0.0,9.766666666666666,18.0,,,,,,0,0,9.7,69.5,9.75,3.25,0.0,5,0.7758587728069828,-0.6309066211876704,2023-2024,0
2024-05-11,0.0,0.0,12.2,2.8000000000000007,69.0,16.1,1.5,0.0,5.5470068861064155,4.0,0.0,18.7,24.0,,,,,,0,0,15.125000000000002,66.0,17.950000000000003,3.25,0.0,5,0.7648913904341226,-0.6441592666722685,2023-2024,0
2024-05-12,0.0,0.0,16.1,1.3999999999999986,74.5,23.3,100.0,0.0,4.554936400903674,100.0,0.0,23.900000000000002,24.0,,,,,,0,0,17.075000000000003,75.5,23.55,100.0,0.0,5,0.753697664392914,-0.6572212950663319,2023-2024,0
2024-05-13,9.6,4.9,17.1,0.23333333333333073,96.0,2.6500000000000004,100.0,17.8,0.6410978498977613,100.0,14.799999999999999,7.766666666666667,0.0,,,,,,0,3,16.425,96.75,6.375,100.0,5.65,5,0.742280907086982,-0.6700888411055113,2023-2024,0
2024-05-14,0.0,0.0,5.9,4.433333333333334,88.5,5.85,0.0,0.0,1.772561479864482,0.0,0.0,4.333333333333333,16.0,,,,,,0,0,10.275,80.0,4.3999999999999995,0.0,0.0,5,0.7306444969184916,-0.6827580970759147,2023-2024,0
2024-05-15,0.0,0.0,12.2,3.6333333333333346,88.0,12.55,81.0,0.0,1.9370139537628894,86.66666666666667,0.0,10.6,24.0,,,,,,0,0,15.725,80.5,11.100000000000001,90.0,0.0,5,0.7187918772884232,-0.6952253139408722,2023-2024,0
2024-05-16,7.199999999999999,0.0,16.4,1.2166666666666686,88.0,12.55,83.0,0.3,1.9940151269183009,77.0,0.4,15.133333333333335,0.0,,,,,,0,2,18.15,83.5,14.175,82.0,0.1,5,0.7067265555776158,-0.7074868024503348,2023-2024,0
2024-05-17,1.3,0.0,12.2,0.15000000000000213,74.5,3.8,29.0,0.0,4.415205280257842,20.333333333333332,0.0,2.6333333333333333,9.0,,,,,,0,0,14.2,69.5,3.4000000000000004,21.0,0.0,5,0.6944521021088763,-0.719538934232584,2023-2024,0
2024-05-18,0.0,0.0,8.5,4.833333333333334,87.5,9.3,0.0,0.0,1.975678270560124,0.0,0.0,6.166666666666667,24.0,,,,,,0,0,14.675,74.75,7.075,0.0,0.0,5,0.6819721490904629,-0.7313781428679254,2023-2024,0
2024-05-19,0.0,0.0,14.3,1.7999999999999972,77.0,10.15,100.0,0.0,3.9828209733734052,100.0,0.0,9.0,24.0,,,,,,0,0,16.675,75.75,9.35,100.0,0.0,5,0.6692903895412567,-0.7430009249440493,2023-2024,0
2024-05-20,5.3,5.2,14.5,1.6166666666666636,90.0,3.75,100.0,0.2,1.6267828705259024,100.0,0.0,2.3666666666666667,1.0,,,,,,0,0,15.674999999999999,89.5,2.875,100.0,0.05,5,0.6564105761979381,-0.7544038410927472,2023-2024,0
2024-05-21,0.0,0.0,12.4,4.783333333333333,98.5,5.3,99.5,0.0,0.23362530590600805,98.0,0.2,7.233333333333333,19.0,,,,,,0,2,14.899999999999999,95.5,6.625,98.5,0.05,5,0.6433365204044917,-0.765583517007675,2023-2024,0
2024-05-22,0.0,0.0,9.5,4.200000000000001,89.0,6.5,22.5,0.0,1.7361293324050937,43.0,0.0,4.7,16.0,,,,,,0,0,14.374999999999998,83.5,4.95,34.75,0.0,5,0.6300720909843687,-0.7765366444428655,2023-2024,0
2024-05-23,0.0,0.0,17.6,1.2333333333333307,82.5,15.45,100.0,0.0,3.0155249247800064,100.0,0.0,15.800000000000002,24.0,,,,,,0,0,18.6,80.0,15.775,100.0,0.0,5,0.6166212130956382,-0.7872599821916922,2023-2024,0
2024-05-24,0.0,0.0,12.5,5.416666666666668,84.0,1.7000000000000002,93.0,0.0,2.6913213088269217,85.66666666666667,0.0,2.066666666666667,24.0,,,,,,0,0,18.15,78.5,2.075,88.5,0.0,5,0.6029878670694714,-0.7977503570459932,2023-2024,0
2024-05-25,0.2,0.0,12.7,4.016666666666669,97.0,8.45,57.5,0.0,0.462766184272585,30.666666666666668,0.0,9.8,11.0,,,,,,0,0,13.625,87.5,9.35,39.0,0.0,5,0.5891760872322963,-0.8080046647350754,2023-2024,0
2024-05-26,0.0,0.0,13.3,0.09999999999999787,83.0,12.35,100.0,0.0,2.8929579380027057,100.0,0.0,15.533333333333331,24.0,,,,,,0,0,17.575,79.75,14.399999999999999,100.0,0.0,5,0.5751899607119775,-0.8180198708443175,2023-2024,0
2024-05-27,0.0,0.0,18.9,1.0000000000000036,82.5,22.45,100.0,1.5,3.0547596496208023,100.0,4.0,23.53333333333333,0.0,,,,,,0,3,19.25,85.0,23.2,100.0,1.025,5,0.5610336262283677,-0.8277930117131022,2023-2024,0
2024-05-28,21.7,5.6,17.0,3.716666666666672,96.0,3.05,100.0,7.199999999999999,0.6418377598852878,100.0,13.1,4.866666666666666,0.0,,,,,,0,3,16.6,95.25,4.35,100.0,4.125,5,0.5467112728685939,-0.8373211953118121,2023-2024,0
2024-05-29,18.400000000000006,0.4,12.6,1.1166666666666671,98.5,11.65,100.0,0.6000000000000001,0.23136309780218767,99.66666666666667,0.8999999999999999,12.466666666666669,0.0,,,,,,0,3,13.2,96.75,11.975000000000001,99.75,0.275,5,0.5322271388474397,-0.8466016020976267,2023-2024,0
2024-05-30,0.0,0.0,8.4,4.166666666666668,84.5,11.7,99.0,0.0,2.5389372957957566,100.0,0.0,10.433333333333332,19.0,,,,,,0,0,16.225,79.25,10.65,99.5,0.0,5,0.5175855102531889,-0.8556314858488706,2023-2024,0
2024-05-31,0.0,0.2,18.2,1.7166666666666686,88.5,6.35,100.0,0.0,1.9238935738565868,100.0,0.8,4.8999999999999995,3.0,,,,,,0,2,17.975,91.25,5.324999999999999,100.0,0.2,5,0.5027907197793043,-0.8644081744776648,2023-2024,0
2024-06-01,0.4,0.0,11.4,3.4499999999999993,94.0,3.4000000000000004,100.0,0.0,0.9478789000167289,100.0,0.1,3.8000000000000003,11.0,,,,,,0,1,14.75,93.25,3.625,100.0,0.025,6,0.4878471454423119,-0.8729290708206411,2023-2024,0
2024-06-02,0.0,0.0,16.7,0.4166666666666643,90.5,6.800000000000001,72.5,0.0,1.5650766693537772,100.0,0.8999999999999999,5.666666666666667,2.0,,,,,,0,2,17.125,89.25,5.425,86.25,0.22499999999999998,6,0.47275920928627757,-0.881191653407483,2023-2024,0
2024-06-03,0.0,0.0,14.1,1.299999999999999,93.5,2.9000000000000004,44.0,0.0,1.0356674334615068,73.0,0.1,3.8333333333333335,2.0,,,,,,0,1,15.175,88.5,3.6750000000000003,66.5,0.025,6,0.4575313760742512,-0.8891934772070711,2023-2024,0
2024-06-04,0.0,0.0,12.1,2.6000000000000014,99.0,2.9,100.0,0.0,0.15341939097821822,98.66666666666667,0.1,3.3666666666666667,13.0,,,,,,0,1,14.174999999999999,92.75,3.25,99.0,0.025,6,0.44216815196707204,-0.8969321743510065,2023-2024,0
2024-06-05,0.0,0.0,13.3,2.6999999999999993,99.0,3.05,100.0,0.0,0.15468114699382518,96.66666666666667,0.0,3.3666666666666667,13.0,,,,,,0,0,14.85,93.25,3.3249999999999997,97.5,0.0,6,0.42667408318992467,-0.9044054548343001,2023-2024,0
2024-06-06,0.0,0.0,14.6,1.6999999999999975,92.5,7.7,100.0,0.0,1.2085146739050376,100.0,0.0,5.733333333333333,24.0,,,,,,0,0,17.525,86.0,6.175,100.0,0.0,6,0.4110537546870351,-0.9116111071930239,2023-2024,0
2024-06-07,0.0,0.0,15.3,3.18333333333333,92.0,9.25,100.0,0.0,1.298108080194476,99.0,0.0,6.633333333333333,13.0,,,,,,0,0,18.224999999999998,86.0,7.3,99.25,0.0,6,0.3953117887649151,-0.9185469991587165,2023-2024,0
2024-06-08,0.0,0.0,16.7,3.116666666666667,83.5,11.850000000000001,15.0,0.0,2.8114665594279025,11.666666666666666,0.0,10.233333333333334,14.0,,,,,,0,0,19.2,76.5,10.775,9.0,0.0,6,0.37945284372454435,-0.925211078289358,2023-2024,0
2024-06-09,0.0,0.0,19.5,0.9833333333333343,81.0,19.25,100.0,0.8999999999999999,3.347487267776927,100.0,0.8999999999999999,19.76666666666667,0.0,,,,,,0,2,19.575,82.0,19.525,100.0,0.27499999999999997,6,0.36348161248290634,-0.9316013725767187,2023-2024,0
2024-06-10,0.0,0.2,17.2,2.5833333333333357,87.5,6.949999999999999,50.0,0.0,2.087780883822461,28.0,0.0,3.5,5.0,,,,,,0,0,19.0,81.0,4.325,46.0,0.0,6,0.3474028211842774,-0.9377159910299093,2023-2024,0
2024-06-11,0.0,0.0,17.1,2.6833333333333336,91.5,10.6,89.5,0.0,1.4076400882767146,29.666666666666668,0.0,8.299999999999999,16.0,,,,,,0,0,20.325000000000003,84.5,8.9,46.75,0.0,6,0.3312212278016865,-0.9435531242349544,2023-2024,0
2024-06-12,0.0,0.0,18.2,4.550000000000001,85.5,12.149999999999999,94.0,0.0,2.4816296236971453,78.0,0.0,9.133333333333335,24.0,,,,,,0,0,21.45,78.0,10.024999999999999,83.25,0.0,6,0.31494162072895193,-0.9491110448902284,2023-2024,0
2024-06-13,0.0,0.0,18.0,4.75,91.0,10.25,97.0,0.0,1.4968249866798295,86.66666666666667,0.0,5.300000000000001,24.0,,,,,,0,0,21.15,80.5,6.65,90.0,0.0,6,0.2985688173637202,-0.9543881083175908,2023-2024,0
2024-06-14,0.0,0.0,15.2,5.866666666666664,92.5,8.35,1.5,0.0,1.222089488236131,1.6666666666666667,0.0,3.9,24.0,,,,,,0,0,20.299999999999997,81.75,5.3,1.5,0.0,6,0.2821076626819194,-0.9593827529490743,2023-2024,0
2024-06-15,0.0,0.0,20.0,3.916666666666668,67.0,12.2,12.0,0.0,6.337144907736246,14.0,0.0,10.266666666666666,24.0,,,,,,0,0,22.6,63.5,10.825,13.75,0.0,6,0.26556302780405594,-0.9640935007889755,2023-2024,0
2024-06-16,0.0,3.2,18.5,4.283333333333331,94.5,7.6499999999999995,30.5,0.0,0.9054067200732945,33.333333333333336,0.0,4.033333333333333,4.0,,,,,,0,0,21.6,88.25,5.075,32.0,0.0,6,0.24893980855376657,-0.9685189578512204,2023-2024,0
2024-06-17,1.7000000000000002,0.0,17.0,4.100000000000005,94.0,3.1500000000000004,34.0,0.0,0.9761033116507711,77.66666666666667,0.0,3.366666666666667,7.0,,,,,,0,0,19.425,86.0,3.0500000000000003,67.0,0.0,6,0.23224292400907015,-0.9726578145718654,2023-2024,0
2024-06-18,0.5,1.3,17.5,4.333333333333332,93.0,8.5,100.0,1.4,1.1427689805327468,100.0,7.1,6.466666666666666,0.0,,,,,,0,3,17.425,93.0,7.050000000000001,100.0,1.825,6,0.21547731504673012,-0.976508846196619,2023-2024,0
2024-06-19,0.0,0.0,14.7,3.8000000000000007,95.5,4.7,35.0,0.0,0.7159460041568764,3.6666666666666665,0.0,5.066666666666667,18.0,,,,,,0,0,17.875,85.75,4.675000000000001,18.5,0.0,6,0.19864794288017112,-0.9800709131432666,2023-2024,0
2024-06-20,0.0,0.0,17.4,3.666666666666668,86.5,12.95,73.5,0.0,2.289432542363002,72.66666666666667,0.0,10.233333333333333,24.0,,,,,,0,0,21.45,79.5,10.975,70.0,0.0,6,0.18175978759137534,-0.9833429613388902,2023-2024,0
2024-06-21,0.0,0.0,20.9,1.9499999999999993,84.5,10.8,100.0,1.0,2.7006702868917607,100.0,7.9,10.0,0.0,,,,,,0,3,20.049999999999997,87.25,10.65,100.0,2.05,6,0.16481784665719793,-0.9863240225317866,2023-2024,0
2024-06-22,0.0,0.0,16.6,3.866666666666667,93.0,9.399999999999999,99.5,0.0,1.1475928418781614,98.0,0.0,9.533333333333333,17.0,,,,,,0,0,20.775,84.5,9.549999999999999,98.25,0.0,6,0.14782713347053048,-0.9890132145779883,2023-2024,0
2024-06-23,12.3,9.7,20.2,1.0333333333333314,90.0,19.85,100.0,11.9,1.7011516499876755,100.0,21.3,8.299999999999999,0.0,,,,,,0,3,21.025,91.0,12.625,100.0,7.125000000000001,6,0.13079267585675922,-0.9914097417023038,2023-2024,0
2024-06-24,14.800000000000002,2.7,22.3,0.8333333333333357,99.5,9.2,100.0,4.1,0.08232999459331936,100.0,1.9,9.200000000000001,0.0,,,,,,0,3,22.55,98.0,9.325,100.0,1.45,6,0.11371951458594969,-0.9935128947338007,2023-2024,0
2024-06-25,0.5,0.0,21.8,1.9499999999999993,91.5,8.65,100.0,0.2,1.4493206528374714,100.0,0.6,5.033333333333334,0.0,,,,,,0,3,22.699999999999996,90.0,6.000000000000001,100.0,0.17500000000000002,6,0.0966127018812031,-0.9953220513156602,2023-2024,0
2024-06-26,1.7000000000000002,0.0,19.7,2.2333333333333343,85.5,4.550000000000001,98.0,0.0,2.501485099282853,97.0,0.0,3.1999999999999997,9.0,,,,,,0,0,20.4,83.75,3.8750000000000004,97.75,0.0,6,0.07947729992362097,-0.9968366760893436,2023-2024,0
2024-06-27,0.0,0.0,16.3,4.033333333333335,80.5,4.85,99.5,0.0,3.3706627354338394,99.66666666666667,0.0,3.266666666666667,24.0,,,,,,0,0,19.1,74.5,3.475,99.75,0.0,6,0.062318379354325076,-0.998056320853012,2023-2024,0
2024-06-28,0.0,0.8999999999999999,19.7,2.0666666666666664,92.0,12.35,100.0,3.0,1.337411856738509,100.0,8.1,10.466666666666667,0.0,,,,,,0,3,20.0,92.0,11.0,100.0,2.425,6,0.04514101777397193,-0.9989806246941579,2023-2024,0
2024-06-29,1.5999999999999999,0.0,20.6,1.5333333333333279,95.0,3.05,100.0,0.30000000000000004,0.8325041621001894,96.66666666666667,0.2,3.8666666666666667,0.0,,,,,,0,2,21.674999999999997,93.25,3.55,97.5,0.1,6,0.02795029824021032,-0.999609314096404,2023-2024,0
2024-06-30,0.0,0.0,22.1,0.1333333333333293,85.5,12.8,100.0,0.1,2.566316639160192,100.0,3.2,13.266666666666666,0.0,,,,,,0,3,23.325,86.75,13.200000000000001,100.0,0.8,6,0.01075130776352193,-0.9999422030204416,2023-2024,0
2024-07-01,6.300000000000001,6.6000000000000005,24.6,0.08333333333333215,97.0,13.2,100.0,5.0,0.5059155040121546,100.0,9.2,6.1000000000000005,0.0,,,,,,0,3,23.700000000000003,98.0,8.549999999999999,100.0,2.875,7,-0.00645086419810515,-0.9999791929590823,2023-2024,0
2024-07-02,2.2,0.0,21.6,1.4166666666666643,88.5,1.0,100.0,0.0,1.9928774043759532,99.66666666666667,0.1,2.5,12.0,,,,,,0,1,23.0,89.0,2.25,99.75,0.025,7,-0.023651127245231586,-0.9997202729664083,2023-2024,0
2024-07-03,7.0,0.7,22.1,0.2999999999999936,95.0,7.35,99.0,0.0,0.8445070310257883,97.0,0.0,5.8999999999999995,3.0,,,,,,0,0,24.674999999999997,92.0,6.175,97.75,0.0,7,-0.04084439154329611,-0.9991655196610109,2023-2024,0
2024-07-04,3.7,1.5,23.9,2.7833333333333385,99.5,3.25,100.0,2.4,0.08332592009809758,100.0,2.3,4.233333333333333,0.0,,,,,,0,3,23.950000000000003,99.0,4.1,100.0,0.9999999999999999,7,-0.05802556932878035,-0.9983150972033183,2023-2024,0
2024-07-05,0.0,0.0,23.4,3.552713678800501e-15,91.0,7.35,10.0,0.0,1.5625972920443942,3.0,0.0,6.033333333333334,13.0,,,,,,0,0,26.174999999999997,84.0,6.375,6.0,0.0,7,-0.07518957641475855,-0.9971692572470178,2023-2024,0
2024-07-06,7.799999999999999,0.4,24.0,1.6333333333333364,96.0,3.8499999999999996,100.0,3.5,0.6760805335358668,100.0,22.2,5.266666666666667,0.0,,,,,,0,3,23.924999999999997,94.5,4.675,100.0,6.324999999999999,7,-0.09233133369539122,-0.9957283388645872,2023-2024,0
2024-07-07,0.0,0.0,22.1,2.43333333333333,91.0,10.7,45.0,0.0,1.5434133562842263,86.33333333333333,0.0,7.7,14.0,,,,,,0,0,25.5,83.5,8.5,72.25,0.0,7,-0.10944576864891556,-0.993992768446958,2023-2024,0
2024-07-08,0.2,0.1,23.6,2.416666666666668,90.5,6.55,100.0,0.0,1.6514697030798686,100.0,0.0,4.333333333333333,6.0,,,,,,0,0,26.15,83.5,4.824999999999999,100.0,0.0,7,-0.12652781683868314,-0.9919630595773397,2023-2024,0
2024-07-09,0.0,0.0,24.1,1.5833333333333357,84.5,9.95,100.0,0.0,2.7808022902479053,100.0,0.0,10.766666666666666,17.0,,,,,,0,0,25.725,82.25,10.55,100.0,0.0,7,-0.1435724234118113,-0.9896398128792412,2023-2024,0
2024-07-10,13.8,0.1,23.1,0.14999999999999858,96.0,9.15,100.0,0.0,0.673803768525989,100.0,0.1,7.733333333333334,6.0,,,,,,0,1,24.550000000000004,94.0,8.05,100.0,0.025,7,-0.16057454459499376,-0.9870237158387383,2023-2024,0
2024-07-11,9.9,3.1999999999999997,22.0,3.2833333333333314,95.5,3.3,100.0,1.5,0.7517928145197175,100.0,3.4,3.7000000000000006,0.0,,,,,,0,3,21.799999999999997,95.5,3.375,100.0,1.0750000000000002,7,-0.17752914918703497,-0.984115542601034,2023-2024,0
2024-07-12,0.30000000000000004,0.1,22.4,1.0833333333333357,96.0,3.3499999999999996,100.0,3.7,0.6692617296680119,100.0,6.500000000000001,4.3999999999999995,0.0,,,,,,0,3,22.450000000000003,95.25,4.25,100.0,2.0,7,-0.19443122004766195,-0.9809161537413774,2023-2024,0
2024-07-13,0.2,0.2,21.1,1.7666666666666693,96.5,4.5,99.0,0.0,0.5779207032515252,99.33333333333333,0.0,3.6666666666666665,4.0,,,,,,0,0,22.075,92.25,3.7,99.5,0.0,7,-0.2112757555821793,-0.9774264960104055,2023-2024,0
2024-07-14,0.0,0.0,22.9,1.3333333333333321,91.5,6.25,100.0,3.3000000000000003,1.4564173032539536,100.0,14.5,5.3,0.0,,,,,,0,3,22.95,92.75,5.45,100.0,3.775,7,-0.2280577712215198,-0.9736476020539838,2023-2024,0
2024-07-15,7.1,9.6,22.6,1.716666666666665,98.0,2.15,100.0,0.30000000000000004,0.33263855476171855,100.0,0.2,2.533333333333333,0.0,,,,,,0,2,23.5,95.0,2.35,100.0,0.1,7,-0.24477230089725957,-0.9695805901076308,2023-2024,0
2024-07-16,11.8,0.2,21.1,2.216666666666665,94.0,8.3,63.5,0.0,1.0073985690824188,73.66666666666667,0.0,6.366666666666667,6.0,,,,,,0,0,23.575000000000003,89.5,6.8,68.75,0.0,7,-0.2614143985111562,-0.965226663665613,2023-2024,0
2024-07-17,12.600000000000001,0.0,22.4,1.533333333333335,98.5,4.35,100.0,3.4,0.24827029930329303,100.0,3.2,1.8333333333333333,0.0,,,,,,0,3,22.825000000000003,97.25,2.8249999999999997,100.0,1.4000000000000001,7,-0.2779791393987801,-0.9605871111248129,2023-2024,0
2024-07-18,0.0,0.0,20.8,2.966666666666665,91.0,9.05,74.0,0.0,1.5335766965109663,100.0,0.0,7.366666666666667,13.0,,,,,,0,0,24.45,85.0,7.65,87.0,0.0,7,-0.2944616217868012,-0.9556633054034704,2023-2024,0
2024-07-19,0.0,0.0,25.5,1.9000000000000057,85.5,11.35,94.5,0.0,2.611606699643122,99.0,0.0,13.166666666666666,24.0,,,,,,0,0,26.025,84.0,12.375,96.5,0.0,7,-0.3108569682435036,-0.9504567035349151,2023-2024,0
2024-07-20,0.3,0.0,25.5,1.9333333333333336,89.0,10.8,96.5,1.5,1.939668353447761,98.33333333333333,5.699999999999999,6.366666666666666,0.0,,,,,,0,3,24.825,91.5,7.750000000000001,98.0,1.775,7,-0.3271603271220951,-0.9449688462364056,2023-2024,0
2024-07-21,0.0,0.0,22.3,2.4499999999999993,92.0,8.1,60.0,0.0,1.3685557823587295,63.666666666666664,0.0,5.166666666666667,13.0,,,,,,0,0,25.75,84.5,5.925000000000001,72.75,0.0,7,-0.34336687399638804,-0.939201357453208,2023-2024,0
2024-07-22,0.2,1.7,23.0,4.916666666666671,95.5,5.25,23.5,0.0,0.7628884311823434,60.0,0.30000000000000004,3.966666666666667,4.0,,,,,,0,2,25.35,91.5,4.3,49.5,0.07500000000000001,7,-0.3594718130884232,-0.9331559438780432,2023-2024,0
2024-07-23,0.0,0.0,23.2,3.0166666666666657,84.5,10.6,10.0,0.0,2.7663342568043134,34.0,0.0,8.200000000000001,20.0,,,,,,0,0,26.05,80.25,8.8,27.75,0.0,7,-0.3754703786876202,-0.9268343944460494,2023-2024,0
2024-07-24,0.0,0.8,23.4,5.050000000000004,95.5,8.65,99.0,4.8999999999999995,0.7588960641706031,99.33333333333333,13.0,10.366666666666667,0.0,,,,,,0,3,23.7,95.25,9.375,99.5,4.275,7,-0.3913578365610259,-0.9202385798054075,2023-2024,0
2024-07-25,0.0,0.0,22.1,2.8500000000000014,95.0,8.1,100.0,5.4,0.841023709505258,100.0,11.0,7.566666666666666,0.0,,,,,,0,3,22.85,96.0,7.45,100.0,2.8,7,-0.4071294853542516,-0.9133704517637858,2023-2024,0
2024-07-26,0.0,2.3,23.4,2.5000000000000036,95.0,10.25,68.5,0.0,0.8470448628442213,39.666666666666664,0.0,8.533333333333333,5.0,,,,,,0,0,25.474999999999998,89.75,8.875,54.25,0.0,7,-0.4227806579826773,-0.9062320427107697,2023-2024,0
2024-07-27,0.4,0.0,23.7,2.7166666666666686,96.0,9.75,100.0,0.0,0.6778539988919476,99.66666666666667,0.0,6.066666666666666,10.0,,,,,,0,0,26.200000000000003,89.25,7.0,99.75,0.0,7,-0.4383067230125192,-0.898825465016444,2023-2024,0
2024-07-28,0.0,0.0,25.1,2.166666666666668,86.0,1.2000000000000002,99.5,0.0,2.5227724545678214,100.0,0.0,1.5666666666666667,13.0,,,,,,0,0,27.325,80.75,1.5,99.75,0.0,7,-0.45370308603134424,-0.8911529104063088,2023-2024,0
2024-07-29,0.0,0.0,23.0,3.3666666666666636,90.5,2.35,100.0,0.0,1.6483885175824895,100.0,0.30000000000000004,2.6333333333333333,15.0,,,,,,0,2,25.125,87.75,2.5,100.0,0.07500000000000001,7,-0.46896519100763184,-0.8832166493127127,2023-2024,0
2024-07-30,1.6,0.2,24.4,1.1166666666666671,96.5,4.449999999999999,100.0,1.8,0.5951097162174648,95.66666666666667,1.6,5.5,0.0,,,,,,0,3,25.35,96.25,5.074999999999999,96.75,0.7250000000000001,7,-0.48408852163897587,-0.8750190302029955,2023-2024,0
2024-07-31,4.3999999999999995,1.4,24.3,0.7833333333333314,99.0,7.4,98.5,0.4,0.16745742038118294,86.33333333333333,2.4000000000000004,8.9,0.0,,,,,,0,3,24.375,95.75,8.375,89.0,0.65,7,-0.4990686026885319,-0.8665624788845385,2023-2024,0
2024-08-01,0.0,0.0,20.9,3.150000000000002,92.5,4.25,51.5,0.0,1.2646986571304488,12.333333333333334,0.0,3.233333333333334,19.0,,,,,,0,0,23.225,86.5,3.2,34.25,0.0,8,-0.5139010013093103,-0.8578494977869301,2023-2024,0
2024-08-02,0.0,0.0,22.5,2.25,96.0,9.25,88.5,0.0,0.6725405541714373,30.666666666666668,0.0,7.1000000000000005,24.0,,,,,,0,0,24.924999999999997,89.75,7.4750000000000005,47.25,0.0,8,-0.5285813283559292,-0.8488826652214553,2023-2024,0
2024-08-03,0.0,0.0,24.5,1.6500000000000021,90.5,9.25,49.5,0.0,1.6607304143802075,35.666666666666664,0.0,6.166666666666667,24.0,,,,,,0,0,26.375,86.0,6.95,31.75,0.0,8,-0.5431052396834317,-0.8396646346181327,2023-2024,0
2024-08-04,0.0,0.0,25.5,1.8833333333333293,93.5,7.6,7.0,0.0,1.1246143197446976,3.3333333333333335,0.0,4.4,24.0,,,,,,0,0,27.0,88.0,5.1499999999999995,4.25,0.0,8,-0.5574684374327892,-0.8301981337405212,2023-2024,0
2024-08-05,0.3,7.0,24.4,2.9499999999999993,95.5,5.7,11.5,0.0,0.7680368205187129,6.333333333333333,0.0,3.133333333333333,3.0,,,,,,0,0,26.025,92.25,3.7249999999999996,7.0,0.0,8,-0.5716666713027052,-0.8204859638785327,2023-2024,0
2024-08-06,3.0,0.0,24.8,1.8833333333333329,95.0,4.449999999999999,5.5,0.0,0.8569148091181376,39.666666666666664,0.0,2.9,9.0,,,,,,0,0,26.225,90.0,3.1249999999999996,31.5,0.0,8,-0.5856957398073508,-0.8105309990194823,2023-2024,0
2024-08-07,0.0,0.0,22.9,3.1333333333333364,95.5,2.9,76.0,0.0,0.7600356747467671,68.66666666666667,0.0,1.8,16.0,,,,,,0,0,24.825,89.5,1.975,64.5,0.0,8,-0.5995514915196489,-0.8003361849976323,2023-2024,0
2024-08-08,0.0,0.0,23.3,1.9166666666666679,92.5,2.0,100.0,0.0,1.2891663808021612,99.33333333333333,0.0,1.0333333333333334,13.0,,,,,,0,0,24.5,90.0,1.4,99.5,0.0,8,-0.6132298262997502,-0.7899045386224707,2023-2024,0
2024-08-09,0.0,0.0,23.1,2.283333333333328,97.0,4.25,74.0,0.0,0.503646340992244,98.66666666666667,0.0,2.8666666666666667,15.0,,,,,,0,0,24.650000000000002,91.25,2.975,86.5,0.0,8,-0.6267266965083301,-0.7792391467859886,2023-2024,0
2024-08-10,0.0,0.0,21.7,3.8000000000000007,92.5,1.15,9.5,0.0,1.2737868165062487,18.0,0.0,2.4,14.0,,,,,,0,0,23.599999999999998,88.5,2.05,13.75,0.0,8,-0.6400381082043503,-0.7683431655492202,2023-2024,0
2024-08-11,0.0,0.0,20.7,4.0,97.5,1.5,6.0,0.0,0.4106381441845919,0.3333333333333333,0.0,1.7,24.0,,,,,,0,0,22.875,90.0,1.65,3.0,0.0,8,-0.65316012232693,-0.7572198192083127,2023-2024,0
2024-08-12,0.0,0.0,21.9,3.116666666666667,95.5,2.0,100.0,0.0,0.754630117832459,100.0,0.0,3.133333333333333,24.0,,,,,,0,0,23.25,92.75,2.7249999999999996,100.0,0.0,8,-0.666088855860977,-0.7458723993404063,2023-2024,0
2024-08-13,0.0,0.0,23.7,2.700000000000003,94.5,7.0,48.0,0.0,0.9373862085107234,8.666666666666666,0.0,4.4,13.0,,,,,,0,0,25.625,88.75,4.925,25.0,0.0,8,-0.6788204829862355,-0.734304263829602,2023-2024,0
2024-08-14,0.0,0.0,23.3,3.25,94.5,6.0,50.5,0.0,0.9335334638345856,17.333333333333332,0.0,3.3666666666666667,13.0,,,,,,0,0,25.25,87.25,4.0,29.25,0.0,8,-0.6913512362094071,-0.722518835873311,2023-2024,0
2024-08-15,0.5,0.0,23.7,3.1000000000000014,96.0,4.449999999999999,0.5,0.0,0.6768403063908544,3.0,0.0,3.0,11.0,,,,,,0,0,25.650000000000002,89.0,3.3249999999999997,2.5,0.0,8,-0.7036774074790128,-0.7105196029692745,2023-2024,0
2024-08-16,0.5,0.0,25.0,1.9500000000000028,99.0,5.1,100.0,0.1,0.1684611939911349,98.0,0.5,6.933333333333334,0.0,,,,,,0,3,25.475,96.25,6.275,98.5,0.125,8,-0.7157953492826642,-0.6983101158835584,2023-2024,0
2024-08-17,0.1,0.1,25.1,0.8666666666666671,98.0,9.25,99.0,0.1,0.3382916656195043,89.0,0.5,10.466666666666667,0.0,,,,,,0,3,25.4,95.75,10.1,91.75,0.125,8,-0.7277014757264236,-0.6858939875998223,2023-2024,0
2024-08-18,0.2,0.2,25.1,0.8833333333333293,97.5,3.6500000000000004,99.5,0.2,0.42412399346132545,99.66666666666667,0.2,3.266666666666667,0.0,,,,,,0,2,25.65,94.0,3.3750000000000004,99.75,0.07500000000000001,8,-0.7393922635959241,-0.673274892250183,2023-2024,0
2024-08-19,0.1,0.0,24.4,2.3833333333333364,93.0,8.899999999999999,100.0,0.0,1.2076185177709853,100.0,0.0,7.033333333333334,12.0,,,,,,0,0,26.25,87.5,7.424999999999999,100.0,0.0,8,-0.7508642533989489,-0.6604565640279754,2023-2024,0
2024-08-20,1.0,0.0,24.9,1.9166666666666679,90.5,8.2,100.0,0.1,1.665679981681624,97.66666666666667,0.2,5.466666666666668,1.0,,,,,,0,1,25.825,88.25,6.35,98.25,0.07500000000000001,8,-0.7621140503891487,-0.6474427960827475,2023-2024,0
2024-08-21,0.0,0.0,22.3,3.5166666666666657,99.0,3.25,100.0,0.0,0.16514767480190073,99.66666666666667,0.0,3.0999999999999996,14.0,,,,,,0,0,24.275,91.75,2.9,99.75,0.0,8,-0.7731383255706026,-0.6342374393978054,2023-2024,0
2024-08-22,0.0,0.0,26.3,0.7333333333333307,87.5,9.45,99.5,0.0,2.2425753929946843,98.66666666666667,0.0,9.233333333333334,24.0,,,,,,0,0,27.525,82.75,9.275,99.0,0.0,8,-0.7839338166829201,-0.620844401650647,2023-2024,0
2024-08-23,0.0,0.0,27.2,1.1166666666666636,85.0,10.0,77.5,0.0,2.7365686368287285,41.666666666666664,0.0,11.066666666666668,15.0,,,,,,0,0,27.925,80.75,10.65,52.5,0.0,8,-0.7944973291665992,-0.6072676460566135,2023-2024,0
2024-08-24,0.0,0.0,26.1,2.4499999999999957,89.5,7.4,4.5,0.0,1.8622047421106522,3.6666666666666665,0.0,6.733333333333333,13.0,,,,,,0,0,27.5,82.75,6.825,4.0,0.0,8,-0.8048257371083452,-0.593511190196115,2023-2024,0
2024-08-25,0.0,0.0,25.7,2.1666666666666643,85.0,8.2,62.5,0.0,2.714423291171226,68.33333333333333,1.3,10.0,15.0,,,,,,0,1,26.5,82.25,9.3,71.25,0.325,8,-0.8149159841660791,-0.5795791048257612,2023-2024,0
2024-08-26,0.2,0.0,24.8,1.25,88.5,12.5,100.0,0.0,2.0304639097341948,84.33333333333333,0.0,13.266666666666666,8.0,,,,,,0,0,25.599999999999998,85.25,12.975000000000001,88.25,0.0,8,-0.8247650844733614,-0.5654755126737576,2023-2024,0
2024-08-27,0.0,0.0,24.9,2.1000000000000014,82.0,18.85,100.0,0.0,3.2937489252036443,100.0,0.0,16.900000000000002,2.0,,,,,,0,0,25.675,80.75,17.6,100.0,0.0,8,-0.8343701235229537,-0.5512045872199277,2023-2024,0
2024-08-28,0.0,0.0,24.9,1.4833333333333378,87.0,10.2,97.5,0.0,2.309548211845918,90.33333333333333,0.0,11.633333333333333,24.0,,,,,,0,0,26.025000000000002,81.5,11.225,92.0,0.0,8,-0.8437282590292712,-0.5367705514607103,2023-2024,0
2024-08-29,0.0,0.0,25.0,1.1333333333333364,82.5,6.699999999999999,100.0,0.6,3.176327211680494,100.0,0.5,8.366666666666667,0.0,,,,,,0,3,24.825000000000003,82.0,7.449999999999999,100.0,0.25,8,-0.8528367217694595,-0.522177676659508,2023-2024,0
2024-08-30,1.0,0.0,25.0,-0.3833333333333364,82.5,16.4,99.5,0.0,3.201158903683883,99.33333333333333,0.0,16.033333333333335,7.0,,,,,,0,0,26.3,81.25,16.224999999999998,99.5,0.0,8,-0.8616928164028521,-0.5074302810827518,2023-2024,0
2024-08-31,0.2,0.5,25.0,1.9333333333333336,89.5,14.4,100.0,4.2,1.8484372397158353,100.0,3.6,12.533333333333333,0.0,,,,,,0,3,25.05,90.25,13.375,100.0,1.55,8,-0.8702939222685674,-0.49253272872205434,2023-2024,0
2024-09-01,0.0,0.0,21.7,2.133333333333333,99.0,4.65,52.5,0.0,0.16433994809847263,81.33333333333333,0.0,2.733333333333334,17.0,,,,,,0,0,22.950000000000003,94.75,3.325,65.0,0.0,9,-0.8786374941610001,-0.4774894280028391,2024-2025,0
2024-09-02,0.7,10.0,24.4,1.6500000000000021,98.0,6.9,100.0,8.6,0.3364020094737441,100.0,9.7,5.333333333333333,0.0,,,,,,0,2,24.6,96.25,6.450000000000001,100.0,2.775,9,-0.886721063082993,-0.46230483047981086,2024-2025,0
2024-09-03,0.0,0.0,21.4,2.6000000000000014,94.5,2.3,93.0,0.0,0.922370433675308,96.33333333333333,0.0,2.8333333333333335,14.0,,,,,,0,0,22.7,93.0,2.6999999999999997,96.0,0.0,9,-0.8945422369764496,-0.4469834295196741,2024-2025,0
2024-09-04,0.0,0.0,20.0,2.666666666666668,96.5,7.550000000000001,52.5,0.0,0.5735537499216115,19.0,0.0,5.133333333333334,24.0,,,,,,0,0,21.8,90.0,5.700000000000001,27.75,0.0,9,-0.9020987014301837,-0.43152975897147144,2024-2025,0
2024-09-05,0.0,0.0,21.5,1.6166666666666707,91.0,8.1,11.5,0.0,1.5358883920364796,9.0,0.0,7.766666666666666,14.0,,,,,,0,0,23.3,86.25,7.85,9.0,0.0,9,-0.9093882203647925,-0.4159483918249421,2024-2025,0
2024-09-06,0.0,0.0,20.3,3.2666666666666657,91.5,6.3,93.0,0.0,1.4313834957646918,95.66666666666667,0.0,4.1000000000000005,24.0,,,,,,0,0,22.725,84.5,4.7250000000000005,95.0,0.0,9,-0.9164086366943458,-0.4002439388573056,2024-2025,0
2024-09-07,0.0,0.0,20.3,4.25,90.5,8.2,64.5,0.0,1.6049442738530217,78.66666666666667,0.0,6.433333333333334,24.0,,,,,,0,0,23.000000000000004,83.25,6.7749999999999995,66.25,0.0,9,-0.9231578729647039,-0.38442104726885545,2024-2025,0
2024-09-08,0.0,0.0,23.4,2.766666666666662,91.0,2.0,0.5,0.0,1.5503757034773002,4.666666666666667,0.0,1.6333333333333335,15.0,,,,,,0,0,24.700000000000003,86.0,1.725,3.5,0.0,9,-0.9296339319682695,-0.3684843993077793,2024-2025,0
2024-09-09,0.0,0.0,23.6,1.1333333333333293,92.5,4.5,12.5,0.0,1.283869296250355,9.666666666666666,0.0,3.6,13.0,,,,,,0,0,24.65,87.25,3.8499999999999996,12.25,0.0,9,-0.9358348973349941,-0.35243871088460327,2024-2025,0
2024-09-10,0.0,0.0,25.6,0.14999999999999858,82.5,12.15,79.0,0.0,3.202343748049337,64.0,0.0,13.333333333333334,15.0,,,,,,0,0,26.325,79.5,13.0,72.75,0.0,9,-0.9417589340994617,-0.33628873017668287,2024-2025,0
2024-09-11,0.0,0.0,25.7,1.2666666666666693,86.5,10.25,24.0,0.0,2.422191474457822,19.666666666666668,0.0,9.533333333333333,24.0,,,,,,0,0,26.8,82.5,9.774999999999999,20.5,0.0,9,-0.9474042892438845,-0.32003923622313857,2024-2025,0
2024-09-12,0.0,0.0,23.9,2.650000000000002,94.5,2.2,47.0,0.0,0.9370356323005922,38.666666666666664,0.0,2.066666666666667,14.0,,,,,,0,0,25.15,89.0,2.2,37.75,0.0,9,-0.9527692922168511,-0.30369503751065885,2024-2025,0
2024-09-13,2.0,0.0,24.4,1.466666666666665,95.0,5.8,40.5,0.5,0.8578729895284702,31.333333333333332,0.2,6.599999999999999,0.0,,,,,,0,2,26.025,91.25,6.15,36.5,0.15,9,-0.9578523554276669,-0.28726097055059635,2024-2025,0
2024-09-14,2.1999999999999997,0.0,24.7,0.5666666666666664,90.0,11.0,35.0,0.0,1.7496924409622672,50.333333333333336,0.0,12.333333333333334,11.0,,,,,,0,0,25.625,85.0,11.95,46.75,0.0,9,-0.9626519747161487,-0.2707418984477642,2024-2025,0
2024-09-15,2.9,0.0,26.1,1.3833333333333329,85.0,10.4,91.0,0.0,2.7194485041776204,86.0,0.0,12.466666666666669,2.0,,,,,,0,0,26.799999999999997,82.5,11.600000000000001,89.0,0.0,9,-0.9671667297977312,-0.2541427094613622,2024-2025,0
2024-09-16,5.5,0.7,24.1,1.6166666666666671,95.0,4.050000000000001,78.5,0.0,0.8540434700655339,31.0,0.0,3.233333333333334,3.0,,,,,,0,0,25.45,92.25,3.5250000000000004,46.75,0.0,9,-0.97139528468375,-0.23746831555846842,2024-2025,0
2024-09-17,0.4,0.0,25.1,1.0166666666666693,91.5,6.5,42.5,0.0,1.4816669269957856,40.666666666666664,0.0,7.833333333333333,12.0,,,,,,0,0,26.225,86.75,7.375,41.5,0.0,9,-0.9753363880767837,-0.2207236509605022,2024-2025,0
2024-09-18,0.0,0.0,24.5,1.5166666666666657,94.0,7.35,23.5,0.0,1.0287913440180567,34.333333333333336,0.0,4.166666666666667,19.0,,,,,,0,0,25.75,88.75,4.975,31.0,0.0,9,-0.9789888737409319,-0.20391367068311472,2024-2025,0
2024-09-19,0.0,0.0,23.3,2.133333333333333,98.5,5.0,100.0,16.700000000000003,0.2498624343470901,95.33333333333333,6.0,6.666666666666667,0.0,,,,,,0,2,24.025000000000002,95.5,5.8999999999999995,96.5,4.200000000000001,9,-0.9823516608469237,-0.18704334906991657,2024-2025,0
2024-09-20,0.0,0.0,23.3,2.9166666666666643,95.0,10.25,31.0,0.0,0.8435563225991665,14.0,0.0,7.066666666666666,18.0,,,,,,0,0,24.599999999999998,90.0,7.8500000000000005,19.75,0.0,9,-0.9854237542919524,-0.17011767832049052,2024-2025,0
2024-09-21,0.30000000000000004,0.0,25.1,0.9999999999999964,86.5,7.35,100.0,0.0,2.412329838571285,100.0,0.0,10.200000000000001,11.0,,,,,,0,0,25.675000000000004,84.5,9.7,100.0,0.0,9,-0.9882042449941422,-0.15314166701312007,2024-2025,0
2024-09-22,0.7999999999999999,3.9,24.3,1.2666666666666622,90.0,15.65,100.0,4.3,1.7523003372556971,100.0,11.6,22.233333333333334,0.0,,,,,,0,3,24.8,89.5,20.3,100.0,3.2749999999999995,9,-0.9906923101615609,-0.13612033862266704,2024-2025,0
2024-09-23,0.0,0.0,18.3,2.0166666666666657,97.0,4.0,5.5,0.0,0.4828979231449786,19.0,0.0,4.0,16.0,,,,,,0,0,18.775,92.5,4.15,15.75,0.0,9,-0.9928872135356962,-0.11905873003404988,2024-2025,0
2024-09-24,0.0,0.0,17.5,0.5166666666666657,90.5,7.15,31.5,0.0,1.5740937258101368,29.333333333333332,0.1,4.933333333333334,21.0,,,,,,0,1,19.525,85.25,5.55,28.25,0.025,9,-0.994788305609327,-0.10196189005174576,2024-2025,0
2024-09-25,0.4,0.0,17.2,4.133333333333333,93.5,8.600000000000001,7.5,0.0,1.0538127523529308,2.3333333333333335,0.0,5.333333333333333,10.0,,,,,,0,0,18.625,85.25,6.225000000000001,3.75,0.0,9,-0.9963950238187231,-0.08483487790576538,2024-2025,0
2024-09-26,0.0,0.0,18.7,1.8999999999999986,93.0,3.0,19.0,0.0,1.1555082513002226,6.0,0.0,3.5,24.0,,,,,,0,0,20.35,87.5,3.225,12.0,0.0,9,-0.9977068927101168,-0.06768276175455162,2024-2025,0
2024-09-27,0.0,0.0,21.3,0.10000000000000142,94.5,5.65,91.5,1.3,0.9188957087612764,51.666666666666664,1.1,4.233333333333333,0.0,,,,,,0,2,22.175000000000004,91.75,4.55,63.75,0.35000000000000003,9,-0.9987235240803972,-0.050510617185222886,2024-2025,0
2024-09-28,0.0,0.0,19.6,3.1000000000000014,98.0,1.9,100.0,0.0,0.3250514024927149,100.0,0.0,2.233333333333333,14.0,,,,,,0,0,20.724999999999998,95.5,1.9249999999999998,100.0,0.0,9,-0.9994446170919858,-0.033323525711631344,2024-2025,0
2024-09-29,0.0,0.0,20.9,1.0000000000000036,100.0,2.0,100.0,0.0,-3.552713678800501e-15,100.0,0.0,2.0,4.0,,,,,,0,0,21.2,96.75,1.8,100.0,0.0,9,-0.9998699583618592,-0.016126573270657762,2024-2025,0
2024-09-30,0.6,0.0,19.3,1.6833333333333336,97.0,4.75,100.0,0.0,0.48678988930806355,100.0,0.0,5.1000000000000005,8.0,,,,,,0,0,20.025,93.75,5.0,100.0,0.0,9,-0.9999994220246925,0.001075151282798226,2024-2025,0
2024-10-01,0.0,0.0,16.8,3.200000000000003,97.5,5.1,52.0,0.0,0.39675800814283946,19.333333333333332,0.0,4.066666666666666,16.0,,,,,,0,0,18.525,90.25,3.9749999999999996,26.25,0.0,10,-0.999832969770105,0.018276557681691223,2024-2025,0
2024-10-02,0.0,0.0,17.9,2.5833333333333357,81.0,5.35,84.5,0.0,3.3083267782750774,90.33333333333333,0.0,6.166666666666667,24.0,,,,,,0,0,19.575000000000003,80.5,5.675,86.5,0.0,10,-0.9993706508539969,0.03547255575312556,2024-2025,0
2024-10-03,0.6,0.0,19.5,0.8833333333333329,98.0,1.15,99.0,0.0,0.3249277512552986,99.0,1.5999999999999999,2.4,3.0,,,,,,0,2,20.125,97.25,2.15,99.25,0.39999999999999997,10,-0.9986126020839734,0.052658056924614005,2024-2025,0
2024-10-04,7.3999999999999995,0.1,22.1,-1.4166666666666679,93.0,8.05,100.0,6.4,1.1861015418390437,100.0,3.4,6.766666666666667,0.0,,,,,,0,3,22.525,93.25,7.025,100.0,1.7,10,-0.9975590477788613,0.06982797572987089,2024-2025,0
2024-10-05,0.0,0.0,17.1,1.7333333333333307,97.5,3.1,100.0,0.0,0.3981352996703329,100.0,0.0,3.366666666666667,14.0,,,,,,0,0,17.125,95.5,3.3,100.0,0.0,10,-0.9962102997023297,0.0869772313136861,2024-2025,0
2024-10-06,0.0,0.0,19.0,0.8166666666666664,91.0,1.5,93.5,0.6000000000000001,1.50539890702359,75.33333333333333,0.2,1.3999999999999997,0.0,,,,,,0,1,19.875,88.75,1.5,81.5,0.15000000000000002,10,-0.9945667569706337,0.1041007489354256,2024-2025,0
2024-10-07,0.0,0.30000000000000004,21.8,-0.8000000000000007,92.0,6.949999999999999,100.0,0.8,1.359840483949803,100.0,1.8,6.766666666666666,0.0,,,,,,0,3,22.075,91.75,6.725,100.0,0.5,10,-0.9926289059345095,0.121193461470736,2024-2025,0
2024-10-08,2.0,0.30000000000000004,19.2,0.0833333333333357,98.0,4.85,100.0,0.4,0.323569138261643,100.0,0.4,4.366666666666666,0.0,,,,,,0,3,19.1,97.25,4.449999999999999,100.0,0.15,10,-0.9903973200352558,0.1382503109109819,2024-2025,0
2024-10-09,0.7,0.0,15.1,1.450000000000001,92.0,6.5,77.5,0.1,1.2901178572023966,51.0,0.0,6.5,1.0,,,,,,0,0,15.425,91.0,6.175000000000001,63.0,0.025,10,-0.9878726596350429,0.15526624985999563,2024-2025,0
2024-10-10,0.0,0.0,13.2,2.3499999999999996,93.0,2.75,100.0,0.0,1.1058347861254454,99.66666666666667,0.0,2.033333333333333,24.0,,,,,,0,0,14.35,88.5,2.275,99.75,0.0,10,-0.9850556718215013,0.172236243027682,2024-2025,0
2024-10-11,0.0,0.0,12.2,3.083333333333332,100.0,6.75,100.0,0.0,1.7763568394002505e-15,49.666666666666664,0.0,4.466666666666667,24.0,,,,,,0,0,14.0,95.5,5.1000000000000005,62.25,0.0,10,-0.981947190186646,0.18915526872004093,2024-2025,0
2024-10-12,0.0,0.0,11.0,4.583333333333334,100.0,8.35,22.0,0.0,0.0,9.666666666666666,0.0,6.7,17.0,,,,,,0,0,13.075000000000001,94.5,7.05,15.0,0.0,10,-0.9785481345802031,0.20601832032517084,2024-2025,0
2024-10-13,0.0,0.0,12.0,3.2166666666666686,98.5,5.3,49.0,0.0,0.2277664365904304,21.666666666666668,0.0,4.433333333333334,24.0,,,,,,0,0,13.375,92.75,4.65,26.5,0.0,10,-0.9748595108374125,0.22282040779479959,2024-2025,1
2024-10-14,0.0,0.0,13.6,2.5999999999999996,94.5,11.7,9.0,0.0,0.8631791192898728,7.333333333333333,0.0,10.6,24.0,,,,,,0,0,14.950000000000001,89.0,10.799999999999999,7.25,0.0,10,-0.9708824104813836,0.23955655912092708,2024-2025,0
2024-10-15,0.0,0.0,18.0,-0.6833333333333336,75.0,17.2,33.0,0.0,4.502637147908642,73.66666666666667,0.0,18.933333333333334,24.0,,,,,,0,0,19.175,72.5,18.325,65.0,0.0,10,-0.9666180104000972,0.2562218218071163,2024-2025,0
2024-10-16,0.0,0.0,19.8,0.8999999999999986,92.0,6.25,100.0,1.5,1.3389351869011321,100.0,2.2,3.8666666666666667,0.0,,,,,,0,3,20.049999999999997,93.5,4.725,100.0,0.825,10,-0.9620675724981452,0.27281126433401914,2024-2025,0
2024-10-17,0.0,0.0,16.9,2.2666666666666693,99.5,4.8,59.0,0.0,0.07861825981628456,50.0,0.0,4.566666666666666,18.0,,,,,,0,0,17.15,96.5,4.575,52.5,0.0,10,-0.957232443323312,0.28931997761869527,2024-2025,0
2024-10-18,0.0,0.0,18.9,-0.216666666666665,85.5,7.5,58.0,0.1,2.505275978988916,52.666666666666664,0.30000000000000004,7.533333333333334,0.0,,,,,,0,2,20.9,84.0,7.775,55.0,0.07500000000000001,10,-0.9521140536681102,0.3057430764672831,2024-2025,0
2024-10-19,0.2,0.0,22.0,0.9666666666666686,90.0,14.25,100.0,0.0,1.71531996986322,100.0,0.0,12.433333333333332,10.0,,,,,,0,0,22.4,88.5,13.05,100.0,0.0,10,-0.9467139181463862,0.3220757010206104,2024-2025,0
2024-10-20,0.7999999999999999,0.1,12.4,4.6999999999999975,83.5,9.850000000000001,26.5,0.0,2.7038151725243296,40.666666666666664,0.0,8.833333333333334,6.0,,,,,,0,0,12.15,79.75,9.225000000000001,35.25,0.0,10,-0.9410336347451197,0.3383130181923076,2024-2025,0
2024-10-21,0.0,0.0,9.7,0.9500000000000011,90.5,10.2,49.5,0.0,1.4874220852070454,10.0,0.0,10.633333333333333,24.0,,,,,,0,0,12.125,86.0,10.45,28.25,0.0,10,-0.9350748843515574,0.3544502230989869,2024-2025,0
2024-10-22,0.0,0.0,15.9,-0.31666666666666465,63.5,11.5,78.5,0.0,6.91056845310181,68.0,0.0,11.4,24.0,,,,,,0,0,16.425,65.25,11.55,68.0,0.0,10,-0.9288394302558068,0.3704825404820963,2024-2025,0
2024-10-23,0.4,0.0,21.2,-0.9999999999999964,77.0,29.549999999999997,100.0,0.0,4.202123984042693,100.0,0.2,26.0,8.0,,,,,,0,2,21.625,78.0,27.299999999999997,100.0,0.05,10,-0.9223291176290545,0.3864052261209853,2024-2025,0
2024-10-24,1.6,0.1,17.5,1.1666666666666679,88.0,4.25,78.5,0.0,1.97111622750149,80.33333333333333,0.0,4.666666666666667,6.0,,,,,,0,0,15.349999999999998,90.0,4.3,79.25,0.0,10,-0.9155458729775467,0.40221356823680365,2024-2025,0
2024-10-25,0.0,0.0,14.0,2.0666666666666664,99.5,3.25,100.0,0.0,0.07662975003128558,76.66666666666667,0.0,5.0,24.0,,,,,,0,0,13.6,97.25,4.4,82.5,0.0,10,-0.9084917035725082,0.41790288888678667,2024-2025,0
2024-10-26,0.0,0.0,13.7,1.3833333333333364,98.0,5.3,100.0,0.0,0.3098978206246077,100.0,0.0,5.033333333333334,24.0,,,,,,0,0,14.649999999999999,94.5,5.2250000000000005,100.0,0.0,10,-0.9011686968561569,0.4334685453485363,2024-2025,0
2024-10-27,0.0,0.0,14.5,1.4333333333333318,95.0,10.5,56.5,0.0,0.7911685750621977,87.0,0.0,10.333333333333334,24.0,,,,,,0,0,15.425,91.75,10.4,78.25,0.0,10,-0.8935790198239952,0.4489059314938798,2024-2025,1
2024-10-28,14.8,14.4,16.1,2.6666666666666643,97.0,8.25,100.0,4.9,0.4751607676194638,98.33333333333333,2.5,8.833333333333334,0.0,,,,,,0,2,15.625,97.0,8.55,98.75,1.25,10,-0.8857249183835637,0.4642104791518923,2024-2025,0
2024-10-29,0.0,0.0,11.2,3.533333333333335,100.0,4.6,100.0,0.0,0.0,100.0,0.0,4.2,23.0,,,,,,0,0,11.475,93.25,4.2,100.0,0.0,10,-0.8776087166898392,0.4793776594606945,2024-2025,0
2024-10-30,9.8,7.0,15.8,0.7333333333333307,97.0,2.1,100.0,0.5,0.4757113531795909,100.0,0.8,6.066666666666667,1.0,,,,,,0,2,15.8,97.5,5.15,100.0,0.325,10,-0.8692328164574792,0.49440298420761813,2024-2025,0
2024-10-31,0.0,0.0,5.8,5.666666666666667,100.0,8.2,100.0,0.0,-8.881784197001252e-16,99.66666666666667,0.0,7.133333333333333,17.0,,,,,,0,0,7.375,91.25,7.574999999999999,99.75,0.0,10,-0.8605996962501181,0.5092820071573356,2024-2025,1
2024-11-01,0.0,0.0,17.0,-0.9833333333333343,79.0,14.25,100.0,0.0,3.6826484167459466,100.0,0.0,15.0,24.0,,,,,,0,0,18.0,78.0,14.850000000000001,100.0,0.0,11,-0.8517119107469189,0.5240103253675756,2024-2025,0
2024-11-02,2.7,0.7,16.4,0.81666666666667,89.5,10.0,100.0,13.4,1.7341276870721938,100.0,17.0,5.233333333333333,0.0,,,,,,0,3,17.025,90.0,7.800000000000001,100.0,5.1,11,-0.8425720899866032,0.5385835804920232,2024-2025,0
2024-11-03,0.0,0.0,12.9,2.5333333333333314,90.5,11.25,33.5,0.0,1.5180117233187307,21.0,0.0,10.233333333333334,13.0,,,,,,0,0,13.4,85.25,10.45,22.0,0.0,11,-0.8331829385891785,0.5529974600700271,2024-2025,0
2024-11-04,0.0,0.0,11.1,-1.2166666666666668,82.0,10.85,8.0,0.0,2.984060018394981,9.333333333333334,0.0,12.6,24.0,,,,,,0,0,13.75,80.0,12.1,9.5,0.0,11,-0.8235472349556007,0.5672476988027229,2024-2025,0
2024-11-05,0.1,0.6,14.3,0.1999999999999993,98.5,2.35,94.0,0.0,0.23371602294504612,90.33333333333333,0.0,2.9,4.0,,,,,,0,0,14.4,98.0,2.625,92.5,0.0,11,-0.8136678304455991,0.5813300798152042,2024-2025,0
2024-11-06,0.1,0.0,12.2,2.333333333333334,89.5,3.4499999999999997,39.0,0.2,1.674077554128699,69.66666666666667,1.6,2.6,0.0,,,,,,0,3,12.0,92.25,3.4749999999999996,57.75,0.425,11,-0.8035476485339116,0.5952404359043674,2024-2025,0
2024-11-07,0.7,0.30000000000000004,8.6,2.2666666666666675,85.0,12.3,27.5,0.0,2.3703385291244086,52.666666666666664,0.0,11.333333333333334,2.0,,,,,,0,0,8.024999999999999,82.25,11.825000000000001,48.0,0.0,11,-0.7931896839451843,0.6089746507720486,2024-2025,0
2024-11-08,0.0,0.0,3.4,3.5333333333333337,74.0,4.0,0.0,0.0,4.208205896833311,0.0,0.0,6.233333333333334,24.0,,,,,,0,0,4.225,74.75,5.575,0.0,0.0,11,-0.7825970017677834,0.6225286602431057,2024-2025,0
2024-11-09,0.0,0.0,2.4,2.7000000000000006,83.0,5.55,33.0,0.0,2.5843080866323436,35.666666666666664,0.0,6.0,24.0,,,,,,0,0,3.7249999999999996,80.5,5.9,27.5,0.0,11,-0.7717727365467837,0.6358984534680745,2024-2025,0
2024-11-10,0.0,0.0,3.8,2.8000000000000007,64.5,11.8,58.5,0.0,6.139717621462179,96.33333333333333,0.0,12.033333333333333,24.0,,,,,,0,0,6.425,65.75,11.875,79.25,0.0,11,-0.7607200913564104,0.6490800741100398,2024-2025,0
2024-11-11,1.9,0.7,14.5,1.049999999999999,89.5,3.1,96.0,0.0,1.7162009499753843,60.666666666666664,0.0,3.0666666666666664,4.0,,,,,,0,0,15.05,92.0,2.9749999999999996,70.5,0.0,11,-0.7494423368521953,0.6620696215153815,2024-2025,0
2024-11-12,0.0,0.0,6.8,4.3,96.5,5.2,2.0,0.0,0.5199461930982467,4.0,0.0,5.066666666666667,24.0,,,,,,0,0,9.075,92.0,5.35,3.25,0.0,11,-0.7379428103031386,0.6748632518680403,2024-2025,1
2024-11-13,0.1,0.30000000000000004,11.0,2.916666666666666,95.5,4.5,0.0,0.0,0.6847551432806593,12.333333333333334,0.0,4.733333333333333,5.0,,,,,,0,0,9.975,96.0,4.675,9.25,0.0,11,-0.7262249146041543,0.6874571793269664,2024-2025,0
2024-11-14,0.0,0.0,6.0,3.133333333333331,95.5,2.3,6.0,0.0,0.6640796322384332,6.666666666666667,0.0,1.3666666666666665,24.0,,,,,,0,0,7.175,92.5,1.7499999999999998,5.5,0.0,11,-0.7142921172691032,0.699847677146407,2024-2025,0
2024-11-15,0.4,0.0,14.5,0.6833333333333318,95.5,8.899999999999999,100.0,0.0,0.7090466032330802,100.0,0.0,9.299999999999999,2.0,,,,,,0,0,14.425,95.0,9.024999999999999,100.0,0.0,11,-0.7021479494046978,0.7120310787787131,2024-2025,0
2024-11-16,0.0,0.0,12.6,1.75,84.5,7.4,100.0,0.0,2.5637269033114816,98.0,0.0,6.866666666666667,21.0,,,,,,0,0,14.725,83.25,7.1000000000000005,98.5,0.0,11,-0.6897960046655887,0.7240037789593305,2024-2025,0
2024-11-17,0.1,0.0,17.1,0.6999999999999993,86.0,6.0,53.0,0.4,2.3403672817785157,56.333333333333336,0.5,7.533333333333334,0.0,,,,,,0,2,16.325,87.25,6.8,59.0,0.125,11,-0.6772399381909491,0.7357622347736527,2024-2025,0
2024-11-18,5.2,0.0,9.7,3.783333333333333,83.0,6.2,72.0,0.0,2.7407993467374263,66.66666666666667,0.0,4.233333333333333,9.0,,,,,,0,0,10.05,78.5,5.1000000000000005,64.5,0.0,11,-0.6644834655228552,0.7473029667054297,2024-2025,0
2024-11-19,0.9000000000000001,0.1,4.0,1.8999999999999995,66.0,7.15,44.0,0.0,5.797566738706281,25.0,0.0,7.666666666666667,6.0,,,,,,0,0,4.65,63.0,7.4750000000000005,26.0,0.0,11,-0.6515303615068021,0.75862255966641,2024-2025,0
2024-11-20,0.0,0.0,2.6,1.1500000000000004,89.5,1.85,16.0,0.0,1.5476807810174695,39.333333333333336,0.0,1.7666666666666666,24.0,,,,,,0,0,3.225,86.5,1.7750000000000001,31.5,0.0,11,-0.6383844591746642,0.769717664006921,2024-2025,0
2024-11-21,0.0,0.0,4.3,2.8499999999999996,91.0,3.8,5.0,0.0,1.3455758503609228,31.666666666666668,0.0,3.4333333333333336,24.0,,,,,,0,0,5.925,86.75,3.3499999999999996,24.5,0.0,11,-0.6250496486104377,0.7805849965070866,2024-2025,0
2024-11-22,0.5,0.30000000000000004,7.4,2.2833333333333314,91.0,2.45,49.5,0.0,1.3733249488202164,80.0,0.30000000000000004,4.533333333333334,5.0,,,,,,0,2,8.225,89.25,4.075,70.0,0.07500000000000001,11,-0.6115298757991053,0.7912213413483807,2024-2025,0
2024-11-23,3.0999999999999996,1.6,6.5,1.5333333333333332,84.5,8.55,53.0,0.1,2.4196750708398964,46.0,0.0,8.200000000000001,1.0,,,,,,0,0,6.2,82.0,8.350000000000001,49.0,0.025,11,-0.5978291414589552,0.801623551065242,2024-2025,0
2024-11-24,0.0,0.0,4.6,0.7666666666666675,99.0,4.0,76.0,0.0,0.1432214360811006,42.333333333333336,0.0,4.7,15.0,,,,,,0,0,4.425,97.25,4.574999999999999,56.75,0.0,11,-0.5839514998576998,0.8117885474764613,2024-2025,0
2024-11-25,0.0,0.0,1.4,3.2499999999999996,98.0,5.0,15.5,0.0,0.2789533346449233,1.3333333333333333,0.0,6.733333333333333,24.0,,,,,,0,0,0.8,96.5,6.2,7.75,0.0,11,-0.5699010576127624,0.821713322596059,2024-2025,0
2024-11-26,0.0,0.0,8.7,-4.766666666666666,55.0,20.45,95.5,0.0,8.69522498842916,99.0,0.0,25.63333333333333,24.0,,,,,,0,0,12.1,50.75,24.025,97.0,0.0,11,-0.5556819724760489,0.8313949395234058,2024-2025,1
2024-11-27,38.800000000000004,1.1,11.7,1.450000000000001,95.0,6.6000000000000005,98.5,1.2999999999999998,0.7701371938853452,96.66666666666667,1.0,7.0,0.0,,,,,,0,3,10.775,96.25,6.4750000000000005,97.5,0.39999999999999997,11,-0.5412984521036173,0.8408305333122887,2024-2025,0
2024-11-28,7.3,1.7000000000000002,5.6,2.833333333333332,98.0,8.0,90.5,0.6000000000000001,0.29134679778348627,66.0,0.4,7.8999999999999995,0.0,,,,,,0,3,5.800000000000001,96.75,8.149999999999999,71.25,0.2,11,-0.5267547528105542,0.8500173118187018,2024-2025,0
2024-11-29,1.4000000000000001,0.0,6.1,-0.833333333333333,86.5,2.15,93.0,3.1,2.0631303238800696,100.0,3.4000000000000004,3.1,0.0,,,,,,0,3,4.875,91.5,3.075,96.5,1.4,11,-0.5120551783114646,0.8589525565270845,2024-2025,0
2024-11-30,6.8999999999999995,0.8999999999999999,4.4,-0.16666666666666696,97.0,6.85,75.5,2.2,0.433370832778897,86.66666666666667,1.7,4.533333333333333,0.0,,,,,,0,2,4.325,97.0,5.15,82.75,0.6500000000000001,11,-0.4972040784469378,0.8676336233547726,2024-2025,0
2024-12-01,3.0999999999999996,1.4,6.7,-0.01666666666666572,94.5,4.0,100.0,1.1,0.8252437218810096,100.0,1.5,2.3000000000000003,0.0,,,,,,0,3,7.7,93.75,2.725,100.0,0.575,12,-0.4822058478963526,0.8760579434344281,2024-2025,0
2024-12-02,0.7,0.1,7.4,0.8166666666666664,98.0,6.2,67.5,0.0,0.2946343605491588,24.333333333333332,0.0,7.033333333333334,6.0,,,,,,0,0,6.875,97.75,6.775,40.5,0.0,12,-0.46706492487743034,0.8842230238742036,2024-2025,0
2024-12-03,0.0,0.0,6.0,0.7999999999999998,88.5,12.2,58.0,0.2,1.7690333428603218,38.666666666666664,0.0,11.433333333333332,1.0,,,,,,0,0,7.425,87.5,11.75,47.0,0.05,12,-0.451785789832884,0.8921264484954345,2024-2025,0
2024-12-04,3.0999999999999996,0.6,9.5,1.2166666666666668,92.0,8.7,100.0,0.5,1.2265934512199443,100.0,0.7,10.166666666666666,0.0,,,,,,0,3,8.425,89.25,9.675,100.0,0.22499999999999998,12,-0.4363729641045924,0.8997658785476209,2024-2025,0
2024-12-05,0.1,0.0,6.6,0.7000000000000011,90.5,4.3,98.0,0.2,1.4398135277891662,99.66666666666667,0.6,7.7,0.0,,,,,,0,3,6.475,91.0,6.949999999999999,99.0,0.15,12,-0.42083100859565564,0.9071390534005044,2024-2025,0
2024-12-06,4.7,0.0,5.1,0.0333333333333341,94.0,5.05,81.5,0.7,0.8865955303130946,98.33333333333333,1.7000000000000002,6.400000000000001,0.0,,,,,,0,3,5.325,94.25,6.075,90.75,0.475,12,-0.4051645224207563,0.9142437912130223,2024-2025,0
2024-12-07,5.5,0.6,3.2,1.9500000000000002,96.5,4.550000000000001,87.0,0.4,0.5040895382536248,70.33333333333333,0.4,5.533333333333334,0.0,,,,,,0,3,3.7,96.0,5.25,75.5,0.15,12,-0.3893781415452015,0.9210779895789526,2024-2025,0
2024-12-08,0.9999999999999999,1.9,2.6,1.2833333333333328,99.0,8.3,100.0,1.7,0.14154625281425925,100.0,2.9000000000000004,7.066666666666666,0.0,,,,,,0,0,2.675,98.0,7.6000000000000005,100.0,0.8999999999999999,12,-0.37347653741307074,0.9276396261490467,2024-2025,0
2024-12-09,0.1,0.0,1.4,1.2333333333333334,88.5,1.7000000000000002,72.0,0.0,1.6916075386233438,88.66666666666667,0.0,2.6333333333333333,4.0,,,,,,0,0,1.8,88.5,2.5,80.5,0.0,12,-0.3574644155648614,0.9339267592294762,2024-2025,0
2024-12-10,0.0,0.0,-0.9,1.8499999999999999,94.5,6.15,33.0,0.0,0.7708877232516134,27.333333333333332,0.0,5.966666666666666,17.0,,,,,,0,0,-0.525,94.0,6.075000000000001,30.25,0.0,12,-0.34134651424503615,0.9399375283564133,2024-2025,1
2024-12-11,0.0,0.0,4.1,-1.6666666666666665,98.0,4.0,97.5,0.2,0.28924309305173157,84.33333333333333,0.1,4.633333333333334,0.0,,,,,,0,1,4.75,98.0,4.25,88.25,0.05,12,-0.3251276029999093,0.9456701548465688,2024-2025,0
2024-12-12,0.0,0.0,0.3,2.4999999999999996,65.5,3.85,35.0,0.0,5.718699536925872,37.0,0.0,4.033333333333334,16.0,,,,,,0,0,0.925,65.5,4.15,35.75,0.0,12,-0.30881248126625377,0.9511229423235357,2024-2025,0
2024-12-13,0.0,0.0,-0.1,-0.16666666666666666,65.0,8.35,100.0,0.0,5.962329052016785,100.0,0.0,8.266666666666667,24.0,,,,,,0,0,3.7750000000000004,67.25,8.2,100.0,0.0,12,-0.29240597695107734,0.9562942772197719,2024-2025,0
2024-12-14,9.600000000000001,3.2,2.5,1.0333333333333332,95.5,8.25,100.0,0.6,0.642933404568012,100.0,1.3,6.3,0.0,,,,,,0,0,1.6500000000000001,94.75,7.475,100.0,0.35,12,-0.27591294500296043,0.9611826292540837,2024-2025,0
2024-12-15,0.1,1.2000000000000002,1.0,-1.7833333333333332,89.5,4.949999999999999,99.5,1.2,1.5420240547098198,97.0,2.4,5.933333333333334,0.0,,,,,,0,0,1.9000000000000001,90.0,5.3999999999999995,97.5,0.675,12,-0.2593382659754056,0.9657865518844574,2024-2025,0
2024-12-16,5.5,1.8,3.1,0.24999999999999956,97.0,4.699999999999999,100.0,0.8,0.4300477313116655,99.33333333333333,1.0,4.866666666666666,0.0,,,,,,0,3,3.1750000000000003,97.25,4.8,99.5,0.35000000000000003,12,-0.2426868445825954,0.9701046827361175,2024-2025,0
2024-12-17,3.5999999999999996,1.9000000000000001,2.8,0.8833333333333337,97.0,5.8,97.5,2.0,0.42987318490638016,98.33333333333333,2.3,5.066666666666666,0.0,,,,,,0,1,3.075,96.75,5.25,98.75,0.8,12,-0.22596360824801906,0.974135744004672,2024-2025,0
2024-12-18,4.7,1.2,2.7,0.7166666666666663,95.0,6.3,99.0,0.6000000000000001,0.7198187872674982,90.33333333333333,0.7,6.533333333333334,0.0,,,,,,0,2,2.725,93.25,6.65,92.25,0.275,12,-0.20917350564635637,0.9778785428342386,2024-2025,0
2024-12-19,0.0,0.0,-1.6,1.0166666666666666,86.0,1.7999999999999998,77.5,0.0,2.0175892787073586,71.33333333333333,0.0,2.8000000000000003,15.0,,,,,,0,0,-2.875,87.0,2.525,75.25,0.0,12,-0.19232150523909483,0.9813319716704275,2024-2025,0
2024-12-20,0.0,0.0,-2.0,0.95,89.0,2.8499999999999996,26.5,0.0,1.546373069033237,78.66666666666667,0.0,6.099999999999999,15.0,,,,,,0,0,-4.8,92.0,5.15,63.25,0.0,12,-0.17541259380427843,0.9844950085880858,2024-2025,0
2024-12-21,0.0,0.0,-2.6,1.9833333333333334,80.5,12.1,98.5,0.0,2.9583842171947157,98.0,0.0,11.433333333333332,24.0,,,,,,0,0,0.42500000000000004,79.5,11.725,98.5,0.0,12,-0.15845177496083632,0.9873667175937016,2024-2025,0
2024-12-22,7.300000000000001,1.4000000000000001,1.5,1.5666666666666669,97.0,8.55,100.0,2.7,0.4253473924566058,97.66666666666667,3.1,7.933333333333334,0.0,,,,,,0,0,1.7,94.75,8.15,98.25,1.0750000000000002,12,-0.14144406768794202,0.9899462489023779,2024-2025,0
2024-12-23,1.2000000000000002,0.0,-1.9,2.1166666666666667,81.0,1.1,48.0,0.2,2.816470228911352,79.66666666666667,0.2,2.033333333333333,0.0,,,,,,0,0,-1.9499999999999997,80.5,1.7249999999999999,68.25,0.07500000000000001,12,-0.12439450483979998,0.9922328391893008,2024-2025,0
2024-12-24,6.4,0.6000000000000001,0.3,1.6,95.5,2.75,62.0,0.2,0.6301498630811168,72.0,0.30000000000000004,3.866666666666667,0.0,,,,,,0,1,-0.5499999999999999,95.5,3.5999999999999996,65.5,0.1,12,-0.10730813165636247,0.9942258118156161,2024-2025,0
2024-12-25,0.1,0.0,-3.0,3.966666666666667,90.5,5.4,99.0,0.0,1.321952405005181,100.0,0.0,8.166666666666666,9.0,,,,,,0,0,-4.25,91.75,7.15,99.5,0.0,12,-0.09019000427034513,0.9959245770286599,2024-2025,1
2024-12-26,0.0,0.0,4.4,-3.366666666666667,85.0,5.9,100.0,0.1,2.305033895808138,100.0,3.9,5.366666666666667,0.0,,,,,,0,3,4.75,87.5,5.65,100.0,0.975,12,-0.07304518821104743,0.9973286321364752,2024-2025,0
2024-12-27,2.9000000000000004,1.8,2.0,0.9499999999999997,92.5,4.9,96.5,0.8,1.0897378553015102,96.66666666666667,1.4,5.433333333333333,0.0,,,,,,0,0,2.2750000000000004,93.0,5.225,97.5,0.47500000000000003,12,-0.05587875690537313,0.9984375616565666,2024-2025,0
2024-12-28,3.0,1.2,1.0,0.4666666666666668,96.0,12.2,99.5,2.6,0.5676313648011903,99.0,2.8000000000000003,10.833333333333334,0.0,,,,,,0,0,1.4500000000000002,93.75,11.274999999999999,99.0,1.025,12,-0.03869579017652689,0.9992510374388481,2024-2025,0
2024-12-29,0.30000000000000004,0.1,-1.1,-0.24999999999999978,93.0,5.300000000000001,98.5,1.9,0.9978383319835908,98.66666666666667,2.4000000000000004,5.6000000000000005,0.0,,,,,,0,0,0.575,90.75,5.375,98.25,0.8499999999999999,12,-0.021501372740813793,0.999768818762748,2024-2025,0
2024-12-30,0.1,0.0,-2.7,2.1,86.5,8.75,99.0,0.0,1.9753925441680567,99.66666666666667,0.0,8.299999999999999,12.0,,,,,,0,0,0.375,85.0,8.55,99.25,0.0,12,-0.004300592702981974,0.9999907524084426,2024-2025,0
2024-12-31,0.0,0.0,4.0,-0.983333333333333,85.0,8.3,100.0,0.2,2.293005393597972,100.0,0.5,6.033333333333334,0.0,,,,,,0,2,4.225,84.5,6.875000000000001,100.0,0.15000000000000002,12,0.012901459949419653,0.9999167727021953,2024-2025,0
2025-01-01,2.1,0.0,-2.1,3.8,74.5,4.1,96.0,0.0,3.9778975368506266,65.0,0.0,3.266666666666667,8.0,,,,,,0,0,-0.17500000000000002,75.0,3.5,73.0,0.0,1,0.017201575418260506,0.9998520419557735,2024-2025,0
2025-01-02,0.7999999999999999,0.30000000000000004,3.7,0.23333333333333295,94.0,2.95,92.0,0.5,0.8745128909725528,98.0,0.6000000000000001,2.6333333333333333,0.0,,,,,,0,3,3.75,94.0,2.9000000000000004,95.0,0.2,1,0.03439806061360801,0.9994082116062598,2024-2025,0
2025-01-03,2.9999999999999996,0.1,2.0,1.2833333333333332,99.5,3.8,100.0,0.0,0.06975619724008109,63.666666666666664,0.0,4.8,2.0,,,,,,0,0,1.1,97.5,4.425,72.75,0.0,1,0.051584366869408364,0.9986686402879997,2024-2025,0
2025-01-04,4.5,3.7,-3.6,4.2,88.5,3.25,88.5,0.0,1.648428583549871,98.66666666666667,0.0,4.066666666666666,5.0,,,,,,0,0,-2.025,88.25,4.275,93.5,0.0,1,0.06875540848113941,0.9976335468520451,2024-2025,0
2025-01-05,0.0,0.1,0.2,-0.6833333333333333,90.0,7.1,100.0,0.0,1.4394997928991349,98.66666666666667,0.7,6.3,3.0,,,,,,0,1,-0.04999999999999999,90.0,6.625,99.0,0.175,1,0.08590610426133272,0.9963032375991965,2024-2025,0
2025-01-06,0.0,0.0,1.2,-1.8833333333333333,70.0,15.4,100.0,0.1,4.935376206071819,100.0,0.9,15.199999999999998,0.0,,,,,,0,3,3.6499999999999995,71.5,15.100000000000001,100.0,0.225,1,0.10303137904317879,0.9946781061893646,2024-2025,0
2025-01-07,2.1,1.6,3.2,1.583333333333333,94.0,5.45,100.0,0.9,0.871681921719464,98.66666666666667,1.9,7.866666666666667,0.0,,,,,,0,1,3.125,93.75,7.5,99.0,0.575,1,0.1201261651823505,0.9927586335250793,2024-2025,0
2025-01-08,1.4,1.7999999999999998,-0.4,1.5166666666666666,91.5,5.9,85.0,1.5,1.2118024246851378,85.33333333333333,3.1,7.2,0.0,,,,,,0,0,-0.29999999999999993,88.5,7.15,86.25,0.9750000000000001,1,0.13718540405660057,0.9905453876091833,2024-2025,0
2025-01-09,3.2999999999999994,1.5,-0.1,0.75,76.0,9.25,93.0,0.0,3.7065725164012817,94.33333333333333,1.9,9.033333333333333,2.0,,,,,,0,0,-0.04999999999999993,77.25,9.125,95.75,0.475,1,0.1542040475626894,0.988039023376751,2024-2025,0
2025-01-10,2.9999999999999996,1.4,-4.9,2.616666666666667,87.5,3.2,94.0,0.9,1.756274658259474,82.0,3.0,2.7000000000000006,0.0,,,,,,0,0,-4.9,85.25,2.95,86.5,0.7749999999999999,1,0.17117705961019986,0.985240282501282,2024-2025,0
2025-01-11,1.2,0.2,-2.0,1.0666666666666664,90.5,5.35,53.0,0.0,1.3330144616648871,62.333333333333336,0.0,5.733333333333333,6.0,,,,,,0,0,-3.9250000000000003,92.0,5.699999999999999,63.75,0.0,1,0.18809941761179758,0.9821499931752291,2024-2025,0
2025-01-12,0.0,0.0,-4.3,0.7666666666666662,88.5,8.0,100.0,0.0,1.6084939147651705,100.0,0.0,9.433333333333334,24.0,,,,,,0,0,-4.075,83.75,8.975,100.0,0.0,1,0.20496611396949532,0.9787690698649216,2024-2025,0
2025-01-13,0.5,0.30000000000000004,-0.6,0.1999999999999999,93.5,3.9,99.0,1.1,0.9316148836239493,68.0,0.7999999999999999,2.766666666666667,0.0,,,,,,0,0,1.275,91.75,3.2249999999999996,75.75,0.30000000000000004,1,0.22177215755648186,0.975098513039961,2024-2025,0
2025-01-14,0.0,1.8,1.2,-3.05,91.0,4.6,99.5,1.6,1.3186443116367117,99.66666666666667,1.4000000000000001,5.533333333333332,0.0,,,,,,0,1,2.475,92.5,5.05,99.75,0.525,1,0.23851257519407648,0.9711394088771653,2024-2025,0
2025-01-15,2.1,1.2999999999999998,2.4,1.1333333333333333,98.5,4.1,100.0,3.9,0.21236203846636537,100.0,5.9,3.733333333333333,0.0,,,,,,0,0,2.35,99.0,3.8749999999999996,100.0,1.825,1,0.2551824131233728,0.9668929289391521,2024-2025,0
2025-01-16,2.5,0.1,-3.6,3.2666666666666666,92.5,4.2,92.0,0.0,1.0281156076011886,99.0,0.0,5.666666666666667,6.0,,,,,,0,0,-5.6000000000000005,91.0,5.025,95.75,0.0,1,0.2717767384711357,0.9623603298276545,2024-2025,0
2025-01-17,2.5,1.8,1.6,0.03333333333333299,88.0,9.6,91.5,0.4,1.7745443085658614,77.66666666666667,0.3,9.033333333333333,0.0,,,,,,0,0,1.45,87.25,9.075,83.25,0.1,1,0.2882906407095177,0.9575429528116719,2024-2025,0
2025-01-18,0.0,0.0,-4.9,2.616666666666667,85.5,3.0,15.5,0.0,2.0175424879980977,37.666666666666664,0.0,4.766666666666667,24.0,,,,,,0,0,-7.825,87.0,4.2,29.75,0.0,1,0.3047192331091634,0.9524422234305676,2024-2025,1
2025-01-19,0.0,0.0,-0.2,-3.5333333333333328,87.0,13.65,100.0,0.0,1.8982788229903884,88.0,0.0,13.5,24.0,,,,,,0,0,0.25,85.0,13.45,91.0,0.0,1,0.321057654185271,0.9470596510722283,2024-2025,0
2025-01-20,0.0,0.0,1.9,-0.23333333333333317,89.5,9.85,100.0,0.0,1.5508278534674456,98.33333333333333,0.0,8.266666666666666,24.0,,,,,,0,0,2.925,87.25,8.75,98.75,0.0,1,0.3373010691361842,0.9413968285264122,2024-2025,0
2025-01-21,0.1,0.0,0.7,2.533333333333333,100.0,5.9,100.0,0.0,0.0,96.0,0.0,6.3999999999999995,8.0,,,,,,0,0,-0.525,99.75,6.325,97.0,0.0,1,0.3534446712740877,0.9354554315134164,2024-2025,0
2025-01-22,0.0,0.0,-1.5,0.7999999999999999,72.0,2.7,99.5,0.0,4.43796153789283,93.66666666666667,0.0,2.733333333333333,24.0,,,,,,0,0,0.12500000000000003,72.25,2.8000000000000003,95.25,0.0,1,0.3694836834473831,0.9292372181882051,2024-2025,0
2025-01-23,0.0,0.0,-0.6,1.8666666666666667,87.5,10.8,100.0,0.0,1.815520007860597,100.0,0.0,10.266666666666666,13.0,,,,,,0,0,-0.35,86.5,10.425,100.0,0.0,1,0.38541335945432564,0.9227440286201427,2024-2025,0
2025-01-24,0.3,0.0,-2.2,5.916666666666667,93.0,5.8,86.0,0.0,0.9794968800454602,93.66666666666667,0.0,5.8,9.0,,,,,,0,0,-2.425,92.5,5.75,90.0,0.0,1,0.4012289854475009,0.9159777842484877,2024-2025,0
2025-01-25,0.0,0.0,-5.5,5.2,84.0,1.1,5.0,0.0,2.2794364315588673,6.0,0.0,0.7333333333333334,24.0,,,,,,0,0,-4.775,84.5,0.875,5.25,0.0,1,0.4169258813287287,0.908940487313808,2024-2025,0
2025-01-26,0.0,0.0,-3.1,1.7000000000000004,91.0,5.5,71.0,0.0,1.2535452764169115,94.33333333333333,0.0,6.233333333333334,24.0,,,,,,0,0,-3.925,91.75,5.85,85.5,0.0,1,0.4324994021339788,0.901634220265486,2024-2025,0
2025-01-27,0.0,0.0,-7.2,5.266666666666667,79.5,8.7,100.0,0.0,3.007736788183669,100.0,0.0,8.200000000000001,24.0,,,,,,0,0,-2.8250000000000006,76.25,8.55,100.0,0.0,1,0.44794493940789115,0.8940611451454876,2024-2025,0
2025-01-28,0.0,0.0,3.1,0.8666666666666667,98.0,6.85,100.0,1.5,0.28459545272827125,75.66666666666667,1.5,6.766666666666667,0.0,,,,,,0,0,2.625,94.75,7.249999999999999,81.75,0.525,1,0.4632579225674917,0.88622350294858,2024-2025,0
2025-01-29,0.2,0.0,0.6,0.5333333333333335,73.0,10.05,91.0,0.2,4.268793055205941,96.33333333333333,2.0,7.533333333333332,0.0,,,,,,0,0,0.17500000000000002,74.5,8.525,95.25,0.5,1,0.4784338202547012,0.8781236129591848,2024-2025,0
2025-01-30,5.1,1.4,0.6,-0.016666666666666607,89.5,12.600000000000001,100.0,1.1,1.5251156249764302,99.33333333333333,1.5,11.266666666666666,0.0,,,,,,0,0,0.525,87.75,11.900000000000002,99.5,0.47500000000000003,1,0.49346814167723735,0.8697638720650646,2024-2025,0
2025-01-31,1.9000000000000001,1.3,-0.0,0.3833333333333333,87.0,3.7,98.0,1.8,1.8936050203882275,100.0,0.6000000000000001,4.266666666666667,0.0,,,,,,0,0,-0.07499999999999996,87.75,4.324999999999999,99.0,0.525,1,0.5083564379375122,0.8611467540480452,2024-2025,0
2025-02-01,0.7,0.0,0.1,1.4333333333333333,90.5,5.05,84.5,0.0,1.3485783401255333,78.0,0.0,7.333333333333333,11.0,,,,,,0,0,-2.7249999999999996,88.75,6.4,80.5,0.0,2,0.5230943033491326,0.8522748088519838,2024-2025,0
2025-02-02,1.5,0.5,1.4,1.0166666666666666,95.0,2.8,100.0,0.2,0.7142676725103447,100.0,0.30000000000000004,2.233333333333333,0.0,,,,,,0,3,2.025,92.5,2.5,100.0,0.1,2,0.5376773767406141,0.8431506618282,2024-2025,1
2025-02-03,0.0,0.0,-0.9,2.966666666666667,89.0,7.4,100.0,0.0,1.6081943227950868,100.0,0.0,7.133333333333333,22.0,,,,,,0,0,1.475,88.0,7.300000000000001,100.0,0.0,2,0.5521013427459208,0.8337770129585915,2024-2025,0
2025-02-04,4.6,1.2,-0.4,2.4833333333333334,90.5,6.9,100.0,2.5999999999999996,1.3619903006117795,98.66666666666667,3.1999999999999997,6.533333333333334,0.0,,,,,,0,0,-0.675,89.75,6.800000000000001,99.0,1.15,2,0.5663619330814524,0.8241566360566663,2024-2025,0
2025-02-05,5.1000000000000005,0.8999999999999999,-3.6,1.4333333333333336,86.0,6.25,81.5,1.4,1.9942548351526561,84.0,1.7000000000000002,4.033333333333333,0.0,,,,,,0,0,-4.125000000000001,80.5,4.875,85.25,0.625,2,0.580454927809098,0.8142923779467267,2024-2025,0
2025-02-06,2.0999999999999996,1.0,-4.3,1.5166666666666666,85.0,5.35,99.5,1.3,2.152886574957508,100.0,1.2000000000000002,6.8999999999999995,0.0,,,,,,0,0,-3.2750000000000004,84.75,6.45,99.75,0.55,2,0.5943761565849831,0.804187157621448,2024-2025,0
2025-02-07,1.6,2.1,-3.6,2.783333333333333,85.0,5.949999999999999,92.0,0.8,2.164545630629384,94.66666666666667,1.1,5.966666666666666,0.0,,,,,,0,0,-2.9250000000000003,87.25,6.125,96.0,0.325,2,0.6081214998935418,0.7938439653781019,2024-2025,0
2025-02-08,8.6,0.9,-3.1,2.0666666666666664,80.5,10.55,99.5,1.4,2.8886674752151604,93.66666666666667,1.4,10.0,0.0,,,,,,0,0,-2.45,82.0,10.3,95.25,0.5499999999999999,2,0.6216868902665479,0.7832658619336791,2024-2025,0
2025-02-09,5.4,2.4,-4.0,2.75,70.5,3.5,67.0,3.0,4.583128843309137,62.333333333333336,2.2,2.8333333333333335,0.0,,,,,,0,0,-3.1,70.25,3.0,64.5,1.0,2,0.6350683134867438,0.7724559775191742,2024-2025,0
2025-02-10,4.6,4.3,-2.5,0.1499999999999999,79.0,1.45,66.5,0.0,3.1514629595327697,80.66666666666667,0.3,2.6333333333333333,4.0,,,,,,0,0,-1.65,81.5,2.1,71.5,0.075,2,0.6482618097757122,0.7614175109532997,2024-2025,0
2025-02-11,3.8,1.5,-1.2,1.8833333333333333,83.5,7.0,78.0,0.6,2.4312527088946783,57.0,0.1,7.966666666666666,0.0,,,,,,0,0,-0.725,84.25,7.925,67.25,0.15,2,0.6612634749656386,0.7501537286959042,2024-2025,0
2025-02-12,0.0,0.0,-7.3,7.1499999999999995,88.5,10.5,94.5,0.0,1.5796954112466892,75.0,0.0,10.4,24.0,,,,,,0,0,-6.275,82.0,10.425,81.25,0.0,2,0.6740694616546161,0.7386679638813748,2024-2025,0
2025-02-13,5.8,3.8,4.7,0.08333333333333393,90.5,17.4,95.5,1.5,1.411732010722453,92.66666666666667,2.1,19.3,0.0,,,,,,0,0,3.1500000000000004,90.25,18.45,94.5,0.7,2,0.6866759803451553,0.726963615332308,2024-2025,0
2025-02-14,0.6000000000000001,0.4,1.0,0.0,89.0,4.7,100.0,0.5,1.6095087595771311,100.0,0.30000000000000004,4.0,0.0,,,,,,0,0,1.5,86.0,4.25,100.0,0.15,2,0.6990793005655562,0.7150441465537444,2024-2025,0
2025-02-15,0.2,0.2,2.3,0.8833333333333337,75.0,1.25,13.0,0.0,3.949617283568571,1.3333333333333333,0.0,3.6,5.0,,,,,,0,0,0.2250000000000001,79.5,2.9749999999999996,6.75,0.0,2,0.7112757519738152,0.7029130847082615,2024-2025,0
2025-02-16,0.0,0.1,3.5,0.8833333333333337,90.5,6.9,71.5,0.7,1.404327964921593,81.0,0.1,6.133333333333333,0.0,,,,,,0,1,3.1500000000000004,90.0,6.324999999999999,85.75,0.175,2,0.7232617254437388,0.6905740195722294,2024-2025,0
2025-02-17,0.0,0.0,1.8,2.033333333333333,83.0,4.050000000000001,73.0,0.0,2.570687771472006,84.33333333333333,0.5,5.2,2.0,,,,,,0,1,1.65,85.5,4.575000000000001,82.25,0.125,2,0.7350336741329412,0.6780306024735382,2024-2025,0
2025-02-18,2.5999999999999996,0.4,-3.5,3.1166666666666667,84.0,5.199999999999999,80.0,0.30000000000000004,2.3004722268100135,80.66666666666667,0.8999999999999999,4.433333333333333,0.0,,,,,,0,0,-3.8000000000000003,74.25,4.6,81.0,0.275,2,0.746588114532413,0.6652865452111116,2024-2025,0
2025-02-19,2.4,0.8999999999999999,-1.9,-0.3166666666666669,81.5,10.55,92.5,0.8,2.730635298002415,86.33333333333333,0.8,8.633333333333333,0.0,,,,,,0,0,-2.475,82.25,9.125,88.5,0.35000000000000003,2,0.7579216274973472,0.6523456189565257,2024-2025,0
2025-02-20,4.6,2.2,-5.4,2.966666666666667,79.0,3.75,85.0,0.2,3.0790945169771637,82.66666666666667,0.30000000000000004,3.8000000000000003,0.0,,,,,,0,0,-4.425,78.0,3.75,83.75,0.1,2,0.7690308592589181,0.6392116531380588,2024-2025,0
2025-02-21,0.1,0.1,-9.1,4.866666666666666,84.5,8.9,86.5,0.0,2.1239835951858392,80.0,0.0,7.266666666666666,5.0,,,,,,0,0,-8.35,80.25,7.65,83.5,0.0,2,0.7799125224167177,0.6258885343075018,2024-2025,0
2025-02-22,0.0,0.0,-6.6,2.7333333333333325,77.0,6.3,98.0,3.3,3.3978854848533153,96.0,1.6,4.933333333333334,0.0,,,,,,0,0,-4.225,80.0,5.2749999999999995,96.0,0.875,2,0.7905633969115482,0.612380204990065,2024-2025,0
2025-02-23,0.7,0.0,-4.8,2.3,81.0,4.7,77.0,0.2,2.768973745678328,80.33333333333333,0.30000000000000004,7.1000000000000005,0.0,,,,,,0,0,-4.35,82.75,6.200000000000001,78.25,0.1,2,0.8009803309782905,0.5986906625177214,2024-2025,0
2025-02-24,1.2,0.3,-5.7,2.2833333333333337,87.0,5.75,100.0,0.0,1.8165499284370616,98.66666666666667,0.0,2.533333333333333,2.0,,,,,,0,0,-4.8,85.25,3.325,99.0,0.0,2,0.8111602420785621,0.5848239578463322,2024-2025,0
2025-02-25,3.0,0.1,-0.3,-0.3166666666666667,85.5,1.4,77.0,0.0,2.1332606769474722,44.666666666666664,0.0,1.8,3.0,,,,,,0,0,-0.625,83.75,1.6749999999999998,52.0,0.0,2,0.8211001178128892,0.5707841943569036,2024-2025,0
2025-02-26,0.0,0.0,-0.4,0.3166666666666667,69.5,5.3,100.0,0.4,5.012305046652058,100.0,0.9000000000000001,2.6333333333333333,0.0,,,,,,0,0,2.25,76.25,3.8,100.0,0.275,2,0.8307970168121247,0.5565755266413303,2024-2025,0
2025-02-27,0.0,0.0,0.9,2.1833333333333336,77.5,0.9,43.5,0.0,3.483155270042175,29.0,0.0,1.6333333333333335,15.0,,,,,,0,0,1.3,75.0,1.5499999999999998,36.75,0.0,2,0.8402480696078469,0.5422021592729844,2024-2025,0
2025-02-28,0.0,0.0,-3.2,4.1000000000000005,81.0,9.85,99.5,0.0,2.8421206931916076,97.33333333333333,0.0,8.566666666666666,24.0,,,,,,0,0,0.8749999999999999,75.0,8.825,98.0,0.0,2,0.8494504794814806,0.527668345562516,2024-2025,0
2025-03-01,0.0,0.0,1.4,3.1333333333333333,98.0,7.15,83.0,0.0,0.279067915905051,53.333333333333336,0.0,6.733333333333334,13.0,,,,,,0,0,1.4,94.0,6.65,64.0,0.0,3,0.8584015232918917,0.512978386299228,2024-2025,0
2025-03-02,0.0,0.0,3.4,0.5,88.5,7.4,100.0,0.0,1.731151850941294,100.0,0.0,7.2,24.0,,,,,,0,0,4.825,86.5,7.175,100.0,0.0,3,0.8670985522812081,0.4981366284784055,2024-2025,0
2025-03-03,0.6000000000000001,0.7,4.1,2.4833333333333334,99.5,5.25,100.0,1.6,0.07090336516007323,100.0,3.5,3.866666666666667,0.0,,,,,,0,3,3.15,96.25,4.975,100.0,1.1,3,0.8755389928586302,0.4831474640149687,2024-2025,0
2025-03-04,0.0,0.0,-1.6,1.1666666666666667,83.5,0.75,100.0,0.0,2.469457021219136,100.0,0.30000000000000004,1.0,17.0,,,,,,0,0,1.05,83.25,1.025,100.0,0.07500000000000001,3,0.8837203473619977,0.4680153284438345,2024-2025,0
2025-03-05,7.1,1.4,4.6,-1.316666666666666,82.0,1.75,100.0,1.0,2.8235639023457098,100.0,1.2,1.9000000000000001,0.0,,,,,,0,3,5.3,83.0,1.625,100.0,0.325,3,0.8916401947968874,0.45274469960737107,2024-2025,0
2025-03-06,0.7999999999999999,0.1,3.3,0.8666666666666671,90.5,6.35,96.5,0.0,1.4014854089148445,99.0,0.0,6.5,2.0,,,,,,0,0,3.2,88.0,6.675000000000001,98.25,0.0,3,0.8992961915530253,0.4373400963303323,2024-2025,0
2025-03-07,0.2,0.2,-0.2,1.6,86.0,7.6,72.5,0.0,2.0579042644679295,42.0,0.0,6.433333333333333,3.0,,,,,,0,0,0.25,79.5,6.75,49.75,0.0,3,0.9066860720977985,0.4218060770826634,2024-2025,0
2025-03-08,0.0,0.0,-5.6,4.75,78.5,5.3,100.0,0.0,3.1398633020418707,100.0,0.0,3.1999999999999997,24.0,,,,,,0,0,-4.125,74.5,3.8,100.0,0.0,3,0.9138076496466615,0.40614723863057883,2024-2025,0
2025-03-09,0.1,0.2,1.2,-0.4833333333333333,83.0,4.0,74.5,0.0,2.5623237377990233,41.666666666666664,0.0,5.566666666666666,4.0,,,,,,0,0,1.85,77.75,5.3,52.0,0.0,3,0.9206588168102428,0.3903682146763026,2024-2025,0
2025-03-10,0.0,0.0,-6.2,7.0166666666666675,89.0,7.25,23.5,0.0,1.5066758084683238,20.333333333333332,0.0,6.966666666666666,24.0,,,,,,0,0,-5.0,82.75,6.95,20.25,0.0,3,0.9272375462179537,0.374473674486883,2024-2025,0
2025-03-11,0.0,0.0,4.8,-0.16666666666666607,87.5,10.7,100.0,0.1,1.9062165507958615,100.0,0.2,10.700000000000001,0.0,,,,,,0,2,5.550000000000001,85.5,10.575,100.0,0.05,3,0.9335418911179212,0.35846832151248087,2024-2025,0
2025-03-12,0.1,0.1,3.6,1.6999999999999997,93.5,13.3,90.0,0.0,0.9580789964810443,86.0,0.0,12.233333333333334,6.0,,,,,,0,0,5.6499999999999995,88.0,12.575,85.25,0.0,3,0.9395699859530622,0.342356891994542,2024-2025,0
2025-03-13,1.7999999999999998,0.6,6.0,-0.8166666666666673,94.0,1.15,28.0,0.0,0.8958909291144028,77.33333333333333,0.2,1.366666666666667,5.0,,,,,,0,2,7.025,91.25,1.2,60.5,0.05,3,0.945320046913132,0.3261441535642696,2024-2025,0
2025-03-14,0.0,0.0,-2.1,6.200000000000001,90.0,5.5,100.0,0.0,1.4147631040720339,100.0,0.0,5.2,20.0,,,,,,0,0,-0.7,83.5,5.25,100.0,0.0,3,0.9507903724625832,0.3098349038318025,2024-2025,0
2025-03-15,0.0,0.0,-3.7,5.216666666666667,76.0,6.949999999999999,100.0,0.0,3.6265754560954226,100.0,0.0,6.266666666666666,24.0,,,,,,0,0,-1.975,73.75,6.6,100.0,0.0,3,0.9559793438440766,0.2934339689665273,2024-2025,0
2025-03-16,1.8,0.30000000000000004,3.3,0.46666666666666634,88.0,1.3,100.0,2.4,1.807202121995894,100.0,4.0,0.4666666666666666,0.0,,,,,,0,3,4.125,88.0,0.9,100.0,1.35,3,0.9608854255574977,0.27694620226893646,2024-2025,0
2025-03-17,3.8,1.9,2.9,1.4166666666666674,99.5,6.0,100.0,4.300000000000001,0.07055823268241301,100.0,7.7,4.066666666666666,0.0,,,,,,0,0,2.5,99.0,4.775,100.0,2.325,3,0.9655071658143364,0.2603764827344581,2024-2025,0
2025-03-18,0.1,0.0,-5.0,6.316666666666666,83.5,4.6,71.5,0.0,2.3380142482631063,54.333333333333336,0.0,4.366666666666667,12.0,,,,,,0,0,-4.25,80.75,4.2749999999999995,56.25,0.0,3,0.969843196967294,0.24372971360968387,2024-2025,0
2025-03-19,10.8,1.7999999999999998,1.4,1.3166666666666669,94.0,7.35,100.0,1.2999999999999998,0.8593502053111771,100.0,0.7999999999999999,7.066666666666666,0.0,,,,,,0,0,1.525,91.75,7.35,100.0,0.375,3,0.9738922359149924,0.22701082094141847,2024-2025,0
2025-03-20,1.0,0.1,-0.3,1.0,87.0,3.05,100.0,0.0,1.9013978667456954,100.0,0.0,3.6,2.0,,,,,,0,0,0.7,82.75,3.3999999999999995,100.0,0.0,3,0.9776530844816641,0.2102247521189836,2024-2025,0
2025-03-21,0.0,0.0,-1.8,1.4333333333333333,82.0,13.2,17.0,0.0,2.6983254718419665,6.0,0.0,11.066666666666665,24.0,,,,,,0,0,2.075,74.25,11.549999999999999,10.25,0.0,3,0.981124629771712,0.19337647441020586,2024-2025,0
2025-03-22,0.0,0.0,2.5,1.7333333333333334,90.0,13.75,0.0,0.0,1.4728135306033623,0.0,0.0,9.9,24.0,,,,,,0,0,4.2,82.0,10.875,0.0,0.0,3,0.984305844499033,0.17647097349152166,2024-2025,0
2025-03-23,0.0,0.0,4.3,2.166666666666666,58.5,1.35,0.0,0.0,7.614615891710664,0.0,0.0,1.7666666666666668,24.0,,,,,,0,0,8.375,61.75,1.6749999999999998,0.0,0.0,3,0.9871957872910085,0.15951325197263655,2024-2025,0
2025-03-24,0.0,0.0,1.6,7.100000000000001,81.0,13.45,100.0,0.0,2.974485872746918,100.0,0.0,13.133333333333335,24.0,,,,,,0,0,6.199999999999999,73.75,13.274999999999999,100.0,0.0,3,0.9897936029670716,0.14250832791617088,2024-2025,0
2025-03-25,1.1,0.0,4.4,2.416666666666666,85.5,14.8,44.5,0.0,2.2252757508509715,37.0,0.0,13.233333333333334,11.0,,,,,,0,0,7.45,76.0,13.700000000000001,39.25,0.0,3,0.992098522791769,0.12546123335273648,2024-2025,0
2025-03-26,0.0,0.0,9.3,2.8166666666666664,86.5,3.5500000000000003,55.0,0.4,2.1595352762779125,27.0,0.4,8.266666666666666,0.0,,,,,,0,3,10.975000000000001,90.25,6.875,38.75,0.17500000000000002,3,0.9941098647022418,0.10837701279187609,2024-2025,0
2025-03-27,0.0,0.0,6.9,0.33333333333333304,41.5,19.4,47.5,0.0,12.545036725119633,1.6666666666666667,0.0,20.1,22.0,,,,,,0,0,12.375,41.75,19.95,25.0,0.0,3,0.9958270335100595,0.09126072172931188,2024-2025,0
2025-03-28,15.600000000000001,8.3,12.1,3.416666666666668,100.0,11.8,100.0,18.3,1.7763568394002505e-15,100.0,9.1,6.533333333333334,0.0,,,,,,0,2,11.399999999999999,99.0,7.9,100.0,4.75,3,0.9972495210773451,0.07411742515094437,2024-2025,0
2025-03-29,0.1,0.0,4.0,2.716666666666666,97.0,9.850000000000001,100.0,0.30000000000000004,0.4310957524578751,96.66666666666667,0.1,8.666666666666666,0.0,,,,,,0,1,3.7249999999999996,92.75,9.075000000000001,97.5,0.07500000000000001,3,0.998376906467142,0.056952196034039754,2024-2025,0
2025-03-30,0.0,0.0,2.3,2.4000000000000004,64.5,4.55,98.0,0.0,6.0325909250716165,98.66666666666667,1.5,6.3999999999999995,24.0,,,,,,0,0,2.9000000000000004,75.5,5.625,99.0,0.375,3,0.9992088560679753,0.03977011384605572,2024-2025,0
2025-03-31,0.0,0.0,-1.2,3.0666666666666664,91.5,3.95,1.5,0.0,1.2033377193166752,10.333333333333334,0.0,4.6,13.0,,,,,,0,0,-0.275,82.0,4.2,7.75,0.0,3,0.9997451236925734,0.022576263041545485,2024-2025,0
2025-04-01,0.0,0.0,1.7,0.08333333333333348,85.5,0.75,100.0,0.0,2.209212284507797,100.0,0.0,2.1333333333333333,24.0,,,,,,0,0,4.949999999999999,79.0,1.675,100.0,0.0,4,0.9999855506507186,0.005375731557583884,2024-2025,0
2025-04-02,0.1,0.0,5.0,2.05,96.5,3.8499999999999996,99.0,0.0,0.5131204790198014,98.33333333333333,0.0,3.9000000000000004,7.0,,,,,,0,0,7.0,91.5,3.8249999999999997,98.75,0.0,4,0.9999300657962057,-0.011826390691832589,2024-2025,0
2025-04-03,0.4,0.2,8.0,1.0333333333333332,99.0,7.0,100.0,0.7,0.1474230922158668,89.33333333333333,0.7,7.199999999999999,0.0,,,,,,0,3,7.874999999999999,96.0,7.375,92.0,0.25,4,0.9995786855478958,-0.029025013321975237,2024-2025,0
2025-04-04,2.2,0.7,5.8,1.3166666666666664,99.0,7.4,73.0,0.0,0.14490646817321906,90.33333333333333,0.1,8.4,5.0,,,,,,0,1,6.125,92.5,8.275,80.5,0.025,4,0.9989315138848577,-0.046215046983708354,2024-2025,0
2025-04-05,0.0,0.0,0.4,5.016666666666667,97.5,6.949999999999999,24.5,0.0,0.34661537016069177,57.0,0.0,5.633333333333333,15.0,,,,,,0,0,3.025,79.5,6.175,46.0,0.0,4,0.9979887423155984,-0.06339140486951038,2024-2025,0
2025-04-06,0.0,0.0,8.3,2.6833333333333336,87.5,19.450000000000003,98.0,14.8,1.9585848456462989,97.33333333333333,12.0,17.8,0.0,,,,,,0,3,9.125,87.25,18.875,97.25,5.45,4,0.9967506498213929,-0.08054900421874167,2024-2025,0
2025-04-07,0.0,0.0,4.7,5.166666666666665,92.0,1.1,2.0,0.0,1.1808323682615023,9.0,0.0,1.9333333333333333,14.0,,,,,,0,0,6.2749999999999995,85.0,1.7,7.5,0.0,4,0.9952176027737294,-0.09768276782171598,2024-2025,0
2025-04-08,0.0,0.0,1.7,5.533333333333333,90.0,10.399999999999999,97.5,0.0,1.4668368669596714,58.666666666666664,0.0,10.0,19.0,,,,,,0,0,6.625,72.5,9.924999999999999,68.0,0.0,4,0.9933900548258936,-0.11478762552212701,2024-2025,0
2025-04-09,9.2,0.5,7.7,2.2833333333333323,98.5,7.6,79.0,0.30000000000000004,0.22154001666181689,70.0,0.1,8.233333333333333,0.0,,,,,,0,1,8.149999999999999,93.75,8.125,75.0,0.07500000000000001,4,0.9912685467787256,-0.13185851571739118,2024-2025,0
2025-04-10,0.0,0.0,8.9,-0.43333333333333357,68.0,17.549999999999997,100.0,0.0,5.660576991673456,100.0,0.0,18.333333333333332,24.0,,,,,,0,0,12.375000000000002,65.75,18.099999999999998,100.0,0.0,4,0.9888537064205885,-0.1488903868564548,2024-2025,0
2025-04-11,0.4,0.1,10.5,2.0833333333333357,95.5,9.05,82.0,1.2,0.6861086377076724,60.333333333333336,1.6,6.833333333333333,0.0,,,,,,0,3,11.274999999999999,94.75,7.300000000000001,68.75,0.45,4,0.986146248341595,-0.16587819893463143,2024-2025,0
2025-04-12,0.1,0.0,8.3,1.9000000000000004,98.0,5.9,98.0,0.0,0.29616699130093505,89.33333333333333,0.0,5.6000000000000005,7.0,,,,,,0,0,8.674999999999999,90.75,5.6,92.0,0.0,4,0.9831469737221499,-0.1828169249850199,2024-2025,0
2025-04-13,0.0,0.0,14.1,0.75,94.0,18.95,100.0,2.1,0.9449319074921494,100.0,6.1,26.03333333333333,0.0,,,,,,0,3,13.1,94.0,24.025,100.0,1.75,4,0.9798567700958665,-0.1997015525660636,2024-2025,0
2025-04-14,17.2,1.8,4.6,0.8666666666666663,86.0,0.5,42.0,0.0,2.163015905005915,2.3333333333333335,0.0,2.3333333333333335,2.0,,,,,,0,0,7.6000000000000005,81.25,1.9,21.25,0.0,4,0.9762766110869321,-0.21652708524481437,2024-2025,0
2025-04-15,6.6,0.0,9.0,2.816666666666668,87.0,10.899999999999999,60.5,0.8,2.054098366974679,24.666666666666668,0.2,14.9,1.0,,,,,,0,2,9.6,79.5,13.725,43.5,0.25,4,0.9724075561219968,-0.23328854407545518,2024-2025,0
2025-04-16,4.0,1.8,4.0,0.75,99.5,7.5,91.0,0.2,0.07124933943659739,76.0,0.1,7.599999999999999,0.0,,,,,,0,1,5.525,94.0,7.175000000000001,79.25,0.05,4,0.9682507501166718,-0.2499809690726521,2024-2025,0
2025-04-17,0.0,0.0,6.3,0.8333333333333339,76.0,12.95,97.0,0.1,3.962687054637293,53.666666666666664,0.1,11.966666666666667,0.0,,,,,,0,1,11.025,69.25,12.15,63.75,0.025,4,0.9638074231367307,-0.26659942067929354,2024-2025,0
2025-04-18,0.0,0.0,12.4,2.716666666666667,84.5,12.899999999999999,100.0,0.0,2.555781256832807,100.0,0.0,12.966666666666667,24.0,,,,,,0,0,15.175,79.25,12.899999999999999,100.0,0.0,4,0.9590788900341131,-0.28313898122818354,2024-2025,0
2025-04-19,1.8,0.0,12.8,3.849999999999998,98.5,7.75,35.5,0.0,0.23037120976282566,20.0,0.0,5.766666666666667,8.0,,,,,,0,0,15.55,92.5,6.25,26.5,0.0,4,0.9540665500578387,-0.2995947563972602,2024-2025,0
2025-04-20,0.0,0.0,17.2,2.900000000000002,84.5,9.15,100.0,0.0,2.623708349739566,100.0,0.0,7.8999999999999995,24.0,,,,,,0,0,17.6,81.0,8.375,100.0,0.0,4,0.9487718864399473,-0.31596187665790293,2024-2025,0
2025-04-21,1.0,0.0,10.9,3.5666666666666664,96.5,7.0,99.0,0.0,0.5305835459780806,74.0,0.0,6.8,9.0,,,,,,0,0,10.475000000000001,92.25,6.75,80.5,0.0,4,0.9431964659565866,-0.33223549871590435,2024-2025,0
2025-04-22,0.0,0.0,15.0,-1.8833333333333346,83.5,15.95,100.0,0.0,2.778203943649979,94.0,0.0,17.46666666666667,24.0,,,,,,0,0,16.3,79.0,17.0,95.5,0.0,4,0.9373419384643772,-0.3484108069446808,2024-2025,0
2025-04-23,1.5,4.9,16.7,0.9666666666666686,88.0,27.05,100.0,12.1,2.003211429209129,100.0,18.0,19.933333333333334,0.0,,,,,,0,3,16.825,91.75,21.85,100.0,5.7,4,0.9312100364121947,-0.3644830148102912,2024-2025,0
2025-04-24,2.0,0.5,11.1,2.9333333333333336,100.0,8.25,100.0,0.4,0.0,100.0,0.6000000000000001,7.166666666666667,0.0,,,,,,0,3,10.6,99.0,7.275,100.0,0.2,4,0.9248025743285089,-0.38044736628785164,2024-2025,0
2025-04-25,0.0,0.0,9.8,0.08333333333333215,57.5,0.6,100.0,0.0,8.157010042490345,100.0,0.0,7.666666666666667,18.0,,,,,,0,0,13.3,62.25,5.9,100.0,0.0,4,0.9181214482844365,-0.39629913726891813,2024-2025,0
2025-04-26,0.0,0.0,3.3,5.45,88.0,3.5500000000000003,0.0,0.0,1.8057443868263565,0.0,0.0,4.233333333333333,24.0,,,,,,0,0,6.699999999999999,72.75,3.8499999999999996,0.0,0.0,4,0.9111686353326631,-0.41203363695942635,2024-2025,0
2025-04-27,0.0,0.0,3.7,5.55,67.5,10.7,6.5,0.0,5.504146361228549,23.666666666666668,0.0,7.166666666666667,24.0,,,,,,0,0,9.8,58.75,7.925,21.0,0.0,4,0.9039461929224011,-0.42764620926777464,2024-2025,0
2025-04-28,0.0,0.0,13.0,2.133333333333333,73.5,10.7,100.0,0.0,4.626763442796712,100.0,0.0,8.666666666666668,24.0,,,,,,0,0,14.7,69.0,9.274999999999999,100.0,0.0,4,0.8964562582905575,-0.44313223418263453,2024-2025,0
2025-04-29,0.30000000000000004,0.1,9.0,2.8999999999999986,94.0,7.15,42.0,0.0,0.9146266219383605,30.333333333333332,0.4,12.433333333333332,3.0,,,,,,0,1,9.3,89.25,10.325,37.25,0.1,4,0.8887010478292915,-0.45848712914008766,2024-2025,0
2025-04-30,0.0,0.0,4.7,4.283333333333332,90.5,2.9000000000000004,26.5,0.0,1.4243060269624852,9.666666666666666,0.0,3.966666666666667,13.0,,,,,,0,0,7.525,77.75,3.6500000000000004,13.25,0.0,4,0.8806828564301475,-0.47370635037968,2024-2025,0
2025-05-01,0.0,0.0,9.3,2.5999999999999996,67.0,15.15,0.0,0.0,5.895903035802255,0.0,0.0,16.46666666666667,24.0,,,,,,0,0,14.149999999999999,61.5,16.1,0.0,0.0,5,0.8724040568049612,-0.48878539428899265,2024-2025,0
2025-05-02,0.0,0.0,15.7,1.0500000000000007,70.0,32.85,100.0,0.6,5.435923119902094,100.0,3.0999999999999996,27.900000000000002,0.0,,,,,,0,3,14.675,77.5,28.875,100.0,0.7999999999999999,5,0.8638670987837349,-0.503719798736334,2024-2025,0
2025-05-03,0.6,0.30000000000000004,9.6,0.8999999999999986,95.0,4.65,91.5,0.1,0.7628881402742991,79.0,0.0,4.666666666666667,1.0,,,,,,0,0,10.35,89.75,4.7,81.75,0.025,5,0.8550745085896932,-0.518505144391157,2024-2025,0
2025-05-04,0.5,0.0,13.4,3.6833333333333353,99.5,7.25,100.0,1.0,0.07645023906512982,98.66666666666667,1.0,6.966666666666666,0.0,,,,,,0,3,12.625,97.25,7.375,99.0,0.42500000000000004,5,0.8460288880917339,-0.533137056031809,2024-2025,0
2025-05-05,0.0,0.0,5.1,5.083333333333336,65.0,1.55,2.0,0.0,6.176856410015728,4.666666666666667,0.0,3.633333333333333,15.0,,,,,,0,0,10.975000000000001,62.25,3.05,3.5,0.0,5,0.8367329140344921,-0.5476112038402312,2024-2025,0
2025-05-06,0.0,0.6000000000000001,11.8,2.8499999999999996,87.5,9.9,100.0,0.0,2.027400613077182,100.0,1.9000000000000001,13.566666666666668,2.0,,,,,,0,2,13.125,89.0,12.1,100.0,0.47500000000000003,5,0.8271893372462497,-0.5619233046832195,2024-2025,0
2025-05-07,10.899999999999999,2.6,10.8,2.666666666666666,98.5,10.7,60.5,0.1,0.22651425566133732,58.0,0.5,11.799999999999999,1.0,,,,,,0,2,10.999999999999998,94.75,11.649999999999999,64.0,0.15000000000000002,5,0.8174009818249189,-0.5760691233798758,2024-2025,0
2025-05-08,0.0,0.0,5.6,3.4833333333333343,89.5,5.75,0.0,0.0,1.599054366996917,0.0,0.0,3.1666666666666665,21.0,,,,,,0,0,9.6,77.75,3.8,0.0,0.0,5,0.8073707443023492,-0.5900444739548627,2024-2025,0
2025-05-09,0.0,0.0,16.2,-1.633333333333331,80.0,9.05,100.0,0.0,3.4542660947211115,100.0,0.0,12.733333333333334,24.0,,,,,,0,0,16.725,78.25,11.5,100.0,0.0,5,0.7971015927871943,-0.6038452208771035,2024-2025,0
2025-05-10,23.1,7.4,17.2,-1.8166666666666664,89.5,22.9,100.0,21.5,1.7481346666653543,100.0,27.8,20.73333333333333,0.0,,,,,,0,3,18.424999999999997,88.25,22.074999999999996,100.0,8.875,5,0.7865965660866021,-0.6174672802835514,2024-2025,0
2025-05-11,4.300000000000001,2.3,12.4,2.2499999999999982,94.5,7.15,94.5,1.4,0.8581390811253744,91.0,1.1,6.2,0.0,,,,,,0,2,12.850000000000001,92.75,6.300000000000001,93.25,0.425,5,0.7758587728069828,-0.6309066211876704,2024-2025,0
2025-05-12,2.0999999999999996,1.9,13.3,1.049999999999999,96.5,3.65,100.0,0.7,0.5445090849468972,100.0,0.5,2.8333333333333335,0.0,,,,,,0,2,13.6,95.75,2.875,100.0,0.19999999999999998,5,0.7648913904341226,-0.6441592666722685,2024-2025,0
2025-05-13,0.0,0.0,9.0,4.566666666666665,87.0,2.9,0.0,0.0,2.0638363514562306,0.0,0.0,2.2666666666666666,18.0,,,,,,0,0,13.149999999999999,76.0,2.4250000000000003,0.0,0.0,5,0.753697664392914,-0.6572212950663319,2024-2025,0
2025-05-14,0.0,0.0,13.2,2.4833333333333325,83.0,10.8,100.0,0.0,2.8377565345813096,100.0,0.0,8.933333333333334,24.0,,,,,,0,0,15.95,78.5,9.4,100.0,0.0,5,0.742280907086982,-0.6700888411055113,2024-2025,0
2025-05-15,0.0,0.0,12.9,4.633333333333335,86.0,9.05,100.0,0.0,2.3080938307797023,96.0,0.0,7.6000000000000005,24.0,,,,,,0,0,16.475,78.75,8.200000000000001,97.0,0.0,5,0.7306444969184916,-0.6827580970759147,2024-2025,0
2025-05-16,0.0,0.0,15.5,2.6833333333333336,86.5,10.899999999999999,100.0,0.0,2.2537905254878883,100.0,0.0,9.066666666666666,24.0,,,,,,0,0,18.125,81.0,9.575,100.0,0.0,5,0.7187918772884232,-0.6952253139408722,2024-2025,0
2025-05-17,0.30000000000000004,0.1,18.0,1.5666666666666664,88.5,28.0,100.0,2.0,1.9290439318615356,100.0,8.9,27.0,0.0,,,,,,0,3,18.425,88.75,27.674999999999997,100.0,2.45,5,0.7067265555776158,-0.7074868024503348,2024-2025,0
2025-05-18,0.7,0.3,18.9,0.8000000000000007,94.0,1.9,100.0,0.2,0.9971641998593377,96.0,0.6000000000000001,2.4,0.0,,,,,,0,3,20.95,93.75,2.3249999999999997,97.0,0.17500000000000002,5,0.6944521021088763,-0.719538934232584,2024-2025,0
2025-05-19,0.0,0.0,15.1,2.716666666666667,98.5,2.4000000000000004,99.5,0.0,0.23407906703478432,78.33333333333333,0.0,1.6000000000000003,14.0,,,,,,0,0,15.725000000000001,88.75,1.875,83.75,0.0,5,0.6819721490904629,-0.7313781428679254,2024-2025,0
2025-05-20,0.0,0.0,16.2,2.450000000000003,84.0,13.2,21.5,0.0,2.708957559927068,9.333333333333334,0.0,8.366666666666665,24.0,,,,,,0,0,19.299999999999997,77.5,9.725,11.0,0.0,5,0.6692903895412567,-0.7430009249440493,2024-2025,0
2025-05-21,0.0,0.0,18.2,3.1499999999999986,92.5,10.45,87.0,0.0,1.2381008796228201,69.66666666666667,0.0,6.533333333333332,24.0,,,,,,0,0,21.275,84.75,7.574999999999999,77.25,0.0,5,0.6564105761979381,-0.7544038410927472,2024-2025,0
2025-05-22,0.2,0.2,20.4,1.283333333333335,91.0,2.9,100.0,0.0,1.518018026844583,100.0,0.0,3.733333333333333,3.0,,,,,,0,0,20.949999999999996,88.75,3.175,100.0,0.0,5,0.6433365204044917,-0.765583517007675,2024-2025,0
2025-05-23,0.0,0.0,13.0,4.433333333333334,90.5,8.0,94.0,0.0,1.5215612131013145,55.0,0.0,5.466666666666666,14.0,,,,,,0,0,14.8,81.75,6.3500000000000005,65.75,0.0,5,0.6300720909843687,-0.7765366444428655,2024-2025,0
2025-05-24,0.0,0.0,16.2,1.8333333333333357,74.5,12.0,100.0,0.0,4.558413604157126,100.0,0.0,12.333333333333334,24.0,,,,,,0,0,17.575000000000003,72.75,12.274999999999999,100.0,0.0,5,0.6166212130956382,-0.7872599821916922,2024-2025,0
2025-05-25,14.600000000000001,3.8,17.2,-0.14999999999999858,98.0,2.55,100.0,0.9,0.31902012129120294,100.0,0.9,6.133333333333333,0.0,,,,,,0,3,17.475,98.25,5.25,100.0,0.42500000000000004,5,0.6029878670694714,-0.7977503570459932,2024-2025,0
2025-05-26,1.4,0.5,11.8,1.633333333333331,98.0,7.5,100.0,0.0,0.30556606127400165,100.0,0.0,7.366666666666667,4.0,,,,,,0,0,12.625,91.75,7.425000000000001,100.0,0.0,5,0.5891760872322963,-0.8080046647350754,2024-2025,0
2025-05-27,0.0,0.0,11.6,2.0666666666666664,89.5,8.95,100.0,0.0,1.6812805098438872,100.0,0.0,6.1000000000000005,24.0,,,,,,0,0,15.325,82.75,6.8,100.0,0.0,5,0.5751899607119775,-0.8180198708443175,2024-2025,1
2025-05-28,3.6,0.0,12.3,4.033333333333331,96.5,7.800000000000001,7.5,0.0,0.5445090849468972,3.0,0.0,3.6,7.0,,,,,,0,0,15.975000000000001,86.75,4.9,3.75,0.0,5,0.5610336262283677,-0.8277930117131022,2024-2025,0
2025-05-29,0.0,0.0,16.3,1.0833333333333321,89.0,8.95,100.0,0.0,1.8231875816057475,100.0,0.0,8.6,24.0,,,,,,0,0,18.225,83.25,8.7,100.0,0.0,5,0.5467112728685939,-0.8373211953118121,2024-2025,0
2025-05-30,1.3,2.0,16.1,1.716666666666665,97.0,4.1,99.5,0.30000000000000004,0.4758949524153273,86.0,0.4,5.233333333333333,0.0,,,,,,0,3,16.425,94.0,4.5249999999999995,89.5,0.15,5,0.5322271388474397,-0.8466016020976267,2024-2025,0
2025-05-31,0.0,0.0,13.5,3.716666666666665,94.5,8.7,100.0,0.0,0.8705977791751067,100.0,0.0,11.1,15.0,,,,,,0,0,15.374999999999998,87.5,10.35,100.0,0.0,5,0.5175855102531889,-0.8556314858488706,2024-2025,0
2025-06-01,1.1,0.7,14.3,0.9166666666666679,99.5,10.899999999999999,100.0,0.5,0.07759069598564672,100.0,1.1,11.766666666666666,0.0,,,,,,0,3,14.85,97.0,11.5,100.0,0.35,6,0.5027907197793043,-0.8644081744776648,2024-2025,0
2025-06-02,0.1,0.0,13.2,2.1166666666666654,92.0,6.550000000000001,100.0,0.0,1.2766900117982836,97.66666666666667,0.0,3.5,12.0,,,,,,0,0,15.425,85.25,4.300000000000001,98.25,0.0,6,0.4878471454423119,-0.8729290708206411,2024-2025,0
2025-06-03,1.1,0.0,17.8,1.1166666666666671,83.0,11.05,100.0,0.6000000000000001,2.930795204298196,100.0,2.9000000000000004,15.133333333333335,0.0,,,,,,0,3,17.35,87.25,14.175,100.0,0.775,6,0.47275920928627757,-0.881191653407483,2024-2025,0
2025-06-04,2.3,0.5,16.3,1.5333333333333314,98.5,8.5,100.0,0.5,0.2369935534616765,79.33333333333333,0.8,6.400000000000001,0.0,,,,,,0,3,16.725,95.25,6.975,84.5,0.275,6,0.4575313760742512,-0.8891934772070711,2024-2025,0
2025-06-05,0.0,0.0,10.0,5.566666666666665,73.5,4.7,1.5,0.0,4.64110009052145,18.333333333333332,0.0,3.5,13.0,,,,,,0,0,16.325,69.75,3.6000000000000005,14.5,0.0,6,0.44216815196707204,-0.8969321743510065,2024-2025,0
2025-06-06,0.0,0.0,13.6,2.950000000000001,70.5,13.0,78.5,0.0,5.317439304669163,84.0,0.0,11.933333333333332,24.0,,,,,,0,0,18.299999999999997,68.0,12.225000000000001,88.0,0.0,6,0.42667408318992467,-0.9044054548343001,2024-2025,0
2025-06-07,0.0,0.0,17.5,2.6999999999999993,85.0,11.15,57.5,0.0,2.5628765400085634,52.666666666666664,0.0,9.333333333333334,24.0,,,,,,0,0,20.049999999999997,79.0,9.975,56.0,0.0,6,0.4110537546870351,-0.9116111071930239,2024-2025,0
2025-06-08,0.0,0.0,18.2,2.6833333333333336,69.0,2.2,100.0,0.0,5.807283437826378,100.0,0.0,1.9000000000000001,24.0,,,,,,0,0,19.924999999999997,69.75,1.95,100.0,0.0,6,0.3953117887649151,-0.9185469991587165,2024-2025,0
2025-06-09,0.0,0.0,17.8,2.6833333333333336,92.5,9.0,94.0,0.0,1.2319666305909536,96.33333333333333,0.0,5.933333333333333,24.0,,,,,,0,0,19.975,83.5,6.8,95.75,0.0,6,0.37945284372454435,-0.925211078289358,2024-2025,0
2025-06-10,0.5,0.0,18.9,0.8000000000000007,93.5,13.0,100.0,1.3,1.0700736720075845,100.0,2.7,13.433333333333335,0.0,,,,,,0,3,19.275,93.5,13.0,100.0,0.9,6,0.36348161248290634,-0.9316013725767187,2024-2025,0
2025-06-11,18.6,3.8000000000000003,20.5,0.6833333333333336,99.0,3.05,100.0,0.6,0.1636580326822461,100.0,0.7,1.8333333333333333,0.0,,,,,,0,3,21.575,98.5,2.25,100.0,0.25,6,0.3474028211842774,-0.9377159910299093,2024-2025,0
2025-06-12,0.0,0.0,14.4,5.2333333333333325,91.5,1.3,98.5,0.0,1.3739877141220411,99.33333333333333,0.0,2.8333333333333335,13.0,,,,,,0,0,16.775,88.75,2.375,99.25,0.0,6,0.3312212278016865,-0.9435531242349544,2024-2025,0
2025-06-13,0.0,0.0,11.1,6.316666666666668,93.5,8.1,99.5,0.0,1.02166291561214,97.33333333333333,0.0,5.433333333333334,24.0,,,,,,0,0,16.475,85.0,5.999999999999999,97.75,0.0,6,0.31494162072895193,-0.9491110448902284,2024-2025,0
2025-06-14,0.0,0.0,20.4,1.0500000000000007,82.5,19.700000000000003,100.0,1.1,3.068667037261811,100.0,1.5,21.666666666666668,0.0,,,,,,0,3,19.825,83.25,21.025000000000002,100.0,0.5,6,0.2985688173637202,-0.9543881083175908,2024-2025,0
2025-06-15,21.8,7.3,21.0,0.06666666666666643,95.5,9.35,89.0,0.9,0.7503761611692887,100.0,1.1,6.5,0.0,,,,,,0,3,22.475,95.25,7.1499999999999995,94.5,0.4,6,0.2821076626819194,-0.9593827529490743,2024-2025,0
2025-06-16,0.30000000000000004,0.0,17.4,2.533333333333335,92.5,13.1,70.0,0.0,1.2489909228960414,100.0,0.4,12.933333333333332,11.0,,,,,,0,2,21.299999999999997,88.5,12.950000000000001,85.0,0.1,6,0.26556302780405594,-0.9640935007889755,2024-2025,0
2025-06-17,2.1,1.0,22.2,4.0,97.5,4.55,31.0,0.0,0.41500500214933567,11.666666666666666,0.2,3.0666666666666664,2.0,,,,,,0,1,23.65,93.0,3.25,22.75,0.05,6,0.24893980855376657,-0.9685189578512204,2024-2025,0
2025-06-18,0.0,0.0,20.7,3.450000000000003,91.0,6.0,0.0,0.0,1.5151454468064394,12.333333333333334,0.0,3.6333333333333333,21.0,,,,,,0,0,23.224999999999998,83.5,4.225,9.25,0.0,6,0.23224292400907015,-0.9726578145718654,2024-2025,0
2025-06-19,0.0,0.0,17.9,6.033333333333335,93.0,1.8,9.0,0.0,1.1630087841135541,54.666666666666664,0.0,1.4666666666666666,24.0,,,,,,0,0,22.275,84.0,1.625,41.0,0.0,6,0.21547731504673012,-0.976508846196619,2024-2025,0
2025-06-20,0.0,0.0,17.7,4.883333333333333,92.0,13.05,31.0,0.0,1.3308207277169508,49.666666666666664,0.0,10.333333333333334,24.0,,,,,,0,0,22.075000000000003,85.5,11.075,45.25,0.0,6,0.19864794288017112,-0.9800709131432666,2024-2025,0
2025-06-21,0.0,0.0,22.6,1.93333333333333,87.0,17.9,100.0,0.0,2.2812858767101503,73.66666666666667,0.0,17.7,24.0,,,,,,0,0,24.1,82.0,17.825,80.25,0.0,6,0.18175978759137534,-0.9833429613388902,2024-2025,0
2025-06-22,0.0,0.0,23.1,1.7666666666666693,81.0,21.0,100.0,0.0,3.4508832634524325,99.33333333333333,0.0,20.066666666666666,24.0,,,,,,0,0,24.125,80.5,20.275,99.5,0.0,6,0.16481784665719793,-0.9863240225317866,2024-2025,0
2025-06-23,0.4,0.30000000000000004,22.3,2.7333333333333307,98.0,3.45,100.0,6.300000000000001,0.33238840955596416,100.0,10.6,5.033333333333333,0.0,,,,,,0,3,22.725,98.0,4.550000000000001,100.0,3.425,6,0.14782713347053048,-0.9890132145779883,2024-2025,0
2025-06-24,0.0,0.0,22.8,0.966666666666665,89.0,15.8,96.0,0.0,1.9123601980216804,100.0,2.1,11.633333333333333,3.0,,,,,,0,2,23.075,89.75,12.725000000000001,98.0,0.525,6,0.13079267585675922,-0.9914097417023038,2024-2025,0
2025-06-25,0.5,0.1,22.8,1.5333333333333314,96.0,7.85,100.0,3.2,0.6727931024648726,100.0,5.0,5.866666666666667,0.0,,,,,,0,3,23.325,96.5,6.7,100.0,1.5,6,0.11371951458594969,-0.9935128947338007,2024-2025,0
2025-06-26,0.0,0.0,24.5,0.6333333333333364,90.5,11.75,100.0,1.3,1.6564055469240593,100.0,4.1,8.033333333333333,0.0,,,,,,0,3,24.475,93.25,9.175,100.0,1.2750000000000001,6,0.0966127018812031,-0.9953220513156602,2024-2025,0
2025-06-27,0.2,0.0,21.4,1.3833333333333329,89.5,3.1,66.5,0.0,1.7945515910128194,91.66666666666667,0.0,1.9000000000000001,3.0,,,,,,0,0,22.05,83.25,2.325,80.25,0.0,6,0.07947729992362097,-0.9968366760893436,2024-2025,0
2025-06-28,0.2,0.0,19.0,2.5000000000000036,98.5,4.55,100.0,0.0,0.24232197771853947,100.0,0.1,4.466666666666667,12.0,,,,,,0,1,20.174999999999997,94.25,4.5,100.0,0.025,6,0.062318379354325076,-0.998056320853012,2024-2025,0
2025-06-29,0.0,0.0,21.4,0.8333333333333357,91.0,9.35,64.0,0.0,1.5376232995735286,88.0,0.0,7.033333333333334,22.0,,,,,,0,0,23.975,84.25,7.675000000000001,79.5,0.0,6,0.04514101777397193,-0.9989806246941579,2024-2025,0
2025-06-30,0.0,0.0,21.2,3.8666666666666742,94.5,9.75,18.5,0.0,0.9234141253605372,5.0,0.0,5.433333333333334,15.0,,,,,,0,0,24.775,85.25,6.6,9.5,0.0,6,0.02795029824021032,-0.999609314096404,2024-2025,0
2025-07-01,0.0,0.0,22.5,4.016666666666669,94.5,7.95,100.0,0.0,0.9331836063543513,100.0,0.0,4.533333333333332,24.0,,,,,,0,0,25.475,87.5,5.475,100.0,0.0,7,0.01075130776352193,-0.9999422030204416,2024-2025,0
2025-07-02,0.0,0.0,22.1,4.333333333333336,90.5,6.85,100.0,0.0,1.639162116593809,100.0,0.0,4.066666666666667,2.0,,,,,,0,0,25.0,84.25,4.75,100.0,0.0,7,-0.00645086419810515,-0.9999791929590823,2024-2025,0
2025-07-03,0.0,0.0,22.2,3.3000000000000007,91.5,10.5,60.0,0.0,1.4651753044282678,48.0,0.0,8.5,16.0,,,,,,0,0,25.225,86.5,9.1,51.0,0.0,7,-0.023651127245231586,-0.9997202729664083,2024-2025,0
2025-07-04,9.499999999999998,0.0,23.2,0.9666666666666686,91.0,11.1,98.5,0.0,1.5608484303206218,99.0,0.0,10.2,10.0,,,,,,0,0,25.4,86.5,10.425,99.0,0.0,7,-0.04084439154329611,-0.9991655196610109,2024-2025,0
2025-07-05,0.0,0.0,22.3,3.25,87.0,4.05,100.0,0.0,2.2923989324433443,64.33333333333333,0.0,2.8000000000000003,15.0,,,,,,0,0,25.349999999999998,82.0,2.75,73.25,0.0,7,-0.05802556932878035,-0.9983150972033183,2024-2025,0
2025-07-06,0.1,0.0,22.4,2.150000000000002,87.0,2.05,95.0,0.0,2.283848051982769,96.33333333333333,0.0,2.9666666666666663,12.0,,,,,,0,0,24.449999999999996,84.25,2.675,94.75,0.0,7,-0.07518957641475855,-0.9971692572470178,2024-2025,0
2025-07-07,0.0,0.0,22.6,3.1499999999999986,89.5,0.5,90.0,0.0,1.8251489128472862,89.66666666666667,0.0,2.4,24.0,,,,,,0,0,24.5,86.5,1.9500000000000002,91.5,0.0,7,-0.09233133369539122,-0.9957283388645872,2024-2025,0
2025-07-08,1.1,1.8,24.7,1.5666666666666664,94.5,2.5999999999999996,69.0,0.1,0.9454674944556949,41.0,0.0,0.9333333333333332,1.0,,,,,,0,0,25.875,93.0,1.525,55.75,0.025,7,-0.10944576864891556,-0.993992768446958,2024-2025,0
2025-07-09,0.4,0.0,24.4,2.116666666666667,90.0,9.350000000000001,34.5,0.0,1.7503442341589874,18.333333333333332,0.0,8.733333333333334,7.0,,,,,,0,0,26.099999999999998,84.75,9.0,25.0,0.0,7,-0.12652781683868314,-0.9919630595773397,2024-2025,0
2025-07-10,0.1,0.0,23.6,2.599999999999998,95.0,8.1,16.0,0.0,0.8492685790778722,7.333333333333333,0.0,5.266666666666667,12.0,,,,,,0,0,25.425,89.25,5.975,9.0,0.0,7,-0.1435724234118113,-0.9896398128792412,2024-2025,0
2025-07-11,0.0,0.3,24.1,1.5999999999999979,90.5,6.55,8.5,0.0,1.6557881661669889,13.333333333333334,0.0,3.766666666666667,5.0,,,,,,0,0,25.75,86.5,4.475,12.75,0.0,7,-0.16057454459499376,-0.9870237158387383,2024-2025,0
2025-07-12,0.5,0.2,23.4,2.216666666666665,91.0,2.4,100.0,0.0,1.5620142299721742,72.33333333333333,0.0,2.566666666666667,5.0,,,,,,0,0,25.0,89.25,2.4000000000000004,79.25,0.0,7,-0.17752914918703497,-0.984115542601034,2024-2025,0
2025-07-13,0.0,0.0,23.4,2.4333333333333336,88.0,10.75,37.5,0.0,2.105756115525871,21.333333333333332,0.0,11.566666666666668,19.0,,,,,,0,0,25.1,82.0,11.275,26.5,0.0,7,-0.19443122004766195,-0.9809161537413774,2024-2025,0
2025-07-14,0.0,0.0,24.1,2.0500000000000007,82.0,18.3,97.0,0.0,3.2730386936335414,40.333333333333336,0.0,17.366666666666667,20.0,,,,,,0,0,25.574999999999996,77.5,17.725,54.25,0.0,7,-0.2112757555821793,-0.9774264960104055,2024-2025,0
2025-07-15,8.2,5.9,24.7,1.0166666666666693,97.5,4.45,83.5,1.2000000000000002,0.42238692640270514,97.0,4.5,2.3333333333333335,0.0,,,,,,0,3,24.6,97.75,3.05,89.5,1.3250000000000002,7,-0.2280577712215198,-0.9736476020539838,2024-2025,0
2025-07-16,0.4,0.0,24.8,1.31666666666667,81.5,15.9,94.0,0.0,3.385183933313858,87.66666666666667,0.0,14.133333333333333,7.0,,,,,,0,0,25.475,80.75,14.6,88.5,0.0,7,-0.24477230089725957,-0.9695805901076308,2024-2025,0
2025-07-17,0.2,0.0,25.9,-0.016666666666662167,81.5,14.25,100.0,0.5,3.40152394646395,100.0,1.5,14.766666666666666,0.0,,,,,,0,3,25.775,83.25,14.8,100.0,0.4,7,-0.2614143985111562,-0.965226663665613,2024-2025,0
2025-07-18,0.7,0.2,24.7,0.4833333333333343,85.0,19.7,100.0,0.0,2.6863671153783883,99.0,0.0,19.03333333333333,2.0,,,,,,0,0,24.924999999999997,82.5,19.325,99.25,0.0,7,-0.2779791393987801,-0.9605871111248129,2024-2025,0
2025-07-19,0.0,0.0,22.4,2.900000000000002,84.0,12.75,100.0,0.0,2.8329442901000377,77.33333333333333,0.0,13.966666666666667,24.0,,,,,,0,0,23.725,78.75,13.575000000000001,83.0,0.0,7,-0.2944616217868012,-0.9556633054034704,2024-2025,0
2025-07-20,0.0,0.0,23.4,1.8000000000000007,84.5,12.85,20.5,0.0,2.765302254790125,1.6666666666666667,0.0,11.766666666666666,24.0,,,,,,0,0,24.85,80.0,12.225,11.0,0.0,7,-0.3108569682435036,-0.9504567035349151,2024-2025,0
2025-07-21,0.0,0.0,24.6,2.5499999999999936,90.0,9.4,99.5,0.0,1.7549101628834087,99.33333333333333,0.0,8.866666666666665,24.0,,,,,,0,0,26.275000000000002,84.75,9.0,99.25,0.0,7,-0.3271603271220951,-0.9449688462364056,2024-2025,0
2025-07-22,0.0,0.0,25.5,1.0666666666666664,91.5,6.9,45.0,0.0,1.4888418001382817,13.0,0.0,5.433333333333334,14.0,,,,,,0,0,27.174999999999997,84.75,5.825,28.0,0.0,7,-0.34336687399638804,-0.939201357453208,2024-2025,0
2025-07-23,0.0,0.0,25.2,1.5999999999999979,91.0,8.2,6.0,0.0,1.5748665808568632,0.6666666666666666,0.0,4.433333333333334,13.0,,,,,,0,0,26.8,84.5,5.449999999999999,3.0,0.0,7,-0.3594718130884232,-0.9331559438780432,2024-2025,0
2025-07-24,0.0,0.0,24.6,3.1499999999999986,95.0,7.3,30.5,0.0,0.852450357210035,15.666666666666666,0.0,4.233333333333333,24.0,,,,,,0,0,26.25,86.75,5.0,20.0,0.0,7,-0.3754703786876202,-0.9268343944460494,2024-2025,0
2025-07-25,0.2,0.0,24.5,2.9833333333333307,91.5,9.75,14.0,0.0,1.4778106721842015,7.333333333333333,0.0,9.4,12.0,,,,,,0,0,26.375,84.5,9.45,9.0,0.0,7,-0.3913578365610259,-0.9202385798054075,2024-2025,0
2025-07-26,0.0,0.0,25.2,2.0833333333333357,86.0,11.2,37.0,0.0,2.5134445793771363,10.0,0.0,12.166666666666666,24.0,,,,,,0,0,26.725,79.25,11.899999999999999,21.5,0.0,7,-0.4071294853542516,-0.9133704517637858,2024-2025,0
2025-07-27,0.0,0.0,24.9,2.7499999999999964,86.5,10.1,47.0,0.0,2.410538955623771,73.33333333333333,0.0,10.133333333333333,24.0,,,,,,0,0,26.425,80.0,10.025,70.5,0.0,7,-0.4227806579826773,-0.9062320427107697,2024-2025,0
2025-07-28,0.0,0.0,24.5,4.150000000000002,87.5,8.8,7.0,0.0,2.2120008027404907,12.333333333333334,0.0,4.8,24.0,,,,,,0,0,26.375,79.0,5.8,12.5,0.0,7,-0.4383067230125192,-0.898825465016444,2024-2025,0
2025-07-29,0.0,0.0,24.7,3.183333333333337,90.0,8.35,11.5,0.0,1.7555629207454935,2.0,0.0,4.833333333333333,13.0,,,,,,0,0,26.925,81.25,5.75,6.0,0.0,7,-0.45370308603134424,-0.8911529104063088,2024-2025,0
2025-07-30,0.0,0.0,24.8,4.2499999999999964,87.5,7.9,1.0,0.0,2.2177692226803316,0.3333333333333333,0.0,4.1000000000000005,24.0,,,,,,0,0,27.25,77.5,5.2250000000000005,0.5,0.0,7,-0.46896519100763184,-0.8832166493127127,2024-2025,0
2025-07-31,0.2,0.0,24.7,4.68333333333333,87.5,9.45,6.0,0.0,2.2202436830354593,1.0,0.0,5.733333333333333,11.0,,,,,,0,0,26.85,80.0,6.749999999999999,3.0,0.0,7,-0.48408852163897587,-0.8750190302029955,2024-2025,0
2025-08-01,1.3,0.0,23.2,4.466666666666669,93.5,4.4,18.0,0.0,1.1129322855635664,26.0,0.0,3.4333333333333336,9.0,,,,,,0,0,25.650000000000002,86.0,3.625,24.5,0.0,8,-0.4990686026885319,-0.8665624788845385,2024-2025,0
2025-08-02,0.1,0.0,24.9,2.8000000000000007,98.0,6.25,75.0,0.0,0.3380394060645884,42.333333333333336,0.0,6.466666666666666,8.0,,,,,,0,0,26.025,89.5,6.475,54.5,0.0,8,-0.5139010013093103,-0.8578494977869301,2024-2025,0
2025-08-03,0.0,0.0,25.3,2.100000000000005,96.5,3.1500000000000004,100.0,0.0,0.597998986714078,84.66666666666667,0.0,3.6,16.0,,,,,,0,0,26.45,91.0,3.375,88.5,0.0,8,-0.5285813283559292,-0.8488826652214553,2024-2025,0
2025-08-04,0.2,0.0,25.9,1.7666666666666693,90.5,10.95,97.5,0.0,1.6768432674725275,98.66666666666667,0.0,11.066666666666668,8.0,,,,,,0,0,27.65,82.5,11.025,98.75,0.0,8,-0.5431052396834317,-0.8396646346181327,2024-2025,0
2025-08-05,0.4,0.0,25.1,4.399999999999999,96.0,7.300000000000001,65.5,2.9,0.6847162128560278,74.33333333333333,0.3,7.666666666666667,0.0,,,,,,0,1,26.9,91.75,7.075,79.5,0.725,8,-0.5574684374327892,-0.8301981337405212,2024-2025,0
2025-08-06,5.4,2.9000000000000004,24.7,1.7166666666666686,92.5,3.2,99.5,1.2999999999999998,1.305122746382395,99.33333333333333,6.800000000000001,3.0666666666666664,0.0,,,,,,0,3,25.65,95.25,2.975,99.5,1.85,8,-0.5716666713027052,-0.8204859638785327,2024-2025,0
2025-08-07,0.7000000000000001,9.6,23.9,1.56666666666667,94.5,6.45,100.0,10.5,0.9444114535864863,100.0,14.5,12.433333333333332,0.0,,,,,,0,3,24.825,95.5,10.05,100.0,5.4750000000000005,8,-0.5856957398073508,-0.8105309990194823,2024-2025,0
2025-08-08,1.6,0.4,22.0,2.0,95.0,1.8,76.0,0.2,0.8388107865427941,24.666666666666668,0.0,1.3666666666666665,1.0,,,,,,0,0,22.65,93.5,1.575,43.5,0.05,8,-0.5995514915196489,-0.8003361849976323,2024-2025,0
2025-08-09,0.0,0.0,19.5,3.6166666666666636,91.0,4.8,97.0,0.0,1.5071166125033457,99.0,0.0,3.4,17.0,,,,,,0,0,21.475,84.25,3.6999999999999997,97.75,0.0,8,-0.6132298262997502,-0.7899045386224707,2024-2025,0
2025-08-10,0.8,1.0,22.9,2.1833333333333336,96.0,15.25,100.0,3.0,0.6720355994512062,100.0,6.4,15.5,0.0,,,,,,0,3,23.175,96.0,15.15,100.0,2.05,8,-0.6267266965083301,-0.7792391467859886,2024-2025,0
2025-08-11,9.9,0.7,23.8,0.9499999999999993,95.0,5.85,98.0,0.8,0.8527688611798112,98.66666666666667,4.4,4.533333333333334,0.0,,,,,,0,3,24.75,96.5,4.85,99.0,1.225,8,-0.6400381082043503,-0.7683431655492202,2024-2025,0
2025-08-12,9.7,0.1,24.2,0.9166666666666643,93.0,13.05,100.0,0.1,1.2071682835495494,100.0,1.0,14.366666666666665,1.0,,,,,,0,2,24.8,92.75,14.024999999999999,100.0,0.275,8,-0.65316012232693,-0.7572198192083127,2024-2025,0
2025-08-13,3.8000000000000003,1.0,23.9,-0.016666666666662167,90.5,1.2,100.0,0.0,1.6496206486781233,88.66666666666667,0.0,1.3,5.0,,,,,,0,0,24.425000000000004,91.5,1.325,91.5,0.0,8,-0.666088855860977,-0.7458723993404063,2024-2025,0
2025-08-14,0.2,0.1,22.2,3.5666666666666664,99.5,6.449999999999999,100.0,0.0,0.082019995412562,89.33333333333333,0.0,4.6,6.0,,,,,,0,0,24.175,92.75,5.0249999999999995,92.0,0.0,8,-0.6788204829862355,-0.734304263829602,2024-2025,0
2025-08-15,0.0,0.0,21.9,3.650000000000002,96.0,8.55,90.0,0.0,0.6730456980471224,47.0,0.0,5.3,17.0,,,,,,0,0,24.825,89.5,6.1000000000000005,56.0,0.0,8,-0.6913512362094071,-0.722518835873311,2024-2025,0
2025-08-16,0.0,0.0,20.7,4.400000000000006,96.5,7.05,54.0,0.0,0.5779207032515252,6.0,0.0,4.666666666666667,13.0,,,,,,0,0,23.475,88.75,5.125,29.5,0.0,8,-0.7036774074790128,-0.7105196029692745,2024-2025,0
2025-08-17,0.0,0.0,23.9,1.783333333333335,92.5,8.600000000000001,27.5,0.0,1.2939913294229584,44.333333333333336,0.0,8.200000000000001,24.0,,,,,,0,0,25.799999999999997,87.25,8.125,40.0,0.0,8,-0.7157953492826642,-0.6983101158835584,2024-2025,0
2025-08-18,0.0,0.0,22.0,3.533333333333335,95.5,4.1,10.0,0.0,0.7534945570532301,8.666666666666666,0.0,3.1,18.0,,,,,,0,0,24.200000000000003,90.0,3.3,7.0,0.0,8,-0.7277014757264236,-0.6858939875998223,2024-2025,0
2025-08-19,0.0,0.0,20.5,5.183333333333334,77.5,9.65,5.5,0.0,4.107366228318817,5.666666666666667,0.0,7.599999999999999,24.0,,,,,,0,0,24.075000000000003,75.5,8.175,6.5,0.0,8,-0.7393922635959241,-0.673274892250183,2024-2025,0
2025-08-20,0.30000000000000004,0.0,22.8,3.616666666666667,93.5,9.6,32.5,0.1,1.1050397819281201,25.333333333333332,0.0,5.3,1.0,,,,,,0,0,25.25,86.25,6.6499999999999995,31.25,0.025,8,-0.7508642533989489,-0.6604565640279754,2024-2025,0
2025-08-21,0.1,0.0,22.7,3.2000000000000064,96.0,5.3,58.0,0.1,0.6725405541714302,33.333333333333336,0.0,3.5333333333333337,1.0,,,,,,0,0,24.575000000000003,94.5,3.925,36.25,0.025,8,-0.7621140503891487,-0.6474427960827475,2024-2025,0
2025-08-22,0.0,0.0,21.2,4.416666666666671,93.5,5.6,100.0,0.0,1.093047252318236,97.66666666666667,0.0,3.7999999999999994,14.0,,,,,,0,0,24.25,85.5,4.225,98.25,0.0,8,-0.7731383255706026,-0.6342374393978054,2024-2025,0
2025-08-23,0.0,0.0,23.8,2.3999999999999986,90.5,8.8,100.0,0.0,1.6496206486781233,75.0,0.0,8.033333333333333,14.0,,,,,,0,0,25.5,85.25,8.175,81.25,0.0,8,-0.7839338166829201,-0.620844401650647,2024-2025,0
2025-08-24,0.6,0.0,23.4,3.283333333333328,97.5,6.85,92.0,0.0,0.419394920403942,95.66666666666667,0.0,4.2,8.0,,,,,,0,0,25.299999999999997,92.25,4.85,95.5,0.0,8,-0.7944973291665992,-0.6072676460566135,2024-2025,0
2025-08-25,0.0,0.0,24.1,2.9166666666666643,97.0,6.3,32.0,0.0,0.5061048307175611,6.0,0.0,3.466666666666667,16.0,,,,,,0,0,25.85,90.5,4.175,17.25,0.0,8,-0.8048257371083452,-0.593511190196115,2024-2025,0
2025-08-26,0.2,0.0,25.4,1.7333333333333307,87.5,11.2,98.0,0.0,2.2260227446130187,99.66666666666667,0.0,11.433333333333332,3.0,,,,,,0,0,26.3,83.75,11.325,98.75,0.0,8,-0.8149159841660791,-0.5795791048257612,2024-2025,0
2025-08-27,1.7,0.3,24.1,2.216666666666665,94.5,10.149999999999999,84.0,0.2,0.9373862085107234,89.33333333333333,2.0,7.166666666666667,1.0,,,,,,0,2,24.875000000000004,92.0,8.025,92.0,0.55,8,-0.8247650844733614,-0.5654755126737576,2024-2025,0
2025-08-28,0.0,0.0,19.6,4.2166666666666615,98.5,5.449999999999999,100.0,0.0,0.24361701577681671,91.0,0.0,3.8333333333333335,13.0,,,,,,0,0,21.55,95.5,4.1499999999999995,93.25,0.0,8,-0.8343701235229537,-0.5512045872199277,2024-2025,0
2025-08-29,0.0,0.0,24.7,0.3999999999999986,87.0,10.8,81.0,0.0,2.3129856702668867,84.66666666666667,0.0,10.266666666666666,24.0,,,,,,0,0,26.150000000000002,82.0,10.375,80.75,0.0,8,-0.8437282590292712,-0.5367705514607103,2024-2025,0
2025-08-30,0.0,0.0,22.4,3.8500000000000014,86.0,4.45,4.5,0.0,2.4642925951882937,11.666666666666666,0.0,2.8000000000000003,19.0,,,,,,0,0,25.325,79.75,3.325,8.75,0.0,8,-0.8528367217694595,-0.522177676659508,2024-2025,0
2025-08-31,0.0,0.0,20.4,5.683333333333334,99.5,6.05,51.5,0.0,0.08112430339052779,3.0,0.0,4.5,24.0,,,,,,0,0,23.4,89.5,4.825,26.5,0.0,8,-0.8616928164028521,-0.5074302810827518,2024-2025,0
2025-09-01,0.0,0.0,24.9,2.400000000000002,81.0,12.25,6.0,0.0,3.4831090594839047,5.333333333333333,0.0,12.4,24.0,,,,,,0,0,26.474999999999998,76.0,12.3,5.75,0.0,9,-0.8702939222685674,-0.49253272872205434,2025-2026,0
2025-09-02,0.0,0.0,25.5,2.3166666666666664,86.0,8.05,77.5,0.0,2.520905510382402,24.666666666666668,0.0,9.566666666666666,24.0,,,,,,0,0,26.975,80.5,9.3,42.25,0.0,9,-0.8786374941610001,-0.4774894280028391,2025-2026,0
2025-09-03,0.0,0.0,22.3,3.75,98.0,5.1,63.5,0.30000000000000004,0.33288879393996496,76.33333333333333,0.1,4.633333333333333,0.0,,,,,,0,1,23.925,94.0,4.55,65.0,0.07500000000000001,9,-0.886721063082993,-0.46230483047981086,2025-2026,0
2025-09-04,0.0,0.0,24.1,2.166666666666668,88.5,7.6,70.5,0.0,2.0199045609536412,74.33333333333333,0.0,7.300000000000001,13.0,,,,,,0,0,25.775,81.5,7.425,69.0,0.0,9,-0.8945422369764496,-0.4469834295196741,2025-2026,0
2025-09-05,3.4000000000000004,2.2,23.8,1.8500000000000014,95.0,8.95,100.0,14.7,0.8499044602922119,100.0,23.0,4.966666666666667,0.0,,,,,,0,3,24.075,95.0,6.775,100.0,6.825,9,-0.9020987014301837,-0.43152975897147144,2025-2026,0
2025-09-06,0.0,0.0,21.9,2.3500000000000014,99.0,3.55,76.5,0.0,0.1636580326822461,72.66666666666667,0.0,3.4333333333333336,17.0,,,,,,0,0,22.025000000000002,94.5,3.3000000000000003,67.75,0.0,9,-0.9093882203647925,-0.4159483918249421,2025-2026,0
2025-09-07,0.0,0.0,23.1,-0.05000000000000071,90.0,11.8,61.5,0.0,1.7321396072891027,42.666666666666664,0.0,11.0,24.0,,,,,,0,0,24.625,84.75,11.275,44.75,0.0,9,-0.9164086366943458,-0.4002439388573056,2025-2026,0
2025-09-08,2.1,0.1,22.2,2.4833333333333343,93.5,1.9,99.0,0.5,1.1075291300151875,100.0,5.6000000000000005,3.5666666666666664,0.0,,,,,,0,3,23.450000000000003,96.25,3.0999999999999996,99.5,1.425,9,-0.9231578729647039,-0.38442104726885545,2025-2026,0
2025-09-09,0.2,0.0,20.6,4.483333333333331,100.0,6.05,98.5,0.0,-3.552713678800501e-15,41.666666666666664,0.0,4.8999999999999995,11.0,,,,,,0,0,22.825000000000003,92.25,5.125,55.75,0.0,9,-0.9296339319682695,-0.3684843993077793,2025-2026,0
2025-09-10,0.0,0.0,22.4,2.8333333333333357,96.0,6.55,100.0,0.0,0.6695136632009344,93.0,0.0,6.966666666666666,16.0,,,,,,0,0,23.950000000000003,90.5,6.5,94.75,0.0,9,-0.9358348973349941,-0.35243871088460327,2025-2026,0
2025-09-11,19.8,6.6,22.8,2.133333333333333,98.0,6.6,100.0,4.3,0.33101429068873855,100.0,0.30000000000000004,6.2,0.0,,,,,,0,2,22.675,96.5,6.375,100.0,1.0999999999999999,9,-0.9417589340994617,-0.33628873017668287,2025-2026,0
2025-09-12,0.6,0.4,20.9,2.416666666666668,95.5,10.2,83.0,0.2,0.7483950846077292,96.66666666666667,0.6000000000000001,12.066666666666668,0.0,,,,,,0,2,22.150000000000002,92.75,11.65,89.0,0.15000000000000002,9,-0.9474042892438845,-0.32003923622313857,2025-2026,0
2025-09-13,7.9,0.7999999999999999,22.9,0.216666666666665,89.5,16.5,100.0,0.0,1.8217365254685198,100.0,0.0,17.400000000000002,5.0,,,,,,0,0,23.900000000000002,87.0,17.15,100.0,0.0,9,-0.9527692922168511,-0.30369503751065885,2025-2026,0
2025-09-14,0.1,0.0,23.8,2.31666666666667,98.0,2.4,100.0,9.3,0.33627622033775495,100.0,18.700000000000003,5.333333333333333,0.0,,,,,,0,3,24.125,98.75,4.425000000000001,100.0,6.2,9,-0.9578523554276669,-0.28726097055059635,2025-2026,0
2025-09-15,0.0,0.0,22.7,2.0166666666666693,89.0,1.6,82.0,0.4,1.926708953098963,84.66666666666667,1.5,1.5666666666666667,0.0,,,,,,0,3,24.2,92.5,1.7249999999999999,80.25,0.375,9,-0.9626519747161487,-0.2707418984477642,2025-2026,0
2025-09-16,0.0,0.0,18.2,5.116666666666667,100.0,7.15,93.0,0.0,3.552713678800501e-15,43.333333333333336,0.0,5.966666666666666,14.0,,,,,,0,0,20.674999999999997,91.0,6.2,55.5,0.0,9,-0.9671667297977312,-0.2541427094613622,2025-2026,0
2025-09-17,1.3,4.8,23.7,2.033333333333335,95.5,10.55,20.0,0.0,0.7620320447556921,32.666666666666664,0.3,8.4,4.0,,,,,,0,1,24.775000000000002,92.5,9.0,30.0,0.075,9,-0.97139528468375,-0.23746831555846842,2025-2026,0
2025-09-18,0.30000000000000004,0.1,23.2,1.93333333333333,97.0,3.0500000000000003,100.0,1.8,0.502891084585265,100.0,14.0,3.6666666666666665,0.0,,,,,,0,3,23.049999999999997,97.75,4.050000000000001,100.0,3.5,9,-0.9753363880767837,-0.2207236509605022,2025-2026,0
2025-09-19,0.0,0.1,19.5,1.3000000000000007,97.5,5.1,100.0,0.0,0.406139637985909,100.0,0.0,3.566666666666667,6.0,,,,,,0,0,19.825,94.75,4.125,100.0,0.0,9,-0.9789888737409319,-0.20391367068311472,2025-2026,0
2025-09-20,0.0,0.0,21.5,0.14999999999999503,76.5,15.5,100.0,0.0,4.324551488937839,94.33333333333333,0.30000000000000004,16.066666666666666,14.0,,,,,,0,2,22.549999999999997,76.25,16.1,95.75,0.07500000000000001,9,-0.9823516608469237,-0.18704334906991657,2025-2026,0
2025-09-21,8.1,12.6,21.5,2.5500000000000007,95.0,6.85,60.0,0.8,0.8293597459603284,64.66666666666667,0.7999999999999999,7.266666666666666,0.0,,,,,,0,3,20.5,96.5,6.75,58.0,0.275,9,-0.9854237542919524,-0.17011767832049052,2025-2026,0
2025-09-22,0.0,0.0,12.6,5.283333333333337,100.0,10.0,100.0,0.0,0.0,100.0,0.0,7.233333333333333,22.0,,,,,,0,0,14.725000000000001,90.25,7.975,100.0,0.0,9,-0.9882042449941422,-0.15314166701312007,2025-2026,0
2025-09-23,0.0,0.0,18.5,0.9833333333333343,82.0,10.6,76.0,0.0,3.1215510042581265,97.33333333333333,0.0,9.666666666666666,24.0,,,,,,0,0,19.325000000000003,78.0,9.9,86.5,0.0,9,-0.9906923101615609,-0.13612033862266704,2025-2026,0
2025-09-24,0.0,0.0,17.5,1.5499999999999972,76.5,12.8,99.5,0.0,4.176979058955954,85.66666666666667,0.0,12.833333333333334,24.0,,,,,,0,0,19.075000000000003,72.5,12.825000000000001,89.25,0.0,9,-0.9928872135356962,-0.11905873003404988,2025-2026,0
2025-09-25,0.0,0.0,21.1,0.18333333333333002,77.5,18.1,100.0,0.0,4.081241736948144,100.0,0.0,17.2,24.0,,,,,,0,0,21.375,76.25,17.55,100.0,0.0,9,-0.994788305609327,-0.10196189005174576,2025-2026,0
2025-09-26,0.0,0.9,21.3,0.23333333333333073,96.5,2.0,87.5,0.9,0.5801103769115521,97.66666666666667,0.5,2.266666666666667,0.0,,,,,,0,1,21.6,95.5,2.075,93.75,0.225,9,-0.9963950238187231,-0.08483487790576538,2025-2026,0
2025-09-27,0.0,0.0,16.8,2.7833333333333314,96.0,6.05,88.5,0.0,0.6374046851405843,77.0,0.0,6.966666666666666,17.0,,,,,,0,0,16.875,91.25,6.425,77.0,0.0,9,-0.9977068927101168,-0.06768276175455162,2025-2026,0
2025-09-28,0.0,0.0,17.0,0.966666666666665,86.0,8.3,96.0,0.0,2.3982904970293504,95.66666666666667,0.0,9.700000000000001,24.0,,,,,,0,0,20.775,82.25,9.425,95.0,0.0,9,-0.9987235240803972,-0.050510617185222886,2025-2026,0
2025-09-29,15.9,10.8,22.0,1.100000000000005,98.5,9.9,100.0,5.6000000000000005,0.24668324831833033,100.0,2.4,9.700000000000001,0.0,,,,,,0,3,21.425,97.5,10.4,100.0,1.9000000000000001,9,-0.9994446170919858,-0.033323525711631344,2025-2026,0
2025-09-30,1.1,0.0,17.2,1.3833333333333329,96.5,2.7,97.5,0.0,0.5620612469297477,98.33333333333333,0.0,3.0,7.0,,,,,,0,0,17.8,94.75,2.875,98.75,0.0,9,-0.9998699583618592,-0.016126573270657762,2025-2026,0
2025-10-01,0.0,0.5,18.0,0.8999999999999986,98.0,4.05,89.0,2.1,0.3211062160785758,71.0,1.3,3.9333333333333336,0.0,,,,,,0,3,18.85,96.0,4.1,78.25,0.6000000000000001,10,-0.9999994220246925,0.001075151282798226,2025-2026,0
2025-10-02,0.0,0.0,15.2,3.3500000000000014,91.5,4.8,100.0,0.0,1.3766437425822922,96.0,0.0,4.266666666666667,15.0,,,,,,0,0,16.7,87.25,4.325,97.0,0.0,10,-0.999832969770105,0.018276557681691223,2025-2026,0
2025-10-03,0.0,0.0,15.3,2.7666666666666657,81.5,10.95,98.5,0.0,3.159290502478987,99.0,0.0,9.5,18.0,,,,,,0,0,17.325,79.75,9.95,99.25,0.0,10,-0.9993706508539969,0.03547255575312556,2025-2026,0
2025-10-04,1.9,0.9,18.5,1.716666666666665,87.0,19.45,100.0,0.8,2.2118052061704354,100.0,6.2,18.8,0.0,,,,,,0,3,18.475,90.5,18.9,100.0,1.65,10,-0.9986126020839734,0.052658056924614005,2025-2026,0
2025-10-05,9.4,5.1,19.9,-0.4499999999999993,96.0,12.649999999999999,99.0,4.8,0.6584733247422605,99.33333333333333,9.2,10.866666666666665,0.0,,,,,,0,3,20.575,94.5,11.425,99.5,2.7499999999999996,10,-0.9975590477788613,0.06982797572987089,2025-2026,0
2025-10-06,1.6,0.30000000000000004,20.4,0.10000000000000142,99.5,4.85,100.0,1.0,0.08106271273634036,65.0,0.5,7.133333333333333,0.0,,,,,,0,1,20.425,97.0,6.124999999999999,73.75,0.25,10,-0.9962102997023297,0.0869772313136861,2025-2026,0
2025-10-07,0.0,0.0,17.6,0.3666666666666636,88.0,2.75,96.5,0.0,2.036337236890116,94.33333333333333,0.0,3.766666666666667,24.0,,,,,,0,0,20.5,85.0,3.425,95.25,0.0,10,-0.9945667569706337,0.1041007489354256,2025-2026,0
2025-10-08,0.0,0.0,19.0,2.8833333333333364,82.0,9.6,84.5,0.0,3.1561030706598956,78.33333333333333,0.0,5.533333333333332,15.0,,,,,,0,0,20.475,80.25,6.7749999999999995,76.0,0.0,10,-0.9926289059345095,0.121193461470736,2025-2026,0
2025-10-09,0.0,0.0,18.5,1.6999999999999993,81.5,6.35,34.0,0.0,3.2288247795517986,28.666666666666668,0.0,8.433333333333334,24.0,,,,,,0,0,19.1,78.25,7.9,31.75,0.0,10,-0.9903973200352558,0.1382503109109819,2025-2026,0
2025-10-10,0.0,0.0,12.6,3.166666666666668,99.5,6.15,67.5,0.0,0.07621121846565693,34.333333333333336,0.0,4.1000000000000005,24.0,,,,,,0,0,14.099999999999998,91.0,4.475,34.5,0.0,10,-0.9878726596350429,0.15526624985999563,2025-2026,0
2025-10-11,0.0,0.0,18.7,-0.966666666666665,80.0,8.55,100.0,0.1,3.535469974067734,100.0,0.1,8.499999999999998,0.0,,,,,,0,1,19.625,79.75,8.5,100.0,0.025,10,-0.9850556718215013,0.172236243027682,2025-2026,0
2025-10-12,0.0,0.0,20.4,0.5166666666666693,92.5,10.65,88.0,0.0,1.2561186920258294,46.666666666666664,0.0,9.533333333333333,2.0,,,,,,0,0,21.45,88.75,9.850000000000001,59.75,0.0,10,-0.981947190186646,0.18915526872004093,2025-2026,0
2025-10-13,0.30000000000000004,0.0,20.4,1.2666666666666693,99.5,6.5,100.0,0.0,0.08109350514068936,100.0,0.0,8.166666666666666,10.0,,,,,,0,0,20.45,97.5,7.800000000000001,100.0,0.0,10,-0.9785481345802031,0.20601832032517084,2025-2026,0
2025-10-14,0.0,0.0,16.0,2.1833333333333336,88.0,2.05,95.5,0.0,2.003978735396865,57.666666666666664,0.0,4.0,24.0,,,,,,0,0,18.525,83.5,3.575,67.25,0.0,10,-0.9748595108374125,0.22282040779479959,2025-2026,0
2025-10-15,17.400000000000002,14.8,19.3,0.8833333333333329,95.0,2.1,18.0,0.0,0.8171531933874228,30.0,0.0,2.6,2.0,,,,,,0,0,19.075,95.0,2.45,28.0,0.0,10,-0.9708824104813836,0.23955655912092708,2025-2026,0
2025-10-16,0.4,0.1,20.3,0.20000000000000284,86.0,18.05,99.0,2.2,2.4083167012469566,99.66666666666667,6.4,16.8,0.0,,,,,,0,3,19.85,86.75,17.3,99.25,1.7000000000000002,10,-0.9666180104000972,0.2562218218071163,2025-2026,0
2025-10-17,16.5,0.0,16.0,3.3666666666666636,96.5,4.5,18.5,0.0,0.5551785676708008,35.0,0.0,3.733333333333333,9.0,,,,,,0,0,16.3,96.0,4.025,32.0,0.0,10,-0.9620675724981452,0.27281126433401914,2025-2026,0
2025-10-18,0.0,0.0,18.9,0.01666666666666572,72.5,18.7,97.5,0.0,5.044013264196046,96.0,0.0,20.2,24.0,,,,,,0,0,19.400000000000002,72.5,19.525,96.75,0.0,10,-0.957232443323312,0.28931997761869527,2025-2026,0
2025-10-19,9.999999999999998,0.1,17.1,2.466666666666665,97.5,5.25,66.5,0.0,0.39706386701044494,91.33333333333333,0.0,5.566666666666667,6.0,,,,,,0,0,16.6,95.5,5.4,83.25,0.0,10,-0.9521140536681102,0.3057430764672831,2025-2026,0
2025-10-20,0.1,1.2999999999999998,16.9,0.10000000000000142,98.5,2.15,100.0,0.1,0.2379080250215324,82.66666666666667,0.0,4.0,1.0,,,,,,0,0,16.85,97.0,3.375,87.0,0.025,10,-0.9467139181463862,0.3220757010206104,2025-2026,0
2025-10-21,0.0,0.0,10.5,1.9333333333333353,81.5,4.2,70.5,0.0,3.0129760561472496,99.0,0.0,3.6666666666666665,24.0,,,,,,0,0,10.600000000000001,78.0,4.175000000000001,85.25,0.0,10,-0.9410336347451197,0.3383130181923076,2025-2026,0
2025-10-22,0.0,0.0,10.9,1.0,78.5,2.6500000000000004,100.0,0.0,3.595428164959867,100.0,0.0,1.9000000000000001,24.0,,,,,,0,0,11.45,76.75,2.2,100.0,0.0,10,-0.9350748843515574,0.3544502230989869,2025-2026,0
2025-10-23,0.0,0.0,8.4,3.150000000000002,82.0,3.9,0.0,0.0,2.881522588466396,0.0,0.0,4.733333333333333,24.0,,,,,,0,0,9.05,77.25,4.699999999999999,0.0,0.0,10,-0.9288394302558068,0.3704825404820963,2025-2026,0
2025-10-24,0.0,0.0,5.8,3.9000000000000012,92.5,6.6,1.0,0.0,1.117399268934225,0.0,0.0,4.733333333333333,24.0,,,,,,0,0,7.65,85.25,5.2749999999999995,0.5,0.0,10,-0.9223291176290545,0.3864052261209853,2025-2026,0
2025-10-25,0.0,0.0,9.3,1.9999999999999982,96.0,8.4,27.0,0.0,0.6051241610119806,74.0,0.0,6.9333333333333345,24.0,,,,,,0,0,11.2,88.75,7.325000000000001,63.0,0.0,10,-0.9155458729775467,0.40221356823680365,2025-2026,0
2025-10-26,1.9000000000000001,2.9,15.9,0.9333333333333318,92.0,1.4,100.0,7.800000000000001,1.3051196581167162,100.0,13.700000000000001,1.9000000000000001,0.0,,,,,,0,3,16.575000000000003,92.75,1.75,100.0,4.275,10,-0.9084917035725082,0.41790288888678667,2025-2026,0
2025-10-27,5.1,4.5,13.8,2.466666666666665,94.0,7.0,67.5,0.7999999999999999,0.9449319074921494,84.66666666666667,1.0,5.400000000000001,0.0,,,,,,0,3,13.375,93.5,6.875,80.0,0.425,10,-0.9011686968561569,0.4334685453485363,2025-2026,0
2025-10-28,1.6,0.30000000000000004,9.1,2.616666666666667,90.5,7.15,73.5,0.1,1.4739907845446716,78.0,1.0,6.1000000000000005,0.0,,,,,,0,3,9.55,91.25,6.275,70.5,0.25,10,-0.8935790198239952,0.4489059314938798,2025-2026,0
2025-10-29,0.0,0.0,6.9,2.049999999999999,83.0,2.0,8.0,0.0,2.6731744715424357,1.3333333333333333,0.0,3.3333333333333335,19.0,,,,,,0,0,7.35,80.0,2.9,4.5,0.0,10,-0.8857249183835637,0.4642104791518923,2025-2026,1
2025-10-30,0.0,0.0,3.0,4.25,100.0,6.699999999999999,51.0,0.0,-4.440892098500626e-16,9.333333333333334,0.0,6.966666666666666,24.0,,,,,,0,0,5.4,90.25,6.8,31.5,0.0,10,-0.8776087166898392,0.4793776594606945,2025-2026,0
2025-10-31,0.0,0.0,12.0,0.21666666666666679,72.0,11.45,100.0,0.0,4.917312909184445,100.0,0.0,10.9,24.0,,,,,,0,0,13.2,70.0,11.049999999999999,100.0,0.0,10,-0.8692328164574792,0.49440298420761813,2025-2026,0
2025-11-01,25.4,0.5,11.1,0.8666666666666671,100.0,5.550000000000001,100.0,0.1,0.0,100.0,0.7000000000000001,6.7,0.0,,,,,,0,3,12.2,99.25,6.25,100.0,0.17500000000000002,11,-0.8605996962501181,0.5092820071573356,2025-2026,0
2025-11-02,3.6000000000000005,1.7,11.8,0.9166666666666661,96.0,7.949999999999999,64.0,0.1,0.6123323980565036,75.0,0.1,7.166666666666667,1.0,,,,,,0,1,11.4,95.5,7.199999999999999,63.25,0.05,11,-0.8517119107469189,0.5240103253675756,2025-2026,0
2025-11-03,2.8,2.4,9.5,1.4000000000000004,97.0,9.6,99.0,5.0,0.45107126634167294,99.0,5.9,6.866666666666667,0.0,,,,,,0,3,8.950000000000001,93.5,8.15,99.25,2.125,11,-0.8425720899866032,0.5385835804920232,2025-2026,0
2025-11-04,0.0,0.0,2.7,3.9833333333333334,98.5,5.550000000000001,19.0,0.0,0.21123921297120307,11.666666666666666,0.0,5.066666666666667,14.0,,,,,,0,0,3.475,93.25,5.225,9.75,0.0,11,-0.8331829385891785,0.5529974600700271,2025-2026,1
2025-11-05,0.0,0.0,8.5,1.916666666666666,87.5,9.600000000000001,77.5,0.0,1.9531614819586718,96.33333333333333,0.0,8.4,24.0,,,,,,0,0,9.5,83.5,8.750000000000002,86.5,0.0,11,-0.8235472349556007,0.5672476988027229,2025-2026,0
2025-11-06,0.0,0.0,6.9,4.883333333333333,97.5,5.45,89.5,0.0,0.37074653397494917,81.66666666666667,0.0,4.833333333333334,24.0,,,,,,0,0,8.975,94.75,5.0,83.25,0.0,11,-0.8136678304455991,0.5813300798152042,2025-2026,1
2025-11-07,0.0,0.0,9.0,1.9666666666666668,96.5,2.3,32.5,0.0,0.5272347660506398,51.0,0.0,4.033333333333333,24.0,,,,,,0,0,10.1,94.5,3.4749999999999996,44.75,0.0,11,-0.8035476485339116,0.5952404359043674,2025-2026,0
2025-11-08,0.0,0.0,5.1,3.716666666666667,88.0,4.85,19.5,0.0,1.8188850214172168,50.333333333333336,0.0,5.766666666666667,24.0,,,,,,0,0,5.75,85.25,5.3999999999999995,37.75,0.0,11,-0.7931896839451843,0.6089746507720486,2025-2026,0
2025-11-09,0.0,0.7,14.1,-0.36666666666666536,92.0,12.0,100.0,1.5,1.2737155383063623,100.0,3.5,10.1,0.0,,,,,,0,3,13.125,94.5,11.05,100.0,1.0499999999999998,11,-0.7825970017677834,0.6225286602431057,2025-2026,0
2025-11-10,2.9,0.5,11.8,1.9666666666666668,90.0,2.75,71.0,0.0,1.584939385564697,99.0,2.1,8.166666666666666,3.0,,,,,,0,2,11.05,94.5,6.625,85.0,0.525,11,-0.7717727365467837,0.6358984534680745,2025-2026,0
2025-11-11,0.2,0.2,8.7,0.31666666666666643,88.0,7.4,100.0,0.0,1.8756315067830274,85.33333333333333,0.0,6.033333333333334,2.0,,,,,,0,0,8.9,85.5,6.35,89.0,0.0,11,-0.7607200913564104,0.6490800741100398,2025-2026,0
2025-11-12,0.0,0.0,1.3,6.016666666666667,100.0,9.2,9.0,0.0,0.0,7.0,0.0,7.633333333333333,24.0,,,,,,0,0,1.225,93.75,8.075,8.25,0.0,11,-0.7494423368521953,0.6620696215153815,2025-2026,0
2025-11-13,0.0,0.0,10.4,0.9499999999999993,91.0,9.65,100.0,0.0,1.396388626091456,100.0,0.0,8.2,24.0,,,,,,0,0,9.899999999999999,89.25,8.625,100.0,0.0,11,-0.7379428103031386,0.6748632518680403,2025-2026,0
2025-11-14,0.0,0.0,7.9,3.216666666666667,95.5,2.2,7.0,0.0,0.6715614274189523,6.333333333333333,0.0,3.3666666666666667,24.0,,,,,,0,0,8.125,95.75,2.9000000000000004,7.75,0.0,11,-0.7262249146041543,0.6874571793269664,2025-2026,1
2025-11-15,0.0,0.0,4.9,3.333333333333334,80.0,3.6500000000000004,1.0,0.0,3.1640642203185725,0.0,0.0,4.8,24.0,,,,,,0,0,5.825,76.25,4.525,0.5,0.0,11,-0.7142921172691032,0.699847677146407,2025-2026,1
2025-11-16,0.0,0.0,2.3,4.783333333333333,86.5,10.35,6.5,0.0,2.0391641668281224,4.333333333333333,0.0,10.866666666666667,24.0,,,,,,0,0,5.025,79.5,10.675,5.0,0.0,11,-0.7021479494046978,0.7120310787787131,2025-2026,0
2025-11-17,0.0,0.0,7.1,3.033333333333333,86.5,12.75,3.0,0.0,2.097250410035403,3.0,0.0,11.200000000000001,24.0,,,,,,0,0,8.325,81.75,11.475,3.25,0.0,11,-0.6897960046655887,0.7240037789593305,2025-2026,0
2025-11-18,1.9000000000000001,0.4,7.0,3.533333333333333,92.0,9.9,50.5,2.2,1.2077025743403045,73.66666666666667,2.1999999999999997,8.4,0.0,,,,,,0,3,6.6,92.75,8.775,70.0,0.75,11,-0.6772399381909491,0.7357622347736527,2025-2026,0
2025-11-19,3.5,0.30000000000000004,3.9,1.2500000000000004,91.5,2.7,65.5,0.0,1.2550762228501662,57.666666666666664,0.0,2.8000000000000003,5.0,,,,,,0,0,3.775,92.0,2.9000000000000004,62.25,0.0,11,-0.6644834655228552,0.7473029667054297,2025-2026,0
2025-11-20,0.0,0.0,-0.1,3.9166666666666665,88.5,10.55,21.0,0.0,1.6799014616040668,14.333333333333334,0.0,9.799999999999999,24.0,,,,,,0,0,1.8,80.0,9.95,15.25,0.0,11,-0.6515303615068021,0.75862255966641,2025-2026,0
2025-11-21,0.0,0.0,6.5,-0.5333333333333341,90.0,7.3,82.5,0.0,1.5174162000801905,68.0,0.0,6.166666666666667,24.0,,,,,,0,0,7.125,87.25,6.5,71.75,0.0,11,-0.6383844591746642,0.769717664006921,2025-2026,0
2025-11-22,1.9000000000000001,0.4,7.3,1.2500000000000009,94.5,2.1500000000000004,74.0,0.0,0.8229420422301592,91.33333333333333,0.0,2.4,3.0,,,,,,0,0,7.375,94.0,2.35,80.5,0.0,11,-0.6250496486104377,0.7805849965070866,2025-2026,0
2025-11-23,0.0,0.0,1.0,4.25,91.0,10.6,58.0,0.0,1.3127557125242402,90.33333333333333,0.0,10.200000000000001,24.0,,,,,,0,0,3.15,85.0,10.325,77.75,0.0,11,-0.6115298757991053,0.7912213413483807,2025-2026,0
2025-11-24,0.0,0.0,1.6,5.549999999999999,84.5,7.6,27.5,0.0,2.3392117910822994,67.0,0.0,5.933333333333334,24.0,,,,,,0,0,3.65,80.0,6.499999999999999,56.0,0.0,11,-0.5978291414589552,0.801623551065242,2025-2026,0
2025-11-25,0.0,0.0,5.9,3.333333333333332,94.0,10.45,95.0,0.0,0.891952365717338,100.0,0.0,10.2,15.0,,,,,,0,0,6.725,90.0,10.325,97.5,0.0,11,-0.5839514998576998,0.8117885474764613,2025-2026,0
2025-11-26,4.9,2.6999999999999997,8.3,-0.6000000000000014,98.5,5.95,91.0,1.2000000000000002,0.22260128009114588,93.66666666666667,0.9,4.966666666666667,0.0,,,,,,0,2,8.275,97.5,5.225,95.0,0.32500000000000007,11,-0.5699010576127624,0.821713322596059,2025-2026,0
2025-11-27,0.0,0.0,2.8,3.783333333333333,91.0,11.649999999999999,43.0,0.0,1.3197163741791202,29.333333333333332,0.0,11.133333333333333,19.0,,,,,,0,0,4.175,82.5,11.149999999999999,33.25,0.0,11,-0.5556819724760489,0.8313949395234058,2025-2026,1
2025-11-28,1.6,4.300000000000001,9.5,2.4166666666666696,98.0,11.95,95.5,3.3,0.29841413350607127,87.33333333333333,3.0999999999999996,11.866666666666667,0.0,,,,,,0,3,8.425,95.75,12.175,90.5,1.2499999999999998,11,-0.5412984521036173,0.8408305333122887,2025-2026,0
2025-11-29,0.5,0.0,4.1,3.416666666666667,95.0,4.0,7.5,0.0,0.7265672222847184,17.0,0.0,5.466666666666666,10.0,,,,,,0,0,3.575,95.75,5.025,15.5,0.0,11,-0.5267547528105542,0.8500173118187018,2025-2026,0
2025-11-30,0.0,0.0,2.2,2.25,88.0,9.1,0.5,0.0,1.7752668261699776,0.3333333333333333,0.0,9.666666666666666,24.0,,,,,,0,0,2.875,82.75,9.5,0.5,0.0,11,-0.5120551783114646,0.8589525565270845,2025-2026,0
2025-12-01,0.0,0.0,5.1,1.0500000000000016,89.5,14.5,33.5,0.0,1.5850186076647477,25.666666666666668,0.0,14.433333333333332,24.0,,,,,,0,0,5.95,86.0,14.399999999999999,28.5,0.0,12,-0.4972040784469378,0.8676336233547726,2025-2026,0
2025-12-02,0.2,0.0,7.8,2.7333333333333316,99.5,9.8,82.5,0.0,0.07337215285600962,86.0,0.1,9.866666666666667,11.0,,,,,,0,1,8.025,98.5,9.775,86.5,0.025,12,-0.4822058478963526,0.8760579434344281,2025-2026,1
2025-12-03,2.4,0.30000000000000004,8.6,1.3500000000000014,91.5,8.600000000000001,100.0,0.4,1.3022052207845585,98.66666666666667,1.2,6.7,0.0,,,,,,0,2,8.1,93.25,7.475000000000001,99.0,0.325,12,-0.46706492487743034,0.8842230238742036,2025-2026,0
2025-12-04,4.6,1.4,0.3,1.2166666666666668,84.5,12.6,80.0,1.0,2.3098574513244134,80.66666666666667,0.8999999999999999,9.133333333333333,0.0,,,,,,0,0,0.4,82.75,10.350000000000001,79.5,0.325,12,-0.451785789832884,0.8921264484954345,2025-2026,0
2025-12-05,7.3,2.5,1.6,0.4833333333333334,94.5,4.0,99.5,2.3,0.7900887073407428,99.66666666666667,1.8,5.5,0.0,,,,,,0,0,2.25,91.25,4.625,99.75,0.925,12,-0.4363729641045924,0.8997658785476209,2025-2026,0
2025-12-06,0.0,0.0,-2.7,3.616666666666667,98.5,10.6,41.0,0.0,0.20481944012587938,41.0,0.0,10.433333333333332,14.0,,,,,,0,0,-1.2750000000000001,96.0,10.45,40.25,0.0,12,-0.42083100859565564,0.9071390534005044,2025-2026,1
2025-12-07,0.0,0.0,3.3,-2.5,79.0,11.25,70.0,0.0,3.310662259377316,63.0,0.0,11.266666666666666,24.0,,,,,,0,0,4.2,78.75,11.25,64.0,0.0,12,-0.4051645224207563,0.9142437912130223,2025-2026,0
2025-12-08,0.0,0.0,3.2,4.866666666666666,88.0,13.1,88.0,0.0,1.8064731814298947,98.66666666666667,0.0,13.733333333333334,24.0,,,,,,0,0,4.824999999999999,86.0,13.475000000000001,94.0,0.0,12,-0.3893781415452015,0.9210779895789526,2025-2026,0
2025-12-09,0.30000000000000004,0.0,3.1,2.9666666666666663,99.5,3.45,37.5,0.0,0.07055823268241301,33.0,0.0,3.533333333333333,9.0,,,,,,0,0,2.7,98.5,3.525,34.75,0.0,12,-0.37347653741307074,0.9276396261490467,2025-2026,1
2025-12-10,0.0,0.0,3.0,0.48333333333333295,94.0,4.6,69.0,0.0,0.877703197910797,48.0,0.1,2.9,24.0,,,,,,0,1,3.85,93.75,3.5999999999999996,59.5,0.025,12,-0.3574644155648614,0.9339267592294762,2025-2026,0
2025-12-11,0.0,0.0,2.6,1.0333333333333332,83.5,12.100000000000001,100.0,0.0,2.5181364395456822,100.0,0.0,13.233333333333334,16.0,,,,,,0,0,3.675,79.0,12.875,100.0,0.0,12,-0.34134651424503615,0.9399375283564133,2025-2026,0
2025-12-12,6.299999999999999,1.7999999999999998,2.5,5.199999999999999,86.5,17.0,64.0,0.4,2.018615137522695,47.0,0.1,14.5,0.0,,,,,,0,0,1.9249999999999998,81.75,15.200000000000001,57.75,0.1,12,-0.3251276029999093,0.9456701548465688,2025-2026,0
2025-12-13,0.0,0.0,-2.2,3.1333333333333333,75.0,7.0,10.0,0.0,3.82718048961459,7.333333333333333,0.0,6.666666666666667,24.0,,,,,,0,0,-2.0500000000000003,72.25,6.425,5.5,0.0,12,-0.30881248126625377,0.9511229423235357,2025-2026,0
2025-12-14,0.2,0.1,8.3,-1.0166666666666666,95.0,12.149999999999999,100.0,1.8,0.7538748820035375,100.0,8.0,7.266666666666666,0.0,,,,,,0,3,8.2,95.5,8.625,100.0,2.2,12,-0.29240597695107734,0.9562942772197719,2025-2026,0
2025-12-15,4.4,1.4,3.7,1.0499999999999998,96.5,11.7,88.0,1.5,0.505725575936363,72.33333333333333,1.7000000000000002,11.5,0.0,,,,,,0,1,3.825,94.5,11.2,79.25,0.7,12,-0.27591294500296043,0.9611826292540837,2025-2026,0
2025-12-16,0.0,0.0,4.1,0.4666666666666677,84.5,4.45,100.0,0.0,2.38023299254154,97.33333333333333,0.0,6.033333333333334,2.0,,,,,,0,0,4.375,83.25,5.275,98.0,0.0,12,-0.2593382659754056,0.9657865518844574,2025-2026,0
2025-12-17,1.4000000000000001,0.9,6.0,0.8666666666666671,97.0,7.1,83.5,0.4,0.44076194040046346,63.333333333333336,0.1,9.033333333333333,0.0,,,,,,0,1,5.8500000000000005,96.25,8.175,72.5,0.1,12,-0.2426868445825954,0.9701046827361175,2025-2026,0
2025-12-18,8.0,0.0,3.8,3.1833333333333336,95.0,4.45,36.0,0.0,0.7245100274043677,12.0,0.0,3.4333333333333336,8.0,,,,,,0,0,3.025,92.75,3.9250000000000003,21.5,0.0,12,-0.22596360824801906,0.974135744004672,2025-2026,0
2025-12-19,0.0,0.0,-0.3,2.3333333333333335,81.5,11.95,0.0,0.0,2.7885143536905526,0.0,0.0,12.9,24.0,,,,,,0,0,1.35,83.5,12.525,0.0,0.0,12,-0.20917350564635637,0.9778785428342386,2025-2026,0
2025-12-20,0.0,0.0,8.8,-2.3166666666666673,86.5,17.5,97.0,0.0,2.1595352762779143,89.33333333333333,0.0,18.099999999999998,4.0,,,,,,0,0,11.15,83.75,17.925,90.75,0.0,12,-0.19232150523909483,0.9813319716704275,2025-2026,0
2025-12-21,0.0,0.0,11.4,-0.06666666666666643,89.5,17.5,100.0,0.0,1.6753860398914142,100.0,0.0,16.933333333333334,24.0,,,,,,0,0,12.375,88.25,17.0,100.0,0.0,12,-0.17541259380427843,0.9844950085880858,2025-2026,0
2025-12-22,1.0,0.0,5.4,2.8000000000000007,80.5,13.1,87.0,0.0,3.0755813880625382,78.66666666666667,0.0,12.166666666666666,7.0,,,,,,0,0,4.675,79.0,12.4,79.75,0.0,12,-0.15845177496083632,0.9873667175937016,2025-2026,0
2025-12-23,0.0,0.0,-2.7,2.8000000000000003,91.0,4.3,3.5,0.0,1.2666440649920072,1.6666666666666667,0.0,6.333333333333333,24.0,,,,,,0,0,-1.7249999999999999,88.75,5.625,2.25,0.0,12,-0.14144406768794202,0.9899462489023779,2025-2026,0
2025-12-24,0.2,1.0,8.1,-1.3166666666666655,97.5,8.9,100.0,8.6,0.37222611040131603,88.66666666666667,7.4,15.233333333333334,0.0,,,,,,0,3,8.725,94.75,12.925,91.5,2.825,12,-0.12439450483979998,0.9922328391893008,2025-2026,0
2025-12-25,0.6,0.8,10.2,0.3666666666666689,98.0,4.05,100.0,1.2,0.3018603365585406,100.0,1.4,3.0,0.0,,,,,,0,3,9.975,98.0,3.425,100.0,0.525,12,-0.10730813165636247,0.9942258118156161,2025-2026,0
2025-12-26,3.5999999999999996,0.0,2.6,4.950000000000001,92.5,10.2,100.0,0.8,1.089294531783588,100.0,3.4,11.133333333333333,0.0,,,,,,0,0,1.625,95.75,10.549999999999999,100.0,0.9,12,-0.09019000427034513,0.9959245770286599,2025-2026,0
2025-12-27,0.6,0.0,-3.7,2.4000000000000004,92.5,7.6,78.0,0.0,1.0332905376333859,80.66666666666667,0.0,6.433333333333334,8.0,,,,,,0,0,-3.625,90.75,6.775,75.75,0.0,12,-0.07304518821104743,0.9973286321364752,2025-2026,0
2025-12-28,3.8999999999999995,1.2,1.5,0.43333333333333335,94.0,2.9000000000000004,54.5,0.0,0.8586481799286101,75.0,0.0,4.2,2.0,,,,,,0,0,0.5499999999999999,95.25,3.7,68.0,0.0,12,-0.05587875690537313,0.9984375616565666,2025-2026,1
2025-12-29,0.0,0.0,-0.7,0.28333333333333327,87.5,12.25,1.0,0.0,1.8207503827191884,3.6666666666666665,0.0,12.633333333333335,24.0,,,,,,0,0,0.07500000000000001,84.75,12.524999999999999,2.75,0.0,12,-0.03869579017652689,0.9992510374388481,2025-2026,0
2025-12-30,2.1,0.7,2.4,1.7166666666666663,97.5,5.05,80.5,0.30000000000000004,0.35727247852365895,82.0,1.6,6.099999999999999,0.0,,,,,,0,3,2.9749999999999996,98.0,5.6,86.5,0.45,12,-0.021501372740813793,0.999768818762748,2025-2026,0
2025-12-31,3.4999999999999996,0.5,2.1,2.983333333333333,96.0,3.6,89.5,0.2,0.5720487083321137,91.0,0.4,4.0,0.0,,,,,,0,3,2.3,94.75,3.9,92.25,0.125,12,-0.004300592702981974,0.9999907524084426,2025-2026,0
2026-01-01,2.5,1.3,1.1,1.0999999999999996,91.5,8.15,64.5,0.9,1.2238028496668742,49.666666666666664,1.4,5.866666666666667,0.0,,,,,,0,0,0.07500000000000001,91.25,6.35,59.0,0.45,1,0.017201575418260506,0.9998520419557735,2025-2026,0
2026-01-02,1.5,0.5,0.6,0.3833333333333334,89.5,4.5,99.0,1.4,1.5294903976962781,99.0,1.4,5.8,0.0,,,,,,0,0,0.85,89.5,5.1,99.25,0.525,1,0.03439806061360801,0.9994082116062598,2025-2026,0
2026-01-03,5.300000000000001,3.9000000000000004,-4.2,2.833333333333333,65.5,6.15,75.5,5.3,5.509388317093855,83.66666666666667,2.7,3.4,0.0,,,,,,0,0,-3.5999999999999996,70.25,4.2,80.25,1.7,1,0.051584366869408364,0.9986686402879997,2025-2026,0
2026-01-04,1.8000000000000003,0.0,0.9,-0.5166666666666667,80.5,1.3,99.5,0.0,2.9874727026997423,100.0,0.0,3.5,10.0,,,,,,0,0,1.5750000000000002,82.0,3.05,99.75,0.0,1,0.06875540848113941,0.9976335468520451,2025-2026,0
2026-01-05,0.6,0.2,2.8,0.7833333333333337,88.0,6.550000000000001,100.0,0.0,1.7941035245935995,100.0,0.1,6.766666666666667,2.0,,,,,,0,1,3.2249999999999996,86.5,6.675000000000001,100.0,0.025,1,0.08590610426133272,0.9963032375991965,2025-2026,0
2026-01-06,1.0,0.30000000000000004,0.1,1.6,80.0,6.699999999999999,95.0,0.0,3.0360842728684245,94.66666666666667,0.0,5.166666666666667,5.0,,,,,,0,0,-0.32499999999999996,82.75,5.6499999999999995,95.25,0.0,1,0.10303137904317879,0.9946781061893646,2025-2026,0
2026-01-07,0.0,0.0,-3.6,0.5333333333333337,85.0,8.8,100.0,0.0,2.212401566046413,100.0,0.0,9.033333333333333,24.0,,,,,,0,0,-0.6000000000000001,85.0,9.025,100.0,0.0,1,0.1201261651823505,0.9927586335250793,2025-2026,0
2026-01-08,0.9,1.1,2.3,-0.8166666666666664,95.5,6.65,99.5,2.1,0.6445075345939613,99.66666666666667,2.1,8.8,0.0,,,,,,0,0,2.0500000000000003,95.0,8.25,99.75,0.825,1,0.13718540405660057,0.9905453876091833,2025-2026,0
2026-01-09,0.6,0.0,-0.7,-0.7333333333333334,87.0,4.05,100.0,0.0,1.892826608984653,99.33333333333333,0.0,2.566666666666667,7.0,,,,,,0,0,-0.45,86.0,3.075,99.5,0.0,1,0.1542040475626894,0.988039023376751,2025-2026,0
2026-01-10,0.0,0.0,-3.5,2.9,85.5,14.1,93.0,0.0,2.1044660667365145,41.666666666666664,0.0,15.6,24.0,,,,,,0,0,-1.3999999999999997,82.0,15.075,56.25,0.0,1,0.17117705961019986,0.985240282501282,2025-2026,0
2026-01-11,5.8999999999999995,1.3,2.6,3.2500000000000004,97.0,10.75,100.0,1.3,0.42917535296018583,94.0,2.0,17.0,0.0,,,,,,0,0,2.625,94.25,14.2,95.5,0.625,1,0.18809941761179758,0.9821499931752291,2025-2026,0
2026-01-12,2.6,0.8,-3.1,0.8166666666666669,87.5,3.0,88.0,0.8,1.7754223997504264,86.0,0.7,2.7000000000000006,0.0,,,,,,0,0,-3.3000000000000003,86.5,2.925,88.0,0.30000000000000004,1,0.20496611396949532,0.9787690698649216,2025-2026,0
2026-01-13,0.0,0.0,1.3,-1.1166666666666667,77.0,13.4,100.0,0.1,3.619924908414486,99.66666666666667,0.5,13.6,0.0,,,,,,0,1,2.8,76.75,13.524999999999999,99.75,0.125,1,0.22177215755648186,0.975098513039961,2025-2026,0
2026-01-14,2.9000000000000004,1.4,0.3,1.7333333333333332,93.0,14.1,92.0,1.3,1.004811419839591,97.33333333333333,1.4,8.8,0.0,,,,,,0,0,0.75,94.5,10.475,94.0,0.55,1,0.23851257519407648,0.9711394088771653,2025-2026,0
2026-01-15,0.2,0.0,0.0,1.8833333333333335,90.0,9.45,100.0,0.0,1.4572993287189715,93.33333333333333,0.0,10.266666666666666,11.0,,,,,,0,0,0.8250000000000001,89.0,10.025,95.0,0.0,1,0.2551824131233728,0.9668929289391521,2025-2026,1
2026-01-16,9.2,0.6,3.7,0.28333333333333277,87.0,2.4000000000000004,53.0,1.0,1.9801994061904797,60.666666666666664,0.1,3.0,0.0,,,,,,0,1,4.3,92.5,2.5250000000000004,61.75,0.25,1,0.2717767384711357,0.9623603298276545,2025-2026,0
2026-01-17,0.0,0.0,-3.4,4.266666666666667,84.5,12.25,6.5,0.0,2.2657026821594823,6.333333333333333,0.0,10.833333333333334,21.0,,,,,,0,0,-1.4,81.75,11.25,6.75,0.0,1,0.2882906407095177,0.9575429528116719,2025-2026,0
2026-01-18,0.0,0.0,0.2,4.266666666666667,100.0,3.8499999999999996,100.0,0.0,0.0,100.0,0.0,5.366666666666667,14.0,,,,,,0,0,-0.5499999999999999,100.0,4.8,100.0,0.0,1,0.3047192331091634,0.9524422234305676,2025-2026,0
2026-01-19,0.0,0.0,-3.8,3.9166666666666665,64.0,13.7,0.0,0.0,5.941270560919927,19.0,0.0,13.266666666666666,24.0,,,,,,0,0,-0.45000000000000007,63.5,13.475000000000001,14.25,0.0,1,0.321057654185271,0.9470596510722283,2025-2026,0
2026-01-20,6.5,2.7,5.3,1.583333333333334,97.0,18.25,100.0,1.1,0.42882664919258584,100.0,0.30000000000000004,14.633333333333335,0.0,,,,,,0,0,1.975,92.75,16.275,100.0,0.30000000000000004,1,0.3373010691361842,0.9413968285264122,2025-2026,0
2026-01-21,0.1,0.1,-1.7,0.6333333333333333,83.0,10.55,56.5,0.2,2.494865940605594,39.666666666666664,0.1,9.9,0.0,,,,,,0,0,-1.9749999999999999,81.5,10.05,45.5,0.05,1,0.3534446712740877,0.9354554315134164,2025-2026,0
2026-01-22,2.7,2.4000000000000004,-2.2,0.3666666666666669,75.0,10.350000000000001,98.0,0.2,3.805123069809646,93.66666666666667,0.4,5.7,0.0,,,,,,0,0,-3.625,78.75,7.1000000000000005,94.25,0.125,1,0.3694836834473831,0.9292372181882051,2025-2026,0
2026-01-23,3.7,0.1,-5.2,1.816666666666666,89.0,6.75,97.0,0.6000000000000001,1.5521781998081394,93.66666666666667,0.8999999999999999,6.066666666666667,0.0,,,,,,0,0,-3.1,87.75,6.1,95.0,0.275,1,0.38541335945432564,0.9227440286201427,2025-2026,0
2026-01-24,4.2,1.9,-0.8,0.6333333333333334,81.5,7.05,96.5,1.7000000000000002,2.779395607840631,99.66666666666667,2.8,5.733333333333333,0.0,,,,,,0,0,-0.39999999999999997,79.5,6.35,98.0,0.9,1,0.4012289854475009,0.9159777842484877,2025-2026,0
2026-01-25,4.1000000000000005,2.0999999999999996,-3.3,2.2,85.0,2.0999999999999996,98.5,1.7999999999999998,2.1314441399656925,99.33333333333333,1.9,4.1000000000000005,0.0,,,,,,0,0,-4.7,86.5,3.65,99.0,0.575,1,0.4169258813287287,0.908940487313808,2025-2026,0
2026-01-26,1.6,0.2,-2.4,0.14999999999999947,85.5,9.05,100.0,0.0,2.108816420029256,97.33333333333333,0.0,6.7,5.0,,,,,,0,0,-1.7249999999999999,84.5,7.550000000000001,98.0,0.0,1,0.4324994021339788,0.901634220265486,2025-2026,0
2026-01-27,0.0,0.0,-4.6,1.0333333333333328,79.0,10.55,100.0,0.0,3.1501633913643134,100.0,0.0,9.233333333333333,24.0,,,,,,0,0,-1.1,78.0,9.55,100.0,0.0,1,0.44794493940789115,0.8940611451454876,2025-2026,0
2026-01-28,2.3000000000000003,0.0,0.6,0.9833333333333333,89.0,5.9,100.0,0.0,1.6022859582281908,100.0,0.0,6.066666666666666,2.0,,,,,,0,0,0.30000000000000004,88.25,6.125,100.0,0.0,1,0.4632579225674917,0.88622350294858,2025-2026,0
2026-01-29,0.0,0.0,-3.1,2.0166666666666666,89.5,3.95,88.0,0.0,1.4909590720794696,97.33333333333333,0.4,5.000000000000001,2.0,,,,,,0,0,-2.6999999999999997,90.5,4.625,93.25,0.1,1,0.4784338202547012,0.8781236129591848,2025-2026,0
2026-01-30,2.9000000000000004,1.2,-1.9,0.8833333333333331,83.0,8.2,85.5,0.8,2.494865940605594,74.33333333333333,1.5,6.233333333333333,0.0,,,,,,0,1,-2.175,81.75,6.8999999999999995,76.5,0.42500000000000004,1,0.49346814167723735,0.8697638720650646,2025-2026,0
2026-01-31,0.5,0.0,-1.7,-0.20000000000000018,80.5,6.35,96.0,0.0,2.9066189368820474,80.0,0.0,4.6000000000000005,3.0,,,,,,0,0,-2.2,79.75,5.15,83.75,0.0,1,0.5083564379375122,0.8611467540480452,2025-2026,0
2026-02-01,0.0,0.2,-0.4,-0.21666666666666667,95.5,2.7,100.0,1.5,0.6311886182213865,99.66666666666667,0.8999999999999999,2.066666666666667,0.0,,,,,,0,0,-0.225,96.5,2.35,99.75,0.5,2,0.5230943033491326,0.8522748088519838,2025-2026,0
2026-02-02,4.5,1.2000000000000002,0.2,0.9500000000000002,89.5,5.2,95.5,1.2000000000000002,1.519500065986989,98.33333333333333,1.9,4.2,0.0,,,,,,0,0,0.075,88.75,4.75,96.5,0.675,2,0.5376773767406141,0.8431506618282,2025-2026,0
2026-02-03,3.8000000000000007,0.7,-1.4,1.1833333333333333,89.5,4.15,55.5,0.1,1.4940483278250718,59.333333333333336,0.0,2.3333333333333335,1.0,,,,,,0,0,-1.9250000000000003,86.75,2.8750000000000004,56.5,0.025,2,0.5521013427459208,0.8337770129585915,2025-2026,0
2026-02-04,0.0,0.0,-8.3,4.433333333333334,88.0,10.1,79.0,0.0,1.6371381028803018,82.0,0.0,10.666666666666666,24.0,,,,,,0,0,-6.45,86.0,10.375,80.5,0.0,2,0.5663619330814524,0.8241566360566663,2025-2026,0
2026-02-05,0.0,0.4,1.5,1.7333333333333338,94.5,7.25,75.5,0.0,0.7836622200006276,75.66666666666667,0.0,7.766666666666666,5.0,,,,,,0,0,1.4,93.0,7.550000000000001,72.0,0.0,2,0.580454927809098,0.8142923779467267,2025-2026,1
2026-02-06,0.1,0.5,1.9,0.8666666666666671,96.0,6.95,97.5,0.1,0.568559912333613,98.33333333333333,0.1,6.333333333333333,0.0,,,,,,0,1,2.25,93.25,6.5,97.5,0.025,2,0.5943761565849831,0.804187157621448,2025-2026,0
2026-02-07,0.0,0.0,-1.0,2.6166666666666663,85.0,6.6,100.0,0.0,2.1960904636543668,100.0,0.0,4.433333333333333,18.0,,,,,,0,0,-1.5500000000000003,82.5,4.95,100.0,0.0,2,0.6081214998935418,0.7938439653781019,2025-2026,0
2026-02-08,0.0,0.0,-3.0,0.34999999999999964,88.5,6.55,98.0,0.0,1.6240038248158175,100.0,0.2,3.2999999999999994,2.0,,,,,,0,0,-4.275,87.75,4.625,99.0,0.05,2,0.6216868902665479,0.7832658619336791,2025-2026,0
2026-02-09,4.800000000000001,1.1,-3.6,-2.316666666666667,84.5,9.55,82.5,1.1,2.2395983588767105,64.0,0.8,6.366666666666667,0.0,,,,,,0,0,-2.825,84.75,7.675000000000001,67.0,0.275,2,0.6350683134867438,0.7724559775191742,2025-2026,0
2026-02-10,0.0,0.0,-7.1,6.3,85.5,7.300000000000001,85.5,0.0,2.079321826835143,85.66666666666667,0.0,10.033333333333333,24.0,,,,,,0,0,-4.65,85.75,9.100000000000001,88.0,0.0,2,0.6482618097757122,0.7614175109532997,2025-2026,0
2026-02-11,0.8,2.3,3.7,0.6333333333333329,88.5,6.05,100.0,2.3,1.722093035861571,100.0,2.9000000000000004,3.233333333333333,0.0,,,,,,0,3,3.5,88.75,4.175,100.0,1.05,2,0.6612634749656386,0.7501537286959042,2025-2026,0
2026-02-12,1.3,0.0,-0.8,3.6166666666666663,81.0,3.0999999999999996,94.0,0.0,2.872583009234674,75.66666666666667,0.0,2.1666666666666665,8.0,,,,,,0,0,0.07500000000000001,78.5,2.6999999999999997,81.5,0.0,2,0.6740694616546161,0.7386679638813748,2025-2026,0
2026-02-13,0.0,0.0,2.2,0.9500000000000002,97.0,6.949999999999999,97.5,0.0,0.42361306933524556,75.0,0.0,4.233333333333333,2.0,,,,,,0,0,1.475,95.75,5.124999999999999,81.25,0.0,2,0.6866759803451553,0.726963615332308,2025-2026,0
2026-02-14,0.0,0.0,-0.6,1.6166666666666667,87.5,5.9,38.0,0.0,1.8364863063444727,64.33333333333333,0.0,8.833333333333334,18.0,,,,,,0,0,-0.15000000000000002,89.5,7.825,54.5,0.0,2,0.6990793005655562,0.7150441465537444,2025-2026,0
2026-02-15,0.0,0.0,3.4,1.1,80.0,11.05,79.5,0.0,3.160262876676319,74.33333333333333,0.0,10.666666666666666,24.0,,,,,,0,0,5.0249999999999995,79.75,10.825000000000001,80.75,0.0,2,0.7112757519738152,0.7029130847082615,2025-2026,0
2026-02-16,0.3,0.5,4.4,3.216666666666667,96.0,4.9,96.0,0.0,0.5792926233454732,70.0,0.0,4.933333333333334,5.0,,,,,,0,0,3.3,95.25,4.925000000000001,77.25,0.0,2,0.7232617254437388,0.6905740195722294,2025-2026,0
2026-02-17,0.0,0.1,-0.5,1.5499999999999998,80.0,4.45,31.0,0.0,2.9718437484789835,72.66666666666667,0.0,3.0,5.0,,,,,,0,0,-3.3,81.5,3.7,56.75,0.0,2,0.7350336741329412,0.6780306024735382,2025-2026,0
2026-02-18,0.0,0.0,-6.9,5.533333333333334,90.0,9.45,64.5,0.0,1.3745869711847263,49.0,0.0,10.866666666666667,24.0,,,,,,0,0,-5.575,88.25,10.424999999999999,52.5,0.0,2,0.746588114532413,0.6652865452111116,2025-2026,0
2026-02-19,3.6,0.0,-2.0,2.85,70.5,13.3,98.0,0.0,4.686125988424014,98.33333333333333,0.0,13.299999999999999,7.0,,,,,,0,0,-0.85,70.25,13.275,98.25,0.0,2,0.7579216274973472,0.6523456189565257,2025-2026,0
2026-02-20,0.0,0.0,-9.0,5.633333333333333,79.0,6.05,94.5,0.0,3.010096545817307,68.66666666666667,0.0,6.0,20.0,,,,,,0,0,-6.425000000000001,76.0,6.025,76.5,0.0,2,0.7690308592589181,0.6392116531380588,2025-2026,0
2026-02-21,0.0,0.0,-2.2,4.45,88.0,5.5,21.0,0.0,1.7207716082285303,22.333333333333332,0.0,7.566666666666666,24.0,,,,,,0,0,-1.325,87.0,6.925000000000001,26.5,0.0,2,0.7799125224167177,0.6258885343075018,2025-2026,0
2026-02-22,0.0,0.0,4.2,-1.65,81.0,15.55,86.0,0.0,3.0032370296176065,84.66666666666667,0.0,15.333333333333334,24.0,,,,,,0,0,6.275,78.0,15.5,83.75,0.0,2,0.7905633969115482,0.612380204990065,2025-2026,0
2026-02-23,0.0,0.0,7.5,3.1833333333333353,95.5,5.0,75.0,0.1,0.6686171658487172,35.333333333333336,0.0,4.733333333333333,1.0,,,,,,0,0,6.175,92.25,4.425,44.75,0.025,2,0.8009803309782905,0.5986906625177214,2025-2026,0
2026-02-24,0.0,0.0,2.2,0.8833333333333333,74.5,2.75,100.0,0.0,4.054695545875607,100.0,0.0,3.633333333333333,24.0,,,,,,0,0,2.3,74.25,3.0999999999999996,100.0,0.0,2,0.8111602420785621,0.5848239578463322,2025-2026,0
2026-02-25,4.6,1.5,5.6,-0.18333333333333268,95.0,0.95,100.0,2.8,0.7357126101840556,100.0,3.5,1.5,0.0,,,,,,0,3,4.800000000000001,94.75,1.275,100.0,1.275,2,0.8211001178128892,0.5707841943569036,2025-2026,0
2026-02-26,0.0,0.0,4.4,1.7000000000000002,100.0,1.2,100.0,0.0,8.881784197001252e-16,100.0,0.0,1.4000000000000001,14.0,,,,,,0,0,5.425,98.5,1.2,100.0,0.0,2,0.8307970168121247,0.5565755266413303,2025-2026,0
2026-02-27,0.0,0.0,3.9,1.8000000000000003,97.0,6.6,100.0,0.0,0.434598351703241,100.0,0.0,7.266666666666667,3.0,,,,,,0,0,4.8500000000000005,95.5,7.0249999999999995,100.0,0.0,2,0.8402480696078469,0.5422021592729844,2025-2026,0
2026-02-28,0.30000000000000004,0.0,7.8,0.9333333333333345,100.0,10.9,100.0,1.1,0.0,100.0,0.6,13.1,0.0,,,,,,0,3,7.975,100.0,12.024999999999999,100.0,0.32500000000000007,2,0.8494504794814806,0.527668345562516,2025-2026,0
2026-03-01,0.30000000000000004,0.0,3.3,2.0666666666666664,96.5,3.8,93.5,0.0,0.5002145502282347,98.66666666666667,0.0,3.9,11.0,,,,,,0,0,2.6500000000000004,95.25,3.8499999999999996,96.25,0.0,3,0.8584015232918917,0.512978386299228,2025-2026,0
2026-03-02,0.0,0.0,1.5,2.15,76.5,1.55,100.0,0.0,3.686324243806572,100.0,0.0,1.5666666666666664,24.0,,,,,,0,0,2.95,73.5,1.7249999999999999,100.0,0.0,3,0.8670985522812081,0.4981366284784055,2025-2026,0
2026-03-03,0.1,0.30000000000000004,6.4,0.06666666666666554,100.0,7.6499999999999995,100.0,1.5,0.0,100.0,3.6,6.099999999999999,0.0,,,,,,0,3,6.75,100.0,6.35,100.0,1.075,3,0.8755389928586302,0.4831474640149687,2025-2026,0
2026-03-04,7.6,0.5,5.7,2.666666666666667,96.0,17.3,99.5,0.30000000000000004,0.585638887128507,100.0,1.5,16.233333333333334,0.0,,,,,,0,3,4.975,96.0,16.425,99.75,0.425,3,0.8837203473619977,0.4680153284438345,2025-2026,0
2026-03-05,1.7000000000000002,0.2,2.6,0.6333333333333329,77.0,12.95,96.0,0.30000000000000004,3.631648576758657,92.0,0.30000000000000004,12.133333333333333,0.0,,,,,,0,0,3.0,76.5,12.325,93.5,0.1,3,0.8916401947968874,0.45274469960737107,2025-2026,0
2026-03-06,0.0,0.0,-1.5,3.1500000000000004,60.5,8.6,100.0,0.0,6.919096167254503,100.0,0.0,12.966666666666667,23.0,,,,,,0,0,5.525,57.5,11.275,100.0,0.0,3,0.8992961915530253,0.4373400963303323,2025-2026,0
2026-03-07,8.100000000000001,4.3,4.7,2.666666666666666,100.0,9.65,99.5,0.9,0.0,77.0,1.7000000000000002,10.533333333333333,0.0,,,,,,0,1,4.1,95.75,10.35,82.5,0.55,3,0.9066860720977985,0.4218060770826634,2025-2026,0
2026-03-08,0.0,0.1,-0.1,2.066666666666667,80.0,10.0,65.5,0.6000000000000001,3.0422969925574894,76.33333333333333,0.2,12.0,0.0,,,,,,0,0,0.75,74.5,11.475000000000001,73.5,0.15000000000000002,3,0.9138076496466615,0.40614723863057883,2025-2026,0
2026-03-09,0.0,0.0,-0.2,2.083333333333333,77.0,2.9000000000000004,37.5,0.0,3.5543272536754196,9.666666666666666,0.0,4.1000000000000005,20.0,,,,,,0,0,0.825,73.25,3.75,23.25,0.0,3,0.9206588168102428,0.3903682146763026,2025-2026,0
2026-03-10,0.0,0.1,0.3,0.8833333333333333,95.0,10.65,99.5,0.6,0.7119367706832352,90.66666666666667,1.4,11.299999999999999,0.0,,,,,,0,0,1.775,89.75,10.8,93.0,0.37499999999999994,3,0.9272375462179537,0.374473674486883,2025-2026,0
2026-03-11,0.0,0.0,-2.4,4.366666666666667,83.5,2.1500000000000004,0.5,0.0,2.4052827982091705,0.3333333333333333,0.0,2.9333333333333336,17.0,,,,,,0,0,-1.425,77.25,2.725,0.25,0.0,3,0.9335418911179212,0.35846832151248087,2025-2026,0
2026-03-12,0.0,0.0,-2.4,1.7999999999999998,92.0,7.15,1.0,0.0,1.1200797806908942,0.6666666666666666,0.0,7.033333333333334,24.0,,,,,,0,0,-1.4,85.75,6.925000000000001,1.0,0.0,3,0.9395699859530622,0.342356891994542,2025-2026,0
2026-03-13,0.0,0.0,-1.1,0.8333333333333334,87.5,1.9,99.0,0.0,1.8170136387580962,92.0,0.0,3.1666666666666665,24.0,,,,,,0,0,0.75,80.75,2.825,93.75,0.0,3,0.945320046913132,0.3261441535642696,2025-2026,0
2026-03-14,0.0,0.0,3.3,-0.5666666666666669,84.0,12.2,86.0,0.0,2.4434845820393085,75.0,0.0,12.533333333333333,24.0,,,,,,0,0,3.875,81.0,12.399999999999999,76.75,0.0,3,0.9507903724625832,0.3098349038318025,2025-2026,0
2026-03-15,0.0,0.0,1.7,3.0166666666666657,98.5,4.35,79.0,0.0,0.21184344180568426,46.333333333333336,0.0,6.933333333333333,24.0,,,,,,0,0,3.075,92.75,6.0,59.5,0.0,3,0.9559793438440766,0.2934339689665273,2025-2026,0
2026-03-16,0.0,0.0,2.7,2.3166666666666664,89.0,5.85,10.0,0.0,1.6253236049963982,4.0,0.0,5.866666666666667,24.0,,,,,,0,0,3.0500000000000003,81.75,6.025,6.75,0.0,3,0.9608854255574977,0.27694620226893646,2025-2026,0
2026-03-17,0.0,0.0,-0.3,3.566666666666666,88.5,2.45,0.0,0.0,1.6648123393233907,11.333333333333334,0.0,3.0,24.0,,,,,,0,0,1.55,81.5,2.7249999999999996,8.5,0.0,3,0.9655071658143364,0.2603764827344581,2025-2026,0
2026-03-18,0.0,0.0,-1.6,5.800000000000001,94.5,11.55,53.5,0.0,0.7750279569425409,74.33333333333333,0.0,11.833333333333334,24.0,,,,,,0,0,2.8,83.5,11.6,76.75,0.0,3,0.969843196967294,0.24372971360968387,2025-2026,0
2026-03-19,7.7,5.0,8.6,-0.5833333333333321,99.0,9.65,100.0,7.7,0.14860099269527538,100.0,6.3,9.5,0.0,,,,,,0,3,8.649999999999999,99.0,9.0,100.0,2.625,3,0.9738922359149924,0.22701082094141847,2025-2026,0
2026-03-20,0.1,0.0,3.3,2.0666666666666664,94.5,3.1,100.0,0.0,0.795894911009007,99.66666666666667,0.0,2.6333333333333333,12.0,,,,,,0,0,3.2,90.25,2.75,99.75,0.0,3,0.9776530844816641,0.2102247521189836,2025-2026,0
2026-03-21,1.6,0.0,-0.5,6.216666666666666,82.0,5.3,0.0,0.0,2.676257084878642,0.6666666666666666,0.0,6.033333333333334,10.0,,,,,,0,0,0.19999999999999996,72.75,5.925000000000001,0.5,0.0,3,0.981124629771712,0.19337647441020586,2025-2026,0
2026-03-22,0.0,0.0,-2.9,5.45,57.0,8.65,37.0,0.0,7.342295295871385,76.33333333333333,0.0,8.033333333333333,24.0,,,,,,0,0,1.4250000000000003,47.25,8.1,68.5,0.0,3,0.984305844499033,0.17647097349152166,2025-2026,0
2026-03-23,0.0,0.1,6.2,0.7333333333333334,94.0,10.7,100.0,0.1,0.8948159180678052,59.333333333333336,0.0,9.9,1.0,,,,,,0,0,7.500000000000001,90.5,9.974999999999998,69.5,0.025,3,0.9871957872910085,0.15951325197263655,2025-2026,0
2026-03-24,0.2,0.0,4.5,3.3500000000000005,100.0,3.95,100.0,0.0,0.0,100.0,0.0,3.933333333333333,9.0,,,,,,0,0,4.25,97.25,4.15,100.0,0.0,3,0.9897936029670716,0.14250832791617088,2025-2026,0
2026-03-25,0.0,0.0,8.5,-2.5666666666666664,82.5,12.399999999999999,90.0,0.0,2.8108782885778387,100.0,0.0,13.566666666666668,24.0,,,,,,0,0,9.7,77.25,13.325,95.0,0.0,3,0.992098522791769,0.12546123335273648,2025-2026,0
2026-03-26,11.7,0.5,8.2,0.2500000000000018,97.0,2.25,100.0,0.2,0.44785908935856256,100.0,0.0,4.0,1.0,,,,,,0,0,8.425,95.75,3.4000000000000004,100.0,0.05,3,0.9941098647022418,0.10837701279187609,2025-2026,0
2026-03-27,0.0,0.0,5.2,3.5333333333333323,100.0,6.45,100.0,0.0,8.881784197001252e-16,94.33333333333333,0.0,4.566666666666667,15.0,,,,,,0,0,5.775,95.25,4.925,95.75,0.0,3,0.9958270335100595,0.09126072172931188,2025-2026,0
2026-03-28,0.0,0.0,1.8,6.1,84.0,12.2,2.0,0.0,2.4316500656024562,1.0,0.0,10.166666666666666,24.0,,,,,,0,0,6.324999999999999,73.25,10.674999999999999,1.25,0.0,3,0.9972495210773451,0.07411742515094437,2025-2026,0
2026-03-29,0.0,0.0,7.6,3.4000000000000004,89.0,2.8499999999999996,4.0,0.0,1.7008171417789626,3.3333333333333335,0.0,2.533333333333333,14.0,,,,,,0,0,9.625,84.5,2.5999999999999996,3.75,0.0,3,0.998376906467142,0.056952196034039754,2025-2026,0
2026-03-30,0.0,0.0,9.5,2.9000000000000004,93.0,11.5,60.0,0.7,1.0762971520541207,74.66666666666667,0.0,11.0,1.0,,,,,,0,0,11.275,88.75,11.075,69.25,0.175,3,0.9992088560679753,0.03977011384605572,2025-2026,0
2026-03-31,0.0,0.1,13.7,2.4333333333333336,94.0,22.55,100.0,3.3,0.9486163624172672,100.0,9.9,30.200000000000003,0.0,,,,,,0,3,14.25,90.0,27.650000000000002,100.0,2.85,3,0.9997451236925734,0.022576263041545485,2025-2026,0
2026-04-01,4.8999999999999995,0.7,10.5,2.583333333333334,98.0,10.35,100.0,0.0,0.3018603365585406,100.0,0.1,7.566666666666667,5.0,,,,,,0,1,10.100000000000001,97.75,8.6,100.0,0.025,4,0.9999855506507186,0.005375731557583884,2025-2026,0
2026-04-02,5.199999999999999,3.0,8.7,1.6000000000000014,99.0,16.85,100.0,1.4,0.1470706354937521,100.0,2.7,15.833333333333334,0.0,,,,,,0,3,7.050000000000001,98.75,16.25,100.0,0.825,4,0.9999300657962057,-0.011826390691832589,2025-2026,0
2026-04-03,0.0,0.0,3.9,2.650000000000001,85.0,3.9499999999999997,2.0,0.0,2.284696230926274,24.0,0.0,3.5,18.0,,,,,,0,0,6.4,78.5,3.575,18.25,0.0,4,0.9995786855478958,-0.029025013321975237,2025-2026,0
2026-04-04,0.0,0.0,12.4,-1.3000000000000007,69.0,23.85,100.0,0.0,5.557735206408081,100.0,0.6,21.7,24.0,,,,,,0,2,12.825,71.25,22.475,100.0,0.15,4,0.9989315138848577,-0.046215046983708354,2025-2026,0
2026-04-05,10.6,2.0,12.9,2.8499999999999996,100.0,7.449999999999999,100.0,0.7,0.0,100.0,0.7000000000000001,6.133333333333333,0.0,,,,,,0,3,12.5,97.75,6.75,100.0,0.24999999999999997,4,0.9979887423155984,-0.06339140486951038,2025-2026,0
2026-04-06,0.0,0.0,8.6,3.716666666666665,97.0,9.45,14.5,0.0,0.4528607599355592,15.0,0.0,7.066666666666667,20.0,,,,,,0,0,12.424999999999999,86.75,7.55,13.5,0.0,4,0.9967506498213929,-0.08054900421874167,2025-2026,0
2026-04-07,0.0,0.0,14.8,1.3833333333333329,93.0,5.1499999999999995,100.0,0.4,1.1175013598573447,100.0,2.5,9.833333333333334,0.0,,,,,,0,3,12.675,96.0,9.674999999999999,100.0,0.6499999999999999,4,0.9952176027737294,-0.09768276782171598,2025-2026,0
2026-04-08,0.0,0.1,5.9,-0.4833333333333334,69.5,5.85,27.0,0.0,5.128168577747826,23.333333333333332,0.0,9.0,6.0,,,,,,0,0,6.475,62.75,8.4,24.0,0.0,4,0.9933900548258936,-0.11478762552212701,2025-2026,0
2026-04-09,0.0,0.0,6.8,0.4499999999999993,74.0,17.049999999999997,81.5,0.0,4.323940868636871,100.0,0.0,18.3,24.0,,,,,,0,0,9.45,65.75,17.825,90.75,0.0,4,0.9912685467787256,-0.13185851571739118,2025-2026,0
2026-04-10,4.8,9.4,14.5,-1.2333333333333325,87.0,23.15,100.0,1.1,2.1491887955522433,100.0,11.700000000000001,22.066666666666663,0.0,,,,,,0,3,15.025,90.75,22.25,100.0,2.975,4,0.9888537064205885,-0.1488903868564548,2025-2026,0
2026-04-11,9.799999999999999,0.0,13.5,3.083333333333332,97.0,5.5,97.0,1.0,0.4651230959588748,62.0,1.1,3.066666666666667,0.0,,,,,,0,3,13.274999999999999,94.0,3.95,70.0,0.42500000000000004,4,0.986146248341595,-0.16587819893463143,2025-2026,0
2026-04-12,0.0,0.0,8.9,2.4166666666666643,95.0,3.85,99.5,0.0,0.7484925594723109,91.33333333333333,0.0,5.5,19.0,,,,,,0,0,9.3,79.75,5.225,93.25,0.0,4,0.9831469737221499,-0.1828169249850199,2025-2026,0
2026-04-13,0.0,0.0,7.0,2.8000000000000007,70.5,10.05,100.0,0.0,4.99590816875145,100.0,0.0,7.066666666666667,24.0,,,,,,0,0,10.575000000000001,64.75,7.875000000000001,100.0,0.0,4,0.9798567700958665,-0.1997015525660636,2025-2026,0
2026-04-14,0.0,0.0,7.6,3.933333333333332,78.5,7.800000000000001,51.5,0.0,3.51020957917856,35.666666666666664,0.0,5.366666666666667,24.0,,,,,,0,0,11.875,67.5,6.000000000000001,46.25,0.0,4,0.9762766110869321,-0.21652708524481437,2025-2026,0
2026-04-15,0.0,0.1,15.7,1.3666666666666671,83.0,6.9,100.0,0.0,2.8785549902494676,100.0,0.0,7.166666666666667,6.0,,,,,,0,0,16.275,80.25,7.175000000000001,100.0,0.0,4,0.9724075561219968,-0.23328854407545518,2025-2026,0
2026-04-16,7.6000000000000005,0.0,11.2,3.066666666666668,100.0,10.149999999999999,96.5,0.0,0.0,61.666666666666664,0.0,9.9,7.0,,,,,,0,0,11.475,95.0,10.075,69.5,0.0,4,0.9682507501166718,-0.2499809690726521,2025-2026,0
2026-04-17,0.0,0.0,10.2,-0.4666666666666668,86.5,10.25,100.0,0.0,2.1944334535482124,100.0,0.0,11.700000000000001,24.0,,,,,,0,0,14.274999999999999,80.0,11.275,100.0,0.0,4,0.9638074231367307,-0.26659942067929354,2025-2026,0
2026-04-18,0.0,0.0,11.7,3.033333333333335,79.5,13.399999999999999,52.5,0.0,3.407273790490464,86.33333333333333,0.0,12.733333333333334,24.0,,,,,,0,0,13.0,70.75,12.849999999999998,70.25,0.0,4,0.9590788900341131,-0.28313898122818354,2025-2026,0
2026-04-19,0.0,0.0,11.6,2.7166666666666686,91.5,4.35,100.0,0.0,1.3375950488523323,100.0,0.0,2.6999999999999997,17.0,,,,,,0,0,13.8,84.5,3.1999999999999997,100.0,0.0,4,0.9540665500578387,-0.2995947563972602,2025-2026,0
2026-04-20,0.0,0.0,13.6,3.2333333333333325,84.5,10.25,92.0,0.0,2.5577665239000673,99.0,0.0,11.866666666666665,24.0,,,,,,0,0,15.675,75.75,11.325,95.75,0.0,4,0.9487718864399473,-0.31596187665790293,2025-2026,0
2026-04-21,8.0,2.7,15.4,1.7500000000000018,97.5,11.1,100.0,14.0,0.3871836856061801,99.0,7.0,8.5,0.0,,,,,,0,2,12.450000000000001,93.5,10.05,99.25,3.825,4,0.9431964659565866,-0.33223549871590435,2025-2026,0
2026-04-22,0.0,0.0,2.7,6.733333333333333,65.0,10.0,98.5,0.0,5.981461103684561,83.0,0.0,9.766666666666667,23.0,,,,,,0,0,9.075,54.25,9.6,87.25,0.0,4,0.9373419384643772,-0.3484108069446808,2025-2026,0
2026-04-23,0.0,0.0,12.5,1.1333333333333346,86.5,7.15,100.0,0.0,2.195288092992449,100.0,0.8999999999999999,5.366666666666666,24.0,,,,,,0,2,13.225,86.5,5.85,100.0,0.22499999999999998,4,0.9312100364121947,-0.3644830148102912,2025-2026,0
2026-04-24,8.599999999999998,0.1,10.7,1.6333333333333346,97.5,8.15,100.0,0.0,0.3790700557468156,100.0,0.0,7.3999999999999995,6.0,,,,,,0,0,11.025,93.5,7.65,100.0,0.0,4,0.9248025743285089,-0.38044736628785164,2025-2026,0
2026-04-25,0.0,0.0,8.2,3.1833333333333336,95.5,2.75,95.5,0.0,0.6772002035693987,31.0,0.0,2.3666666666666667,24.0,,,,,,0,0,11.25,86.5,2.475,48.25,0.0,4,0.9181214482844365,-0.39629913726891813,2025-2026,0
2026-04-26,0.0,0.0,12.3,2.5999999999999996,81.0,16.05,5.5,0.0,3.1601142791074626,3.0,0.0,15.799999999999999,16.0,,,,,,0,0,14.024999999999999,72.75,15.85,3.75,0.0,4,0.9111686353326631,-0.41203363695942635,2025-2026,0
2026-04-27,0.1,1.7999999999999998,13.5,2.583333333333332,97.5,4.4,100.0,7.800000000000001,0.3883930006939629,100.0,3.5,6.466666666666666,0.0,,,,,,0,3,13.475,98.5,6.5,100.0,2.1750000000000003,4,0.9039461929224011,-0.42764620926777464,2025-2026,0
2026-04-28,0.0,0.0,9.3,3.383333333333331,91.5,12.0,100.0,0.0,1.3271372813789704,99.0,0.0,10.666666666666666,20.0,,,,,,0,0,13.75,80.75,10.9,99.25,0.0,4,0.8964562582905575,-0.44313223418263453,2025-2026,0
2026-04-29,0.0,0.1,13.7,1.966666666666665,79.5,5.5,100.0,0.0,3.464820248240059,100.0,0.0,5.666666666666667,6.0,,,,,,0,0,13.65,80.25,5.324999999999999,100.0,0.0,4,0.8887010478292915,-0.45848712914008766,2025-2026,0
2026-04-30,0.0,0.0,9.6,2.1000000000000014,94.0,2.45,100.0,0.0,0.9211570627893106,100.0,0.0,2.8333333333333335,24.0,,,,,,0,0,11.225,87.25,2.675,100.0,0.0,4,0.8806828564301475,-0.47370635037968,2025-2026,0
2026-05-01,0.4,2.4,14.8,0.36666666666666536,87.0,22.85,100.0,16.1,2.1699618685519013,100.0,14.200000000000001,26.133333333333336,0.0,,,,,,0,3,16.425,89.75,24.825,100.0,4.7,5,0.8724040568049612,-0.48878539428899265,2025-2026,0
2026-05-02,11.7,7.5,10.6,0.716666666666665,97.0,7.25,46.0,0.30000000000000004,0.4568100934110291,49.333333333333336,0.2,7.2,0.0,,,,,,0,1,11.75,91.75,7.324999999999999,46.75,0.07500000000000001,5,0.8638670987837349,-0.503719798736334,2025-2026,0
2026-05-03,0.0,0.0,12.1,2.099999999999998,65.0,13.05,100.0,0.0,6.481909397447179,100.0,0.0,13.233333333333334,24.0,,,,,,0,0,15.75,63.25,13.125,100.0,0.0,5,0.8550745085896932,-0.518505144391157,2025-2026,0
2026-05-04,31.1,5.6,15.1,1.6666666666666696,99.5,3.45,100.0,1.7999999999999998,0.07792240364180714,100.0,0.8999999999999999,5.133333333333334,0.0,,,,,,0,3,15.175,99.25,4.675,100.0,0.525,5,0.8460288880917339,-0.533137056031809,2025-2026,0
2026-05-05,3.3999999999999995,0.0,6.8,2.8500000000000005,89.0,4.95,17.5,0.0,1.6880045013765939,8.333333333333334,0.0,4.066666666666667,8.0,,,,,,0,0,8.825,83.25,3.9750000000000005,8.75,0.0,5,0.8367329140344921,-0.5476112038402312,2025-2026,0
2026-05-06,0.0,0.0,14.3,-0.06666666666666643,73.0,12.2,99.5,0.0,4.793527992845563,99.33333333333333,0.0,12.6,24.0,,,,,,0,0,15.850000000000001,71.0,12.5,99.25,0.0,5,0.8271893372462497,-0.5619233046832195,2025-2026,0
2026-05-07,0.0,0.0,14.3,1.8666666666666671,92.5,9.75,26.0,0.0,1.199661746118057,2.0,0.0,7.433333333333334,24.0,,,,,,0,0,16.65,83.25,8.0,13.5,0.0,5,0.8174009818249189,-0.5760691233798758,2025-2026,0
2026-05-08,0.0,0.0,15.9,1.2666666666666675,92.0,10.3,100.0,0.0,1.3041168537130723,100.0,0.0,8.966666666666667,24.0,,,,,,0,0,18.05,85.75,9.275,100.0,0.0,5,0.8073707443023492,-0.5900444739548627,2025-2026,0
2026-05-09,3.8000000000000003,0.2,9.0,2.8499999999999996,95.5,14.7,100.0,2.6,0.6815121941982856,77.0,3.0,14.866666666666667,0.0,,,,,,0,3,9.75,93.75,14.549999999999999,82.75,1.0,5,0.7971015927871943,-0.6038452208771035,2025-2026,0
2026-05-10,0.0,0.0,6.3,4.6000000000000005,80.5,4.0,0.0,0.0,3.121351304364329,0.0,0.0,2.6333333333333333,16.0,,,,,,0,0,10.0,72.75,2.9000000000000004,0.0,0.0,5,0.7865965660866021,-0.6174672802835514,2025-2026,0
2026-05-11,0.0,0.0,11.6,1.7500000000000018,84.5,11.8,26.0,0.0,2.533993682339414,40.0,0.0,12.133333333333333,24.0,,,,,,0,0,14.875,76.0,12.075000000000001,33.5,0.0,5,0.7758587728069828,-0.6309066211876704,2025-2026,0
2026-05-12,0.0,0.0,14.9,2.5999999999999996,90.0,8.75,99.0,0.0,1.6318153111647522,97.33333333333333,0.0,7.666666666666667,24.0,,,,,,0,0,17.05,82.0,8.0,97.5,0.0,5,0.7648913904341226,-0.6441592666722685,2025-2026,0
2026-05-13,0.1,0.0,13.5,3.650000000000002,90.5,8.649999999999999,94.5,0.0,1.5227452919837994,98.0,0.0,5.233333333333333,12.0,,,,,,0,0,16.125,80.25,6.099999999999999,96.5,0.0,5,0.753697664392914,-0.6572212950663319,2025-2026,0
2026-05-14,0.0,0.0,12.4,3.5666666666666664,95.5,5.25,43.0,0.0,0.6997168795503725,46.0,0.0,3.9,14.0,,,,,,0,0,14.775,88.0,4.05,47.5,0.0,5,0.742280907086982,-0.6700888411055113,2025-2026,0
2026-05-15,0.0,0.0,13.1,2.466666666666665,93.5,4.3,92.0,0.0,1.029253586733745,97.66666666666667,0.0,2.1333333333333333,18.0,,,,,,0,0,14.950000000000001,89.5,2.75,94.5,0.0,5,0.7306444969184916,-0.6827580970759147,2025-2026,0
2026-05-16,0.0,0.0,13.1,3.700000000000001,93.0,9.45,34.0,0.0,1.1092851941475779,7.0,0.0,6.7,24.0,,,,,,0,0,16.45,81.75,7.475,17.5,0.0,5,0.7187918772884232,-0.6952253139408722,2025-2026,0
2026-05-17,0.0,0.0,11.3,6.600000000000001,89.5,2.65,94.0,0.0,1.6806250609449673,45.333333333333336,0.0,3.266666666666667,24.0,,,,,,0,0,14.55,85.25,2.925,59.0,0.0,5,0.7067265555776158,-0.7074868024503348,2025-2026,0
2026-05-18,0.0,0.0,13.0,3.099999999999998,84.5,11.35,0.0,0.0,2.576664616443759,0.0,0.0,8.833333333333334,24.0,,,,,,0,0,18.15,73.5,9.4,0.0,0.0,5,0.6944521021088763,-0.719538934232584,2025-2026,0
2026-05-19,0.0,0.0,14.7,5.283333333333335,73.0,12.75,10.5,0.0,4.819347613390713,21.0,0.0,10.766666666666666,24.0,,,,,,0,0,19.0,66.0,11.275,15.75,0.0,5,0.6819721490904629,-0.7313781428679254,2025-2026,0
2026-05-20,0.0,0.0,15.9,4.616666666666669,89.0,10.7,99.0,0.0,1.815503006263926,79.0,0.0,8.299999999999999,24.0,,,,,,0,0,19.125,78.75,8.924999999999999,84.25,0.0,5,0.6692903895412567,-0.7430009249440493,2025-2026,0
2026-05-21,1.2999999999999998,0.5,19.4,2.4166666666666643,94.5,12.4,100.0,2.0,0.9116200564401922,100.0,9.5,7.566666666666667,0.0,,,,,,0,3,20.45,95.0,9.425,100.0,2.375,5,0.6564105761979381,-0.7544038410927472,2025-2026,0
2026-05-22,15.099999999999998,1.9,17.8,2.966666666666665,98.5,6.0,100.0,0.30000000000000004,0.23955850724412286,100.0,1.3,4.033333333333333,0.0,,,,,,0,3,17.875,98.0,5.050000000000001,100.0,0.35000000000000003,5,0.6433365204044917,-0.765583517007675,2025-2026,0
2026-05-23,0.1,0.0,16.5,0.6166666666666707,85.5,15.15,93.0,0.0,2.449648818444441,96.66666666666667,0.0,17.366666666666664,12.0,,,,,,0,0,17.674999999999997,81.25,16.625,95.25,0.0,5,0.6300720909843687,-0.7765366444428655,2025-2026,0
2026-05-24,0.0,0.1,16.3,2.5500000000000007,88.5,21.75,95.5,0.1,1.9077512250108128,69.66666666666667,0.1,19.433333333333334,1.0,,,,,,0,1,17.775,83.25,20.2,77.25,0.05,5,0.6166212130956382,-0.7872599821916922,2025-2026,0
2026-05-25,0.0,0.0,14.0,4.683333333333334,95.0,9.95,65.5,0.0,0.7930107386986869,13.666666666666666,0.0,5.033333333333333,22.0,,,,,,0,0,17.950000000000003,84.25,6.475,35.25,0.0,5,0.6029878670694714,-0.7977503570459932,2025-2026,0
2026-05-26,0.0,0.0,16.6,4.300000000000001,87.5,11.95,97.0,0.0,2.0941878253049104,99.0,0.0,11.200000000000001,24.0,,,,,,0,0,19.45,80.25,11.525,98.0,0.0,5,0.5891760872322963,-0.8080046647350754,2025-2026,0
2026-05-27,0.0,0.0,19.0,1.6833333333333336,83.5,12.100000000000001,99.5,0.0,2.8590141491030074,92.33333333333333,0.0,13.066666666666668,24.0,,,,,,0,0,20.575,77.5,12.75,94.0,0.0,5,0.5751899607119775,-0.8180198708443175,2025-2026,0
2026-05-28,0.0,0.0,20.8,0.8333333333333357,79.5,16.4,100.0,0.2,3.6775823294384153,99.33333333333333,0.1,14.799999999999999,0.0,,,,,,0,1,21.775000000000002,77.0,15.2,99.5,0.05,5,0.5610336262283677,-0.8277930117131022,2025-2026,0
2026-05-29,9.6,4.699999999999999,18.7,1.9500000000000028,99.0,11.65,100.0,0.8,0.15959629407908338,98.66666666666667,1.6,11.1,0.0,,,,,,0,3,17.675,98.75,11.2,99.0,0.525,5,0.5467112728685939,-0.8373211953118121,2025-2026,0
2026-05-30,0.0,0.0,10.8,4.333333333333334,84.0,6.1,0.0,0.0,2.617258570201594,0.0,0.0,3.1333333333333333,20.0,,,,,,0,0,15.725000000000001,70.0,4.05,0.0,0.0,5,0.5322271388474397,-0.8466016020976267,2025-2026,0
2026-05-31,0.0,0.0,15.8,4.583333333333332,65.0,4.65,98.5,0.0,6.627054524909735,99.0,0.0,4.066666666666667,24.0,,,,,,0,0,19.675,62.75,4.15,98.75,0.0,5,0.5175855102531889,-0.8556314858488706,2025-2026,0
2026-06-01,0.0,0.0,16.2,4.683333333333334,71.5,12.7,19.0,0.0,5.190091193093313,32.0,0.0,10.333333333333334,24.0,,,,,,0,0,20.15,65.0,10.974999999999998,29.75,0.0,6,0.5027907197793043,-0.8644081744776648,2025-2026,0
2026-06-02,0.0,0.0,18.8,3.06666666666667,71.5,13.25,100.0,0.0,5.277390358154358,100.0,0.2,14.733333333333334,24.0,,,,,,0,2,19.65,72.5,14.225000000000001,100.0,0.05,6,0.4878471454423119,-0.8729290708206411,2025-2026,0
2026-06-03,9.600000000000001,3.2,17.7,0.2666666666666657,94.5,5.8,100.0,12.3,0.900932478491967,100.0,14.599999999999998,6.566666666666667,0.0,,,,,,0,3,18.825000000000003,95.75,6.125,100.0,5.5249999999999995,6,0.47275920928627757,-0.881191653407483,2025-2026,0
2026-06-04,0.7,0.0,18.5,0.8833333333333364,99.0,8.75,100.0,0.30000000000000004,0.16014716400875173,96.66666666666667,0.30000000000000004,6.866666666666667,0.0,,,,,,0,2,18.75,96.0,7.5,97.5,0.125,6,0.4575313760742512,-0.8891934772070711,2025-2026,0
2026-06-05,0.0,0.0,19.1,0.31666666666666643,78.5,16.1,52.5,0.0,3.8237375012471784,69.66666666666667,0.0,18.066666666666666,14.0,,,,,,0,0,19.95,75.0,17.575,65.0,0.0,6,0.44216815196707204,-0.8969321743510065,2025-2026,0
2026-06-06,3.4000000000000004,2.0,17.3,1.2666666666666657,95.5,9.3,100.0,1.3,0.7287279385833685,100.0,3.7,7.166666666666667,0.0,,,,,,0,3,18.075,95.5,7.975,100.0,0.95,6,0.42667408318992467,-0.9044054548343001,2025-2026,0
2026-06-07,0.0,0.0,19.2,0.8833333333333329,83.0,13.0,99.5,0.0,2.9655057156453104,100.0,0.0,15.166666666666666,15.0,,,,,,0,0,20.175,80.0,14.425,99.75,0.0,6,0.4110537546870351,-0.9116111071930239,2025-2026,0
2026-06-08,2.6,0.0,16.0,2.150000000000002,98.0,5.6,70.5,0.0,0.31730725927890546,57.333333333333336,0.0,4.433333333333334,11.0,,,,,,0,0,18.35,93.5,4.65,64.5,0.0,6,0.3953117887649151,-0.9185469991587165,2025-2026,0
2026-06-09,7.0,3.0,16.7,1.8166666666666664,99.0,4.55,100.0,0.30000000000000004,0.15813194465637537,100.0,0.6000000000000001,5.066666666666666,0.0,,,,,,0,3,16.75,98.0,5.075,100.0,0.2,6,0.37945284372454435,-0.925211078289358,2025-2026,0
2026-06-10,0.30000000000000004,0.0,15.2,1.81666666666667,98.5,3.45,100.0,0.0,0.23507888972963364,92.33333333333333,0.1,5.0,11.0,,,,,,0,1,16.275,91.25,4.55,94.25,0.025,6,0.36348161248290634,-0.9316013725767187,2025-2026,0
2026-06-11,0.0,0.0,12.7,4.200000000000003,88.5,4.25,31.0,0.0,1.8713151407471234,28.666666666666668,0.0,2.3666666666666667,23.0,,,,,,0,0,16.975,75.25,2.925,25.75,0.0,6,0.3474028211842774,-0.9377159910299093,2025-2026,0
2026-06-12,2.3,0.7,15.5,3.5,97.5,8.75,19.5,0.0,0.39401057336677603,22.666666666666668,0.1,5.033333333333334,2.0,,,,,,0,1,17.525,92.0,5.95,21.0,0.025,6,0.3312212278016865,-0.9435531242349544,2025-2026,0
2026-06-13,0.0,0.0,13.8,5.949999999999999,90.5,5.4,32.0,0.0,1.537584904325609,35.0,0.0,2.6333333333333333,14.0,,,,,,0,0,18.2,77.5,3.3500000000000005,30.75,0.0,6,0.31494162072895193,-0.9491110448902284,2025-2026,0
2026-06-14,0.0,0.0,17.4,2.6833333333333336,87.5,10.95,100.0,0.0,2.117494604164044,100.0,0.0,10.566666666666666,15.0,,,,,,0,0,20.549999999999997,80.75,10.649999999999999,100.0,0.0,6,0.2985688173637202,-0.9543881083175908,2025-2026,0
2026-06-15,0.0,0.0,18.5,2.0500000000000007,88.0,2.25,100.0,0.0,2.0332443960119626,99.33333333333333,0.0,2.9,17.0,,,,,,0,0,19.6,82.75,2.775,99.5,0.0,6,0.2821076626819194,-0.9593827529490743,2025-2026,0
2026-06-16,0.2,0.0,15.0,4.5,96.5,7.8999999999999995,95.5,0.0,0.5538927755712955,93.66666666666667,0.0,3.7999999999999994,12.0,,,,,,0,0,17.975,87.25,5.0249999999999995,95.25,0.0,6,0.26556302780405594,-0.9640935007889755,2025-2026,0
2026-06-17,0.0,0.0,19.5,1.5,80.0,11.35,84.5,0.0,3.550212338056326,50.666666666666664,0.0,13.366666666666667,16.0,,,,,,0,0,21.075,74.5,12.9,59.0,0.0,6,0.24893980855376657,-0.9685189578512204,2025-2026,0
2026-06-18,0.0,0.0,19.3,2.4333333333333336,89.5,6.25,82.0,0.1,1.7796863958942204,29.333333333333332,0.1,3.733333333333333,0.0,,,,,,0,1,21.725,84.0,4.575,46.5,0.025,6,0.23224292400907015,-0.9726578145718654,2025-2026,0
2026-06-19,0.0,0.0,19.3,3.4333333333333336,91.5,3.9,97.5,0.0,1.4221864944119353,94.66666666666667,0.0,2.9333333333333336,14.0,,,,,,0,0,22.4,79.75,3.125,95.5,0.0,6,0.21547731504673012,-0.976508846196619,2025-2026,0
2026-06-20,0.0,0.0,22.7,1.3000000000000007,83.0,10.8,100.0,0.0,3.0423524026133,100.0,0.4,11.733333333333334,24.0,,,,,,0,1,23.65,79.75,11.55,100.0,0.1,6,0.19864794288017112,-0.9800709131432666,2025-2026,0
2026-06-21,17.1,7.4,19.6,1.216666666666665,97.0,5.449999999999999,73.5,3.4,0.494433426510394,73.66666666666667,1.6,6.833333333333333,0.0,,,,,,0,3,22.325,96.0,6.5249999999999995,74.75,1.025,6,0.18175978759137534,-0.9833429613388902,2025-2026,0
2026-06-22,6.9,4.0,18.7,1.1166666666666671,99.5,10.05,100.0,1.0,0.08011104756222309,100.0,1.0,10.433333333333334,0.0,,,,,,0,3,18.724999999999998,99.25,10.5,100.0,0.4,6,0.16481784665719793,-0.9863240225317866,2025-2026,0
2026-06-23,0.7,0.2,17.3,1.3333333333333321,99.5,4.9,100.0,0.0,0.07922586573217671,100.0,0.0,4.833333333333333,5.0,,,,,,0,0,17.85,96.25,4.925000000000001,100.0,0.0,6,0.14782713347053048,-0.9890132145779883,2025-2026,0
2026-06-24,0.30000000000000004,0.0,16.4,2.916666666666668,92.5,5.15,95.0,0.0,1.2305531878461373,94.33333333333333,0.0,4.7,11.0,,,,,,0,0,19.5,86.0,4.65,94.5,0.0,6,0.13079267585675922,-0.9914097417023038,2025-2026,0
2026-06-25,0.0,0.30000000000000004,19.6,1.7333333333333307,95.5,10.1,100.0,0.7,0.7385288700446218,100.0,0.1,11.699999999999998,0.0,,,,,,0,1,19.975,94.25,10.95,100.0,0.175,6,0.11371951458594969,-0.9935128947338007,2025-2026,0
2026-06-26,21.299999999999997,0.7,20.8,-0.06666666666666643,95.5,11.45,100.0,7.7,0.7492437976855584,100.0,13.4,7.166666666666667,0.0,,,,,,0,3,21.775,95.25,7.8999999999999995,100.0,4.525,6,0.0966127018812031,-0.9953220513156602,2025-2026,0
2026-06-27,9.399999999999999,4.6,19.3,1.7333333333333343,100.0,2.15,100.0,0.30000000000000004,7.105427357601002e-15,100.0,0.2,2.066666666666667,0.0,,,,,,0,2,20.225,97.5,1.775,100.0,0.1,6,0.07947729992362097,-0.9968366760893436,2025-2026,0
2026-06-28,0.0,0.0,19.1,1.8000000000000007,95.5,3.8,100.0,0.0,0.7396531333679839,100.0,0.0,2.6333333333333333,16.0,,,,,,0,0,20.174999999999997,92.75,2.6,100.0,0.0,6,0.062318379354325076,-0.998056320853012,2025-2026,0
2026-06-29,0.0,0.0,19.0,2.416666666666668,97.0,2.5,28.0,0.0,0.4925636691721458,19.0,0.0,2.6,24.0,,,,,,0,0,21.4,91.5,2.525,23.25,0.0,6,0.04514101777397193,-0.9989806246941579,2025-2026,0
2026-06-30,0.0,0.0,20.3,2.3333333333333286,93.0,8.0,94.0,0.0,1.169646962325448,96.0,0.0,4.366666666666666,15.0,,,,,,0,0,22.15,86.25,5.324999999999999,97.0,0.0,6,0.02795029824021032,-0.999609314096404,2025-2026,0
2026-07-01,0.0,0.0,18.7,3.633333333333333,95.5,7.9,100.0,0.0,0.7399343324290015,100.0,0.0,4.433333333333333,14.0,,,,,,0,0,21.8,89.5,5.425000000000001,100.0,0.0,7,0.01075130776352193,-0.9999422030204416,2025-2026,0
2026-07-02,16.1,16.6,18.8,2.2333333333333343,95.5,11.45,100.0,6.6,0.737967058136558,97.66666666666667,0.1,11.799999999999999,0.0,,,,,,0,1,20.450000000000003,94.75,11.174999999999999,98.25,1.65,7,-0.00645086419810515,-0.9999791929590823,2025-2026,0
2026-07-03,1.7000000000000002,0.7,19.7,1.06666666666667,99.5,8.95,96.5,0.0,0.08063223285071786,97.66666666666667,0.0,8.566666666666668,3.0,,,,,,0,0,20.0,96.25,8.6,96.75,0.0,7,-0.023651127245231586,-0.9997202729664083,2025-2026,0
2026-07-04,0.0,0.0,20.4,0.41666666666666785,89.0,8.350000000000001,100.0,0.0,1.8895129409762212,100.0,0.0,8.966666666666667,17.0,,,,,,0,0,22.5,84.25,8.700000000000001,100.0,0.0,7,-0.04084439154329611,-0.9991655196610109,2025-2026,0
2026-07-05,0.4,0.0,20.8,1.43333333333333,92.0,7.5,99.0,0.0,1.3511528822428467,100.0,0.0,8.033333333333333,10.0,,,,,,0,0,22.375,87.25,7.824999999999999,99.5,0.0,7,-0.05802556932878035,-0.9983150972033183,2025-2026,0
2026-07-06,23.1,1.5,20.7,0.4166666666666643,95.5,11.399999999999999,100.0,9.8,0.7447228700570285,100.0,7.800000000000001,11.433333333333332,0.0,,,,,,0,3,20.950000000000003,95.25,11.725,100.0,3.35,7,-0.07518957641475855,-0.9971692572470178,2025-2026,0
2026-07-07,0.0,0.0,20.1,2.1000000000000014,91.5,11.5,100.0,0.0,1.4351790650042098,82.0,0.0,11.233333333333334,15.0,,,,,,0,0,21.6,88.75,11.3,86.5,0.0,7,-0.09233133369539122,-0.9957283388645872,2025-2026,0
2026-07-08,0.1,0.0,22.0,1.5833333333333321,81.5,12.2,99.5,0.0,3.321455944024052,99.0,0.0,12.133333333333335,11.0,,,,,,0,0,23.275000000000002,78.5,12.2,99.25,0.0,7,-0.10944576864891556,-0.993992768446958,2025-2026,0
2026-07-09,0.2,0.0,21.0,3.7833333333333314,86.5,11.95,2.0,0.0,2.3456227981636744,1.0,0.0,11.233333333333334,12.0,,,,,,0,0,23.175,80.5,11.475,1.25,0.0,7,-0.12652781683868314,-0.9919630595773397,2025-2026,0
2026-07-10,0.0,0.0,20.9,4.266666666666669,88.5,9.5,15.5,0.0,1.9771949987130384,5.0,0.0,8.799999999999999,24.0,,,,,,0,0,23.349999999999998,82.5,8.925,8.25,0.0,7,-0.1435724234118113,-0.9896398128792412,2025-2026,0
2026-07-11,0.0,0.0,21.4,3.6833333333333336,87.0,9.0,71.5,0.0,2.2642411429369567,94.0,0.0,7.7,24.0,,,,,,0,0,23.875,81.0,8.1,84.75,0.0,7,-0.16057454459499376,-0.9870237158387383,2025-2026,0
2026-07-12,0.0,0.0,23.3,2.549999999999997,83.0,2.5,96.5,0.0,3.0742775747959996,98.66666666666667,0.0,2.533333333333333,24.0,,,,,,0,0,25.9,78.0,2.425,97.75,0.0,7,-0.17752914918703497,-0.984115542601034,2025-2026,0
2026-07-13,0.0,0.0,24.2,2.3999999999999986,86.0,2.85,98.5,0.8,2.491127509327711,98.33333333333333,4.0,3.0999999999999996,0.0,,,,,,0,3,23.925,91.25,2.4499999999999997,98.25,1.0,7,-0.19443122004766195,-0.9809161537413774,2025-2026,0
2026-07-14,0.5,0.0,21.9,3.033333333333335,98.5,3.1,39.0,0.0,0.24845734543084674,32.666666666666664,0.0,2.033333333333333,11.0,,,,,,0,0,24.400000000000002,93.75,2.2,35.0,0.0,7,-0.2112757555821793,-0.9774264960104055,2025-2026,0
2026-07-15,0.0,0.0,23.4,1.9499999999999993,87.5,7.9,94.5,0.0,2.1939199814289516,97.0,0.0,6.0,17.0,,,,,,0,0,26.325000000000003,80.5,6.425,95.75,0.0,7,-0.2280577712215198,-0.9736476020539838,2025-2026,0
2026-07-16,0.1,0.4,24.3,3.7833333333333314,99.0,2.35,95.0,0.8999999999999999,0.16739478405854058,78.66666666666667,0.9999999999999999,2.1333333333333333,0.0,,,,,,0,3,24.775,98.25,2.325,81.5,0.325,7,-0.24477230089725957,-0.9695805901076308,2025-2026,0
2026-07-17,0.0,0.0,23.1,2.6000000000000014,94.0,4.949999999999999,93.5,0.0,1.0222734405846303,76.0,0.0,2.9,16.0,,,,,,0,0,25.25,88.5,3.3249999999999997,81.0,0.0,7,-0.2614143985111562,-0.965226663665613,2025-2026,0
2026-07-18,0.0,0.0,25.7,1.7333333333333343,84.5,10.55,97.5,0.0,2.8171357341330854,86.33333333333333,0.0,10.533333333333333,13.0,,,,,,0,0,27.05,80.5,10.65,88.75,0.0,7,-0.2779791393987801,-0.9605871111248129,2025-2026,0
2026-07-19,0.0,0.0,25.8,1.6333333333333329,80.0,14.100000000000001,84.5,0.0,3.7157466455881725,75.66666666666667,0.0,13.800000000000002,18.0,,,,,,0,0,26.75,77.75,13.95,79.0,0.0,7,-0.2944616217868012,-0.9556633054034704,2025-2026,0
2026-07-20,0.0,0.0,24.6,3.466666666666665,92.0,8.2,23.5,0.0,1.3902064285614024,8.0,0.0,4.933333333333333,13.0,,,,,,0,0,26.9,84.5,5.8,12.75,0.0,7,-0.3108569682435036,-0.9504567035349151,2025-2026,0
2026-07-21,0.0,0.0,24.6,3.4999999999999964,95.5,5.15,25.5,0.0,0.7697567867282622,13.0,0.0,3.3333333333333335,13.0,,,,,,0,0,26.725,88.75,3.7750000000000004,17.5,0.0,7,-0.3271603271220951,-0.9449688462364056,2025-2026,0
2026-07-22,0.0,0.0,23.5,4.716666666666669,97.0,4.85,60.0,0.0,0.5072415333340636,16.333333333333332,0.0,2.4,14.0,,,,,,0,0,26.5,88.75,2.975,36.5,0.0,7,-0.34336687399638804,-0.939201357453208,2025-2026,0
2026-07-23,0.0,0.0,23.9,3.4333333333333336,96.0,4.05,22.5,0.0,0.6776005048353362,8.666666666666666,0.0,3.733333333333333,16.0,,,,,,0,0,25.900000000000002,86.75,3.45,12.0,0.0,7,-0.3594718130884232,-0.9331559438780432,2025-2026,0
2026-07-24,0.0,0.0,22.9,4.083333333333336,90.5,3.05,2.0,0.0,1.6496206486781233,1.3333333333333333,0.0,3.0,24.0,,,,,,0,0,25.825000000000003,81.5,2.575,1.5,0.0,7,-0.3754703786876202,-0.9268343944460494,2025-2026,0
2026-07-25,0.0,0.0,24.3,3.0833333333333286,99.0,2.7,98.0,0.0,0.16802167419823277,50.666666666666664,0.2,3.6333333333333333,15.0,,,,,,0,2,26.075,91.75,3.3,62.5,0.05,7,-0.3913578365610259,-0.9202385798054075,2025-2026,0
2026-07-26,0.0,0.0,22.7,3.9666666666666686,98.0,1.0499999999999998,94.0,0.0,0.3340160331482309,68.66666666666667,0.0,1.9333333333333333,13.0,,,,,,0,0,25.025,90.5,1.7999999999999998,76.5,0.0,7,-0.4071294853542516,-0.9133704517637858,2025-2026,0
2026-07-27,0.8,0.1,23.1,2.216666666666665,98.0,0.75,100.0,0.4,0.3343922024245565,100.0,0.9,3.233333333333333,0.0,,,,,,0,3,23.775,98.0,2.625,100.0,0.275,7,-0.4227806579826773,-0.9062320427107697,2025-2026,0
2026-07-28,0.0,0.0,21.7,4.100000000000001,90.5,10.55,83.0,0.0,1.6496206486781233,92.0,1.2000000000000002,12.233333333333334,14.0,,,,,,0,2,24.900000000000002,87.0,11.850000000000001,91.0,0.30000000000000004,7,-0.4383067230125192,-0.898825465016444,2025-2026,0
2026-07-29,21.3,0.7,22.4,1.1166666666666671,97.5,3.05,84.0,1.4000000000000001,0.41500500214933567,88.0,0.9999999999999999,4.633333333333334,0.0,,,,,,0,3,22.675,97.75,4.175000000000001,83.5,0.525,7,-0.45370308603134424,-0.8911529104063088,2025-2026,0
2026-07-30,0.0,0.0,24.3,0.8666666666666671,95.0,1.05,94.0,0.4,0.8556380654296163,74.33333333333333,0.7,3.766666666666667,0.0,,,,,,0,3,25.025,96.0,2.975,79.5,0.22500000000000003,7,-0.46896519100763184,-0.8832166493127127,2025-2026,0
2026-07-31,0.0,0.0,24.3,1.8833333333333364,96.0,1.7000000000000002,96.5,0.0,0.6816620841975052,93.66666666666667,0.0,2.6666666666666665,4.0,,,,,,0,0,25.450000000000003,91.25,2.1750000000000003,95.0,0.0,7,-0.48408852163897587,-0.8750190302029955,2025-2026,0
2026-08-01,0.0,0.0,22.6,3.43333333333333,88.5,0.55,99.0,0.0,2.015387489045036,98.0,0.1,2.3333333333333335,13.0,,,,,,0,1,25.174999999999997,85.75,1.875,98.0,0.025,8,-0.4990686026885319,-0.8665624788845385,2025-2026,0
2026-08-02,0.7,0.1,25.3,1.5999999999999943,97.5,1.75,54.5,0.0,0.4249147458841378,78.66666666666667,0.2,3.6,4.0,,,,,,0,1,26.15,94.25,3.075,71.5,0.05,8,-0.5139010013093103,-0.8578494977869301,2025-2026,0
2026-08-03,1.0,0.0,25.1,2.1999999999999993,98.5,5.85,94.5,2.9000000000000004,0.25240156889233845,87.0,3.5,3.7999999999999994,0.0,,,,,,0,2,25.474999999999998,96.5,4.5249999999999995,89.75,0.925,8,-0.5285813283559292,-0.8488826652214553,2025-2026,0
2026-08-04,0.7,0.0,25.8,1.6333333333333329,86.0,8.3,93.0,0.0,2.5134445793771363,80.33333333333333,0.0,6.766666666666667,7.0,,,,,,0,0,25.974999999999998,84.0,7.1,84.75,0.0,8,-0.5431052396834317,-0.8396646346181327,2025-2026,0
2026-08-05,0.1,0.0,23.4,3.4500000000000064,85.5,8.05,12.0,0.0,2.566316639160192,13.0,0.0,4.733333333333333,12.0,,,,,,0,0,24.85,80.0,5.575,13.5,0.0,8,-0.5574684374327892,-0.8301981337405212,2025-2026,0
2026-08-06,0.0,0.0,23.4,3.5166666666666693,90.0,8.1,0.5,0.0,1.7366819004991925,0.3333333333333333,0.0,4.266666666666667,24.0,,,,,,0,0,25.775000000000002,83.0,5.225,0.25,0.0,8,-0.5716666713027052,-0.8204859638785327,2025-2026,0
2026-08-07,0.0,0.0,25.5,2.216666666666665,88.0,8.75,26.5,0.0,2.1412948824432334,15.333333333333334,0.0,9.833333333333334,14.0,,,,,,0,0,27.175,81.75,9.55,18.25,0.0,8,-0.5856957398073508,-0.8105309990194823,2025-2026,0
2026-08-08,0.0,0.0,24.2,3.133333333333333,95.5,9.95,86.0,0.7,0.7646026427272439,93.33333333333333,0.5,8.433333333333332,0.0,,,,,,0,2,25.275,92.25,8.85,90.5,0.22499999999999998,8,-0.5995514915196489,-0.8003361849976323,2025-2026,0
2026-08-09,0.7000000000000001,0.0,22.9,2.0166666666666693,97.5,4.65,98.0,0.0,0.4171970787761268,98.66666666666667,0.0,3.4,8.0,,,,,,0,0,24.55,93.25,3.7,98.0,0.0,8,-0.6132298262997502,-0.7899045386224707,2025-2026,0
2026-08-10,0.2,0.0,23.0,2.299999999999997,97.5,1.6,76.5,0.0,0.4217561480246381,87.66666666666667,0.0,2.0666666666666664,11.0,,,,,,0,0,24.9,94.25,2.075,87.5,0.0,8,-0.6267266965083301,-0.7792391467859886,2025-2026,0
2026-08-11,0.0,0.0,18.6,4.050000000000001,99.0,3.4000000000000004,100.0,0.0,0.1603922995404865,100.0,0.0,5.266666666666667,18.0,,,,,,0,0,19.875,91.5,4.725,100.0,0.0,8,-0.6400381082043503,-0.7683431655492202,2025-2026,0
2026-08-12,0.0,0.0,21.3,1.7999999999999972,95.0,6.5,100.0,0.1,0.8394427537207569,73.0,0.1,6.033333333333334,1.0,,,,,,0,1,23.5,88.0,6.1499999999999995,79.75,0.05,8,-0.65316012232693,-0.7572198192083127,2025-2026,0
2026-08-13,0.6000000000000001,0.0,22.9,1.7166666666666721,86.0,13.05,92.0,1.0,2.4615247866350316,85.66666666666667,0.8999999999999999,15.366666666666667,0.0,,,,,,0,2,23.325000000000003,84.5,14.475000000000001,85.25,0.3,8,-0.666088855860977,-0.7458723993404063,2025-2026,0
2026-08-14,0.0,0.0,21.3,3.5,93.0,9.05,14.0,0.0,1.182979737428294,11.0,0.0,6.833333333333333,23.0,,,,,,0,0,24.0,85.5,7.35,13.0,0.0,8,-0.6788204829862355,-0.734304263829602,2025-2026,0
2026-08-15,0.0,0.0,22.7,2.950000000000003,91.5,7.95,61.0,0.0,1.4607930401600342,60.0,0.0,5.733333333333333,15.0,,,,,,0,0,24.875000000000004,84.25,6.3,68.75,0.0,8,-0.6913512362094071,-0.722518835873311,2025-2026,0
2026-08-16,1.2,0.0,24.7,0.23333333333333783,78.5,13.45,100.0,0.0,3.990631048429453,99.33333333333333,0.0,13.066666666666665,12.0,,,,,,0,0,25.375,75.25,13.124999999999998,99.5,0.0,8,-0.7036774074790128,-0.7105196029692745,2025-2026,0
2026-08-17,0.0,0.0,24.8,1.4333333333333336,77.0,10.05,99.5,0.0,4.300385339023816,99.66666666666667,0.0,11.733333333333334,24.0,,,,,,0,0,25.375,73.5,11.3,99.75,0.0,8,-0.7157953492826642,-0.6983101158835584,2025-2026,0
2026-08-18,0.0,0.0,24.1,2.2500000000000036,78.5,12.1,100.0,0.0,3.974374214271986,99.0,0.0,12.766666666666666,24.0,,,,,,0,0,25.125,74.25,12.6,99.25,0.0,8,-0.7277014757264236,-0.6858939875998223,2025-2026,0
2026-08-19,0.0,0.0,23.5,3.966666666666665,81.0,11.2,1.0,0.0,3.4495973063889025,2.0,0.0,10.1,24.0,,,,,,0,0,25.275,73.75,10.425,2.0,0.0,8,-0.7393922635959241,-0.673274892250183,2025-2026,0
2026-08-20,0.0,0.0,24.8,3.2166666666666686,85.5,8.2,33.0,0.0,2.5903582588249456,58.0,0.0,5.3,15.0,,,,,,0,0,26.125,77.5,6.0249999999999995,53.75,0.0,8,-0.7508642533989489,-0.6604565640279754,2025-2026,0
2026-08-21,0.30000000000000004,0.0,23.9,2.31666666666667,97.5,7.800000000000001,41.5,0.0,0.41908059007200293,63.333333333333336,1.2,4.733333333333333,3.0,,,,,,0,2,24.3,97.0,5.4750000000000005,55.75,0.3,8,-0.7621140503891487,-0.6474427960827475,2025-2026,0
2026-08-22,0.0,0.0,23.8,2.56666666666667,95.5,7.5,96.5,0.0,0.7620320447556921,87.33333333333333,0.0,5.933333333333333,2.0,,,,,,0,0,25.2,87.75,6.25,88.75,0.0,8,-0.7731383255706026,-0.6342374393978054,2025-2026,0
2026-08-23,0.0,0.0,24.8,2.5,90.5,7.7,82.0,0.0,1.666299192207564,70.33333333333333,0.0,5.3999999999999995,16.0,,,,,,0,0,26.825000000000003,82.0,5.975,73.75,0.0,8,-0.7839338166829201,-0.620844401650647,2025-2026,0
2026-08-24,0.0,0.0,25.6,2.333333333333332,86.0,8.649999999999999,9.0,0.0,2.5134445793771363,10.333333333333334,0.0,5.466666666666666,14.0,,,,,,0,0,27.025000000000002,78.0,6.249999999999999,9.0,0.0,8,-0.7944973291665992,-0.6072676460566135,2025-2026,0
2026-08-25,0.7,0.0,24.1,2.3166666666666664,90.5,9.9,43.5,0.0,1.6527029778485876,21.0,0.0,8.433333333333332,11.0,,,,,,0,0,26.125,82.75,8.825,26.25,0.0,8,-0.8048257371083452,-0.593511190196115,2025-2026,0
2026-08-26,0.0,0.0,23.8,4.81666666666667,88.0,8.3,47.0,0.0,2.110477571400942,85.66666666666667,0.0,6.3,15.0,,,,,,0,0,26.025000000000002,80.5,6.625,71.75,0.0,8,-0.8149159841660791,-0.5795791048257612,2025-2026,0
2026-08-27,9.5,0.5,23.9,3.7000000000000064,97.5,10.2,100.0,3.2,0.41766755952269463,99.66666666666667,7.1,9.666666666666666,0.0,,,,,,0,3,23.275,96.75,9.524999999999999,99.75,1.7999999999999998,8,-0.8247650844733614,-0.5654755126737576,2025-2026,0
2026-08-28,6.2,1.1,23.0,0.26666666666666927,98.0,6.6,96.5,1.2,0.33288879393995785,85.66666666666667,0.8,4.8,0.0,,,,,,0,2,23.799999999999997,96.5,5.2749999999999995,89.0,0.35,8,-0.8343701235229537,-0.5512045872199277,2025-2026,0
2026-08-29,0.4,0.2,23.7,1.0,96.5,6.45,100.0,8.8,0.5895730487296298,99.33333333333333,11.100000000000001,5.300000000000001,0.0,,,,,,0,3,23.825,96.75,5.4750000000000005,99.5,3.825,8,-0.8437282590292712,-0.5367705514607103,2025-2026,0
2026-08-30,13.1,15.9,23.5,0.9333333333333336,98.0,1.5,98.0,7.3,0.33552197886794843,90.66666666666667,14.2,3.866666666666667,0.0,,,,,,0,3,23.925000000000004,97.5,3.425,93.0,4.3,8,-0.8528367217694595,-0.522177676659508,2025-2026,0
2026-08-31,2.0,0.0,22.6,1.966666666666665,99.0,6.85,28.5,0.0,0.16527211608902093,28.666666666666668,0.0,4.633333333333334,9.0,,,,,,0,0,24.025000000000002,96.25,5.074999999999999,29.0,0.0,8,-0.8616928164028521,-0.5074302810827518,2025-2026,0
2026-09-01,1.0,0.0,25.1,1.3500000000000014,85.5,13.65,38.0,0.0,2.6029037672041007,30.666666666666668,0.0,14.633333333333335,11.0,,,,,,0,0,26.0,81.75,14.2,33.25,0.0,9,-0.8702939222685674,-0.49253272872205434,2026-2027,0
2026-09-02,0.0,0.0,25.0,1.4000000000000021,83.0,12.850000000000001,41.5,0.0,3.0868646698806153,31.0,0.0,11.6,15.0,,,,,,0,0,25.875,79.75,12.05,32.75,0.0,9,-0.8786374941610001,-0.4774894280028391,2026-2027,0
2026-09-03,0.2,3.2,23.7,3.0500000000000007,96.0,7.65,99.5,0.2,0.6753211862721749,90.66666666666667,3.0,6.433333333333333,0.0,,,,,,0,3,23.725,96.0,7.1,93.0,0.75,9,-0.886721063082993,-0.46230483047981086,2026-2027,0
2026-09-04,5.0,0.30000000000000004,22.1,1.6499999999999986,100.0,2.0,100.0,1.5,-3.552713678800501e-15,100.0,2.8,4.3,0.0,,,,,,0,3,22.075000000000003,99.25,3.3,100.0,0.9,9,-0.8945422369764496,-0.4469834295196741,2026-2027,0
2026-09-05,2.8,0.7,21.0,1.716666666666665,97.5,1.7999999999999998,26.5,0.0,0.4121950890517674,28.666666666666668,0.2,1.6666666666666667,6.0,,,,,,0,1,21.725,96.5,1.6749999999999998,28.0,0.05,9,-0.9020987014301837,-0.43152975897147144,2026-2027,0
2026-09-06,0.0,0.0,22.3,1.2333333333333307,85.0,2.0,93.5,0.0,2.6386065167829607,73.33333333333333,0.0,2.433333333333333,21.0,,,,,,0,0,23.200000000000003,81.0,2.25,80.0,0.0,9,-0.9093882203647925,-0.4159483918249421,2026-2027,0
2026-09-07,0.1,0.4,22.9,1.7833333333333385,91.0,0.95,100.0,0.0,1.5509566021985073,100.0,0.0,2.466666666666667,2.0,,,,,,0,0,23.049999999999997,93.25,2.075,100.0,0.0,9,-0.9164086366943458,-0.4002439388573056,2026-2027,0
2026-09-08,0.2,0.0,23.3,1.1999999999999993,93.0,3.5,100.0,0.1,1.1968359612453945,100.0,4.2,4.366666666666666,0.0,,,,,,0,3,23.799999999999997,94.75,4.025,100.0,1.05,9,-0.9231578729647039,-0.38442104726885545,2026-2027,0
2026-09-09,20.4,17.5,24.2,0.4333333333333371,98.0,1.6,100.0,3.1999999999999997,0.33690540094379173,100.0,9.9,1.9666666666666668,0.0,,,,,,0,3,24.450000000000003,98.75,2.025,100.0,2.7,9,-0.9296339319682695,-0.3684843993077793,2026-2027,0
2026-09-10,0.0,0.0,17.5,1.3499999999999979,97.0,5.35,90.5,0.0,0.48197356268446967,85.66666666666667,0.0,2.6666666666666665,13.0,,,,,,0,0,18.65,91.0,3.4999999999999996,87.0,0.0,9,-0.9358348973349941,-0.35243871088460327,2026-2027,0
2026-09-11,0.0,0.0,20.8,0.6000000000000014,99.0,2.55,100.0,1.7999999999999998,0.16248351597674215,99.66666666666667,0.5,3.3000000000000003,0.0,,,,,,0,2,20.525000000000002,98.5,3.5,99.75,0.475,9,-0.9417589340994617,-0.33628873017668287,2026-2027,0
2026-09-12,0.0,0.0,21.5,1.0666666666666664,92.5,2.4,46.5,0.0,1.2675651039732827,16.666666666666668,0.0,1.8,13.0,,,,,,0,0,22.450000000000003,88.75,1.975,31.0,0.0,9,-0.9474042892438845,-0.32003923622313857,2026-2027,0
2026-09-13,0.0,0.0,23.3,0.13333333333333286,88.0,10.05,46.5,0.0,2.1065426605757516,47.333333333333336,0.0,11.6,24.0,,,,,,0,0,24.825000000000003,83.75,11.0,45.75,0.0,9,-0.9527692922168511,-0.30369503751065885,2026-2027,0
2026-09-14,0.1,0.0,24.0,1.0166666666666657,85.5,13.3,78.5,0.0,2.583615416380521,69.33333333333333,0.0,13.533333333333333,12.0,,,,,,0,0,24.799999999999997,83.25,13.174999999999999,74.75,0.0,9,-0.9578523554276669,-0.28726097055059635,2026-2027,0
2026-09-15,1.9000000000000001,0.0,21.1,1.4999999999999964,98.0,0.5,100.0,0.0,0.3298921260152632,99.33333333333333,0.30000000000000004,1.2666666666666666,2.0,,,,,,0,2,21.95,97.5,1.1,99.5,0.07500000000000001,9,-0.9626519747161487,-0.2707418984477642,2026-2027,0
2026-09-16,1.5,0.6000000000000001,20.9,0.5500000000000043,99.0,2.75,100.0,0.0,0.1632248242030343,99.0,0.0,3.6,5.0,,,,,,0,0,20.95,97.5,3.3,99.25,0.0,9,-0.9671667297977312,-0.2541427094613622,2026-2027,0
2026-09-17,0.30000000000000004,0.0,19.6,1.6666666666666679,99.0,1.5,84.0,0.0,0.16192864135666696,85.66666666666667,0.0,1.866666666666667,7.0,,,,,,0,0,20.375,97.0,1.825,82.5,0.0,9,-0.97139528468375,-0.23746831555846842,2026-2027,0
